1,405028001,ABANO TERME,PD,,A001,35031
2,401001501,ABBADIA ALPINA,TO,,A003,10064
4,403098001,ABBADIA CERRETO,LO,,A004,26834
5,403097001,ABBADIA LARIANA,LC,,A005,23821
6,403013663,ABBADIA LARIANA,CO,,A005,23821
7,409052001,ABBADIA SAN SALVATORE,SI,,A006,53021
8,403013501,ABBADIA SOPRA ADDA,CO,,,
9,420092512,ABBASANTA,CA,,A007,09071
10,420095001,ABBASANTA,OR,,A007,09071
11,413068001,ABBATEGGIO,PE,,A008,65020
12,450500501,ABBAZIA,FU,,,
13,403015002,ABBIATEGRASSO,MI,,A010,20081
14,403012501,ABBIATEGUAZZONE,VA,,,
15,409047001,ABETONE,PT,,A012,51021
16,409047023,ABETONE CUTIGLIANO,PT,,,
17,417076001,ABRIOLA,PZ,,A013,85010
18,419088001,ACATE,RG,,A014,97011
19,416071001,ACCADIA,FG,,A015,71021
20,401004001,ACCEGLIO,CN,,A016,12021
21,417077001,ACCETTURA,MT,,A017,75011
22,413066001,ACCIANO,AQ,,A018,67020
23,412057001,ACCUMOLI,RI,,A019,02011
24,417076002,ACERENZA,PZ,,A020,85011
25,404021501,ACERETO,BZ,,,
26,415065001,ACERNO,SA,,A023,84042
27,415063001,ACERRA,NA,,A024,80011
28,419087001,ACI BONACCORSI,CT,,A025,95020
29,419087002,ACI CASTELLO,CT,,A026,95021
30,419087003,ACI CATENA,CT,,A027,95022
31,419087005,ACI SANT'ANTONIO,CT,,A029,95025
32,419087004,ACIREALE,CT,,A028,95024
33,403014501,ACQUA,SO,,,
34,411043001,ACQUACANINA,MC,,A031,62035
35,412060001,ACQUAFONDATA,FR,,A032,03040
36,418078001,ACQUAFORMOSA,CS,,A033,87010
37,403017001,ACQUAFREDDA,BS,,A034,25010
38,411141001,ACQUALAGNA,PU,,A035,61041
39,411041001,ACQUALAGNA,PS,,A035,61041
40,403017501,ACQUALUNGA,BS,,,
41,403019501,ACQUALUNGA BADONA,CR,,,
42,403019001,ACQUANEGRA CREMONESE,CR,,A039,26020
43,403020001,ACQUANEGRA SUL CHIESE,MN,,A038,46011
44,412056001,ACQUAPENDENTE,VT,,A040,01021
45,418078002,ACQUAPPESA,CS,,A041,87020
46,416075001,ACQUARICA DEL CAPO,LE,,A042,73040
47,418079506,ACQUARO,CZ,,A043,89832
48,418102001,ACQUARO,VV,,A043,89832
49,411044001,ACQUASANTA TERME,AP,,A044,63095
50,410055001,ACQUASPARTA,TR,,A045,05021
51,403013502,ACQUATE,CO,,,
52,414070001,ACQUAVIVA COLLECROCE,CB,,A050,86030
53,416072001,ACQUAVIVA DELLE FONTI,BA,,A048,70021
54,414070503,ACQUAVIVA D'ISERNIA,CB,,A051,86080
55,414094001,ACQUAVIVA D'ISERNIA,IS,,A051,86080
56,411044002,ACQUAVIVA PICENA,AP,,A047,63075
57,419085001,ACQUAVIVA PLATANI,CL,,A049,93010
58,419083107,ACQUEDOLCI,ME,,M211,98070
59,401006001,ACQUI TERME,AL,,A052,15011
60,418078003,ACRI,CS,,A053,87041
61,412060002,ACUTO,FR,,A054,03010
62,416072002,ADELFIA,BA,,A055,70010
63,419087006,ADRANO,CT,,A056,95031
64,403016001,ADRARA SAN MARTINO,BG,,A057,24060
65,403016002,ADRARA SAN ROCCO,BG,,A058,24060
66,405029001,ADRIA,RO,,A059,45011
67,403017002,ADRO,BS,,A060,25030
68,405023001,AFFI,VR,,A061,37010
69,412058001,AFFILE,RM,,A062,00021
70,403015501,AFFORI,MI,,,
71,415063002,AFRAGOLA,NA,,A064,80021
72,418080001,AFRICO,RC,,A065,89030
73,401003501,AGARO,NO,,,
74,408033001,AGAZZANO,PC,,A067,29010
75,415063003,AGEROLA,NA,,A068,80051
76,420090001,AGGIUS,SS,,A069,07020
77,419086001,AGIRA,EN,,A070,94011
78,409047002,AGLIANA,PT,,A071,51031
79,401005001,AGLIANO TERME,AT,,A072,14041
80,403015502,AGLIATE,MI,,,
81,401001001,AGLIE',TO,,,
82,420090062,AGLIENTU,SS,,H848,07020
83,405028002,AGNA,PD,,A075,35021
84,403019002,AGNADELLO,CR,,A076,26020
85,418080002,AGNANA CALABRA,RC,,A077,89040
86,401003502,AGNELLENGO,NO,,,
87,401002501,AGNONA,VC,,,
88,414094002,AGNONE,IS,,A080,86081
89,414070504,AGNONE,CB,,A080,86081
90,403017003,AGNOSINE,BS,,A082,25071
91,405025001,AGORDO,BL,,A083,32021
92,412058002,AGOSTA,RM,,A084,00020
93,403012001,AGRA,VA,,A085,21010
94,401003503,AGRANO,NO,,,
95,403015003,AGRATE BRIANZA,MI,,A087,20864
96,403108001,AGRATE BRIANZA,MB,,A087,20864
97,401003001,AGRATE CONTURBIA,NO,,A088,28010
98,419084001,AGRIGENTO,AG,,A089,92100
99,404022501,AGRONE,TN,,,
100,415065002,AGROPOLI,SA,,A091,84043
101,411042001,AGUGLIANO,AN,,A092,60020
102,405024001,AGUGLIARO,VI,,A093,36020
103,406031501,AIBA,GO,,,
104,403108002,AICURZIO,MB,,A096,20886
105,403015004,AICURZIO,MI,,A096,20886
106,420092513,AIDOMAGGIORE,CA,,A097,09070
107,420095002,AIDOMAGGIORE,OR,,A097,09070
108,419086002,AIDONE,EN,,A098,94010
109,406031502,AIDUSSINA,GO,,,
110,413066002,AIELLI,AQ,,A100,67041
111,418078004,AIELLO CALABRO,CS,,A102,87031
112,406030001,AIELLO DEL FRIULI,UD,,A103,33041
113,415064001,AIELLO DEL SABATO,AV,,A101,83020
114,418078501,AIELLO IN CALABRIA,CS,,,
115,418078005,AIETA,CS,,A105,87020
116,415061001,AILANO,CE,,A106,81010
117,401096001,AILOCHE,BI,,A107,13861
118,401002528,AILOCHE,VC,,A107,13861
119,401001002,AIRASCA,TO,,A109,10060
120,415062001,AIROLA,BN,,A110,82011
121,407008001,AIROLE,IM,,A111,18030
122,403013664,AIRUNO,CO,,A112,23881
123,403097002,AIRUNO,LC,,A112,23881
124,401004002,AISONE,CN,,A113,12010
125,403013503,AIZURRO,CO,,,
126,404022001,ALA,TN,,A116,38061
127,420090002,ALA' DEI SARDI,SS,,,
128,401001003,ALA DI STURA,TO,,A117,10070
129,403018001,ALAGNA,PV,,A118,27020
130,401002002,ALAGNA VALSESIA,VC,,A119,13021
131,413068002,ALANNO,PE,,A120,65020
132,405025002,ALANO DI PIAVE,BL,,A121,32031
133,407009001,ALASSIO,SV,,A122,17021
134,412060003,ALATRI,FR,,A123,03011
135,401004003,ALBA,CN,,A124,12051
136,413067001,ALBA ADRIATICA,TE,,A125,64011
137,420092514,ALBAGIARA,CA,,A126,09090
138,420095003,ALBAGIARA,OR,,A126,09090
139,403015005,ALBAIRATE,MI,,A127,20080
140,415065003,ALBANELLA,SA,,A128,84044
141,417076003,ALBANO DI LUCANIA,PZ,,A131,85010
142,412058003,ALBANO LAZIALE,RM,,A132,00041
143,403016003,ALBANO SANT'ALESSANDRO,BG,,A129,24061
144,401002003,ALBANO VERCELLESE,VC,,A130,13030
145,415061501,ALBANOVA,CE,,,
146,403018002,ALBAREDO ARNABOLDI,PV,,A134,27040
147,405023002,ALBAREDO D'ADIGE,VR,,A137,37041
148,403014001,ALBAREDO PER SAN MARCO,SO,,A135,23010
149,408034001,ALBARETO,PR,,A138,43051
150,401004004,ALBARETTO DELLA TORRE,CN,,A139,12050
151,401004501,ALBARETTO VALLE DI MACRA,CN,,,
152,406032501,ALBARO VESCOVA,TS,,,
153,403013504,ALBATE,CO,,,
154,403013003,ALBAVILLA,CO,,A143,22031
155,403016501,ALBEGNO,BG,,,
156,407009002,ALBENGA,SV,,A145,17031
157,406032502,ALBER DI SESANA,TS,,,
158,401006002,ALBERA LIGURE,AL,,A146,15060
159,416072003,ALBEROBELLO,BA,,A149,70011
160,416071002,ALBERONA,FG,,A150,71031
161,404021502,ALBES,BZ,,,
162,403013505,ALBESE,CO,,,
163,403013004,ALBESE CON CASSANO,CO,,A153,22032
164,405024002,ALBETTONE,VI,,A154,36020
165,418079002,ALBI,CZ,,A155,88055
166,404022002,ALBIANO,TN,,A158,38041
167,401001004,ALBIANO D'IVREA,TO,,A157,10010
168,409045501,ALBIANO MAGRA,MS,,,
169,403015006,ALBIATE,MI,,A159,20847
170,403108003,ALBIATE,MB,,A159,20847
171,418078006,ALBIDONA,CS,,A160,87070
172,405028003,ALBIGNASEGO,PD,,A161,35020
173,408035001,ALBINEA,RE,,A162,42020
174,403016004,ALBINO,BG,,A163,24021
175,403013005,ALBIOLO,CO,,A164,22070
176,407009004,ALBISOLA SUPERIORE,SV,,A166,17011
177,407009003,ALBISSOLA MARINA,SV,,A165,17012
178,403012002,ALBIZZATE,VA,,A167,21041
179,403013506,ALBOGASIO,CO,,,
180,401003504,ALBOGNO,NO,,,
181,450501501,ALBONA,PL,,,
182,403018003,ALBONESE,PV,,A171,27020
183,403014002,ALBOSAGGIA,SO,,A172,23010
184,401005002,ALBUGNANO,AT,,A173,14022
185,403012502,ALBUSCIAGO,VA,,,
186,403018004,ALBUZZANO,PV,,A175,27010
187,419081001,ALCAMO,TP,,A176,91011
188,419083001,ALCARA LI FUSI,ME,,A177,98070
189,404022003,ALDENO,TN,,A178,38060
190,404021001,ALDINO,BZ,,A179,39040
191,420092515,ALES,CA,,A180,09091
192,420095004,ALES,OR,,A180,09091
193,401006003,ALESSANDRIA,AL,,A182,1512x
194,418078007,ALESSANDRIA DEL CARRETTO,CS,,A183,87070
195,419084002,ALESSANDRIA DELLA ROCCA,AG,,A181,92010
196,416075002,ALESSANO,LE,,A184,73031
197,416075003,ALEZIO,LE,,A185,73011
198,415065004,ALFANO,SA,,A186,84040
199,413066003,ALFEDENA,AQ,,A187,67030
200,403017004,ALFIANELLO,BS,,A188,25020
201,403019503,ALFIANO ED UNITI,CR,,,
202,401006004,ALFIANO NATTA,AL,,A189,15021
203,408039001,ALFONSINE,RA,,A191,48011
204,420090003,ALGHERO,SS,,A192,07041
205,403016248,ALGUA,BG,,A193,24010
206,419083002,ALI',ME,,,
207,419083003,ALI' TERME,ME,,,
208,419082001,ALIA,PA,,A195,90021
209,417077002,ALIANO,MT,,A196,75010
210,401006005,ALICE BEL COLLE,AL,,A197,15010
211,401002004,ALICE CASTELLO,VC,,A198,13040
212,401001005,ALICE SUPERIORE,TO,,A199,10010
213,415061002,ALIFE,CE,,A200,81011
214,419082002,ALIMENA,PA,,A202,90020
215,419082003,ALIMINUSA,PA,,A203,90020
216,420092516,ALLAI,CA,,A204,09080
217,420095005,ALLAI,OR,,A204,09080
218,405025003,ALLEGHE,BL,,A206,32022
219,402007001,ALLEIN,AO,,A205,11010
220,410055002,ALLERONA,TR,,A207,05011
221,416075004,ALLISTE,LE,,A208,73040
222,404021503,ALLIZ,BZ,,,
223,412058004,ALLUMIERE,RM,,A210,00051
224,401006006,ALLUVIONI CAMBIO',AL,,,
225,401006192,ALLUVIONI PIOVERA,AL,,,
226,401004502,ALMA,CN,,,
227,404022502,ALMAZZAGO,TN,,,
228,403016005,ALME',BG,,,
229,403016589,ALME' CON VILLA,BG,,,
230,403016006,ALMENNO SAN BARTOLOMEO,BG,,A216,24030
231,403016007,ALMENNO SAN SALVATORE,BG,,A217,24031
232,401001006,ALMESE,TO,,A218,10040
233,403017502,ALONE,BS,,,
234,405024003,ALONTE,VI,,A220,36045
235,405025072,ALPAGO,BL,,,
236,401001007,ALPETTE,TO,,A221,10080
237,401001008,ALPIGNANO,TO,,A222,10091
238,408033002,ALSENO,PC,,A223,29010
239,403013006,ALSERIO,CO,,A224,22040
240,408033049,ALTA VAL TIDONE,PC,,,
241,403013253,ALTA VALLE INTELVI,CO,,,
242,416072004,ALTAMURA,BA,,A225,70022
243,407009005,ALTARE,SV,,A226,17041
244,404022235,ALTAVALLE,TN,,,
245,415064002,ALTAVILLA IRPINA,AV,,A228,83011
246,419082004,ALTAVILLA MILICIA,PA,,A229,90010
247,401006007,ALTAVILLA MONFERRATO,AL,,A227,15041
248,415065005,ALTAVILLA SILENTINA,SA,,A230,84045
249,405024004,ALTAVILLA VICENTINA,VI,,A231,36077
250,411044501,ALTETA,AP,,,
251,411109001,ALTIDONA,FM,,A233,63824
252,411044003,ALTIDONA,AP,,A233,63824
253,418078008,ALTILIA,CS,,A234,87040
254,413069001,ALTINO,CH,,A235,66040
255,405024005,ALTISSIMO,VI,,A236,36070
256,405026001,ALTIVOLE,TV,,A237,31030
257,401004005,ALTO,CN,,A238,12070
258,408037062,ALTO RENO TERME,BO,,,
259,401002170,ALTO SERMENZA,VC,,,
260,419082005,ALTOFONTE,PA,,A239,90030
261,418078009,ALTOMONTE,CS,,A240,87042
262,409046001,ALTOPASCIO,LU,,A241,55011
263,404022236,ALTOPIANO DELLA VIGOLANA,TN,,,
264,410055003,ALVIANO,TR,,A242,05020
265,415061003,ALVIGNANO,CE,,A243,81012
266,412060004,ALVITO,FR,,A244,03041
267,403016008,ALZANO LOMBARDO,BG,,A246,24022
268,403016502,ALZANO MAGGIORE,BG,,,
269,401006008,ALZANO SCRIVIA,AL,,A245,15050
270,403016503,ALZANO SOPRA,BG,,,
271,403013007,ALZATE BRIANZA,CO,,A249,22040
272,401003505,ALZATE CON LINDUNO,NO,,,
273,415065006,AMALFI,SA,,A251,84011
274,411044004,AMANDOLA,AP,,A252,63857
275,411109002,AMANDOLA,FM,,A252,63857
276,418078010,AMANTEA,CS,,A253,87032
277,406030002,AMARO,UD,,A254,33020
278,418079003,AMARONI,CZ,,A255,88050
279,412060005,AMASENO,FR,,A256,03021
280,418079004,AMATO,CZ,,A257,88040
281,412057002,AMATRICE,RI,,A258,02012
282,403016009,AMBIVERE,BG,,A259,24030
283,404022004,AMBLAR,TN,,A260,38011
284,404022237,AMBLAR-DON,TN,,,
285,407011001,AMEGLIA,SP,,A261,19031
286,410055004,AMELIA,TR,,A262,05022
287,418078011,AMENDOLARA,CS,,A263,87071
288,401003002,AMENO,NO,,A264,28010
289,415062002,AMOROSI,BN,,A265,82031
290,406030003,AMPEZZO,UD,,A267,33021
291,415063004,ANACAPRI,NA,,A268,80071
292,412060006,ANAGNI,FR,,A269,03012
293,413067002,ANCARANO,TE,,A270,64010
294,411042002,ANCONA,AN,,A271,60100
295,418079005,ANDALI,CZ,,A272,88050
296,404022005,ANDALO,TN,,A274,38010
297,403014003,ANDALO VALTELLINO,SO,,A273,23014
298,401001009,ANDEZENO,TO,,A275,10020
299,404022503,ANDOGNO,TN,,,
300,401004503,ANDONNO,CN,,,
301,407009006,ANDORA,SV,,A278,17051
302,401002502,ANDORNO CACCIORNA,VC,,,
303,401002529,ANDORNO MICCA,VC,,A280,13811
304,401096002,ANDORNO MICCA,BI,,A280,13811
305,416075005,ANDRANO,LE,,A281,73032
306,401001010,ANDRATE,TO,,A282,10010
307,406093001,ANDREIS,PN,,A283,33080
308,406030522,ANDREIS,UD,,A283,33080
309,415064003,ANDRETTA,AV,,A284,83040
310,416072005,ANDRIA,BA,,A285,76123
311,416110001,ANDRIA,BT,,A285,76123
312,404021002,ANDRIANO,BZ,,A286,39010
313,420090004,ANELA,SS,,A287,07010
314,403017005,ANFO,BS,,A288,25070
315,403017503,ANFURRO,BS,,,
316,403012003,ANGERA,VA,,A290,21021
317,409051001,ANGHIARI,AR,,A291,52031
318,405023003,ANGIARI,VR,,A292,37050
319,403017006,ANGOLO TERME,BS,,A293,25040
320,415065007,ANGRI,SA,,A294,84012
321,401001011,ANGROGNA,TO,,A295,10060
322,412058005,ANGUILLARA SABAZIA,RM,,A297,00061
323,405028004,ANGUILLARA VENETA,PD,,A296,35022
324,406031503,ANICOVA CORADA,GO,,,
325,403019003,ANNICCO,CR,,A299,26021
326,403097003,ANNONE DI BRIANZA,LC,,A301,23841
327,403013665,ANNONE DI BRIANZA,CO,,A301,23841
328,405027001,ANNONE VENETO,VE,,A302,30020
329,418080003,ANOIA,RC,,A303,89020
330,403016010,ANTEGNATE,BG,,A304,24051
331,404021003,ANTERIVO,BZ,,A306,39040
332,404021504,ANTERSELVA,BZ,,,
333,402007002,ANTEY-SAINT-ANDRE',AO,,,
334,412058006,ANTICOLI CORRADO,RM,,A309,00022
335,450501502,ANTIGNANA,PL,,,
336,401005003,ANTIGNANO,AT,,A312,14010
337,419083004,ANTILLO,ME,,A313,98030
338,418080004,ANTONIMINA,RC,,A314,89040
339,412057003,ANTRODOCO,RI,,A315,02013
340,401003613,ANTRONA SCHIERANCO,NO,,A317,28841
341,401103001,ANTRONA SCHIERANCO,VB,,A317,28841
342,401003506,ANTRONAPIANA,NO,,,
343,413066004,ANVERSA DEGLI ABRUZZI,AQ,,A318,67030
344,403013009,ANZANO DEL PARCO,CO,,A319,22040
345,416071003,ANZANO DI PUGLIA,FG,,A320,71020
346,417076004,ANZI,PZ,,A321,85010
347,401003507,ANZINO,NO,,,
348,412058007,ANZIO,RM,,A323,00042
349,408037001,ANZOLA DELL'EMILIA,BO,,A324,40011
350,401003614,ANZOLA D'OSSOLA,NO,,A325,28877
351,401103002,ANZOLA D'OSSOLA,VB,,A325,28877
352,402007003,AOSTA,AO,,A326,11100
353,411141002,APECCHIO,PU,,A327,61042
354,411041002,APECCHIO,PS,,A327,61042
355,415062003,APICE,BN,,A328,82021
356,411043002,APIRO,MC,,A329,62021
357,415062004,APOLLOSA,BN,,A330,82030
358,407010501,APPARIZIONE,GE,,,
359,403013010,APPIANO GENTILE,CO,,A333,22070
360,404021004,APPIANO SULLA STRADA DEL VINO,BZ,,A332,39057
361,411043003,APPIGNANO,MC,,A334,62010
362,411044005,APPIGNANO DEL TRONTO,AP,,A335,63083
363,450500502,APRIANO,FU,,,
364,403014004,APRICA,SO,,A337,23031
365,407008002,APRICALE,IM,,A338,18035
366,416071004,APRICENA,FG,,A339,71011
367,418078012,APRIGLIANO,CS,,A340,87051
368,412059001,APRILIA,LT,,A341,04011
369,409045502,APUANIA,MS,,,
370,415065008,AQUARA,SA,,A343,84020
371,407008003,AQUILA D'ARROSCIA,IM,,A344,18020
372,406030004,AQUILEIA,UD,,A346,33051
373,415064004,AQUILONIA,AV,,A347,83041
374,412060007,AQUINO,FR,,A348,03031
375,401003508,ARA,NO,,,
376,416075006,ARADEO,LE,,A350,73040
377,419084003,ARAGONA,AG,,A351,92021
378,401005004,ARAMENGO,AT,,A352,14020
379,401002503,ARANCO,VC,,,
380,406093002,ARBA,PN,,A354,33090
381,406030523,ARBA,UD,,A354,33090
382,403012503,ARBIZZO,VA,,,
383,420092517,ARBOREA,CA,,A357,09092
384,420095006,ARBOREA,OR,,A357,09092
385,401002006,ARBORIO,VC,,A358,13031
386,420092001,ARBUS,CA,,A359,09031
387,405026002,ARCADE,TV,,A360,31030
388,403015503,ARCAGNA,MI,,,
389,403015504,ARCAGNANO,MI,,,
390,412060008,ARCE,FR,,A363,03032
391,403013507,ARCELLASCO,CO,,,
392,403016011,ARCENE,BG,,A365,24040
393,411042003,ARCEVIA,AN,,A366,60011
394,413069002,ARCHI,CH,,A367,66044
395,409053001,ARCIDOSSO,GR,,A369,58031
396,412058008,ARCINAZZO ROMANO,RM,,A370,00020
397,403012004,ARCISATE,VA,,A371,21051
398,404022006,ARCO,TN,,A372,38062
399,407011002,ARCOLA,SP,,A373,19021
400,405023004,ARCOLE,VR,,A374,37040
401,403015007,ARCONATE,MI,,A375,20020
402,403015008,ARCORE,MI,,A376,20862
403,403108004,ARCORE,MB,,A376,20862
404,405024006,ARCUGNANO,VI,,A377,36057
405,403012504,ARCUMEGGIA,VA,,,
406,420090005,ARDARA,SS,,A379,07010
407,420092518,ARDAULI,CA,,A380,09081
408,420095007,ARDAULI,OR,,A380,09081
409,412058117,ARDEA,RM,,M213,00040
410,403012505,ARDENA,VA,,,
411,403014005,ARDENNO,SO,,A382,23011
412,403016012,ARDESIO,BG,,A383,24020
413,403019504,ARDOLE SAN MARINO,CR,,,
414,418080005,ARDORE,RC,,A385,89031
415,418102002,ARENA,VV,,A386,89832
416,418079507,ARENA,CZ,,A386,89832
417,403018005,ARENA PO,PV,,A387,27040
418,407010001,ARENZANO,GE,,A388,16011
419,403015009,ARESE,MI,,A389,20020
420,409051002,AREZZO,AR,,A390,52100
421,403013011,ARGEGNO,CO,,A391,22010
422,408037002,ARGELATO,BO,,A392,40050
423,408038001,ARGENTA,FE,,A393,44011
424,401004006,ARGENTERA,CN,,A394,12010
425,403018501,ARGINE PO,PV,,,
426,401004007,ARGUELLO,CN,,A396,12050
427,418079007,ARGUSTO,CZ,,A397,88060
428,413069003,ARI,CH,,A398,66010
429,415064005,ARIANO IRPINO,AV,,A399,83031
430,405029002,ARIANO NEL POLESINE,RO,,A400,45012
431,412058009,ARICCIA,RM,,A401,00040
432,413069004,ARIELLI,CH,,A402,66030
433,415061004,ARIENZO,CE,,A403,81021
434,415061502,ARIENZO SANFELICE,CE,,,
435,401001012,ARIGNANO,TO,,A405,10020
436,413066501,ARISCHIA,AQ,,,
437,420091001,ARITZO,NU,,A407,08031
438,420092501,ARIXI,CA,,,
439,401003615,ARIZZANO,NO,,A409,28811
440,401103003,ARIZZANO,VB,,A409,28811
441,401003509,ARIZZANO INFERIORE,NO,,,
442,401003510,ARIZZANO SUPERIORE,NO,,,
443,412056002,ARLENA DI CASTRO,VT,,A412,01010
444,403015010,ARLUNO,MI,,A413,20010
445,401003006,ARMENO,NO,,A414,28011
446,417076005,ARMENTO,PZ,,A415,85010
447,403012506,ARMIO,VA,,,
448,403017504,ARMO,BS,,A418,18026
449,407008004,ARMO,IM,,A418,18026
450,420092002,ARMUNGIA,CA,,A419,09040
451,402007004,ARNAD,AO,,A424,11020
452,404022504,ARNAGO,TN,,,
453,412060009,ARNARA,FR,,A421,03020
454,407009007,ARNASCO,SV,,A422,17032
455,403012507,ARNATE,VA,,,
456,416075007,ARNESANO,LE,,A425,73010
457,401103004,AROLA,VB,,A427,28899
458,401003616,AROLA,NO,,A427,28899
459,403012508,AROLO,VA,,,
460,401003008,ARONA,NO,,A429,28041
461,403013012,AROSIO,CO,,A430,22060
462,415062005,ARPAIA,BN,,A431,82011
463,415062006,ARPAISE,BN,,A432,82010
464,412060010,ARPINO,FR,,A433,03033
465,405028005,ARQUA' PETRARCA,PD,,,
466,405029003,ARQUA' POLESINE,RO,,,
467,411044006,ARQUATA DEL TRONTO,AP,,A437,63096
468,401006009,ARQUATA SCRIVIA,AL,,A436,15061
469,405028006,ARRE,PD,,A438,35020
470,410055005,ARRONE,TR,,A439,05031
471,403012005,ARSAGO SEPRIO,VA,,A441,21010
472,450501503,ARSIA,PL,,,
473,405025004,ARSIE',BL,,,
474,405024007,ARSIERO,VI,,A444,36011
475,413067003,ARSITA,TE,,A445,64031
476,412058010,ARSOLI,RM,,A446,00023
477,406030005,ARTA TERME,UD,,A447,33022
478,406030006,ARTEGNA,UD,,A448,33011
479,412058011,ARTENA,RM,,A449,00031
480,401003511,ARTO,NO,,,
481,403017007,ARTOGNE,BS,,A451,25040
482,402007005,ARVIER,AO,,A452,11011
483,420090006,ARZACHENA,SS,,A453,07021
484,403016013,ARZAGO D'ADDA,BG,,A440,24040
485,420091002,ARZANA,NU,,A454,08040
486,415063005,ARZANO,NA,,A455,80022
487,406093003,ARZENE,PN,,A456,33098
488,406030524,ARZENE,UD,,A456,33098
489,407008501,ARZENO D'ONEGLIA,IM,,,
490,405028007,ARZERGRANDE,PD,,A458,35020
491,405024008,ARZIGNANO,VI,,A459,36071
492,415065009,ASCEA,SA,,A460,84046
493,409052002,ASCIANO,SI,,A461,53041
494,411044007,ASCOLI PICENO,AP,,A462,63100
495,416071005,ASCOLI SATRIANO,FG,,A463,71022
496,412057004,ASCREA,RI,,A464,02020
497,405024009,ASIAGO,VI,,A465,36012
498,405024010,ASIGLIANO VENETO,VI,,A467,36020
499,401002007,ASIGLIANO VERCELLESE,VC,,A466,13032
500,403013508,ASNAGO,CO,,,
501,403020002,ASOLA,MN,,A470,46041
502,405026003,ASOLO,TV,,A471,31011
503,403015011,ASSAGO,MI,,A473,20090
504,420092003,ASSEMINI,CA,,A474,09032
505,410054001,ASSISI,PG,,A475,06081
506,403013013,ASSO,CO,,A476,22033
507,420092519,ASSOLO,CA,,A477,09080
508,420095008,ASSOLO,OR,,A477,09080
509,419086003,ASSORO,EN,,A478,94010
510,401005005,ASTI,AT,,A479,14100
511,420092520,ASUNI,CA,,A480,09080
512,420095009,ASUNI,OR,,A480,09080
513,413066005,ATELETA,AQ,,A481,67030
514,417076006,ATELLA,PZ,,A482,85020
515,415063515,ATELLA DI NAPOLI,NA,,,
516,415061503,ATELLA DI NAPOLI,CE,,,
517,415065010,ATENA LUCANA,SA,,A484,84030
518,413069005,ATESSA,CH,,A485,66041
519,412060011,ATINA,FR,,A486,03042
520,415065011,ATRANI,SA,,A487,84010
521,413067004,ATRI,TE,,A488,64032
522,415064006,ATRIPALDA,AV,,A489,83042
523,410055006,ATTIGLIANO,TR,,A490,05012
524,406030007,ATTIMIS,UD,,A491,33040
525,420091003,ATZARA,NU,,A492,08030
526,411041003,AUDITORE,PS,,A493,61020
527,411141003,AUDITORE,PU,,A493,61020
528,419089001,AUGUSTA,SR,,A494,96011
529,415065012,AULETTA,SA,,A495,84031
530,409045001,AULLA,MS,,A496,54011
531,401003617,AURANO,NO,,A497,28812
532,401103005,AURANO,VB,,A497,28812
533,406032503,AUREMO DI SOPRA,TS,,,
534,407008005,AURIGO,IM,,A499,18020
535,406032504,AURISINA,TS,,,
536,405025005,AURONZO DI CADORE,BL,,A501,32041
537,412060012,AUSONIA,FR,,A502,03040
538,420091004,AUSTIS,NU,,A503,08030
539,401003512,AUZATE,NO,,,
540,406031504,AUZZA,GO,,,
541,407010002,AVEGNO,GE,,A506,16030
542,404021005,AVELENGO,BZ,,A507,39010
543,415064007,AVELLA,AV,,A508,83021
544,415064008,AVELLINO,AV,,A509,83100
545,403017505,AVENONE,BS,,,
546,403016014,AVERARA,BG,,A511,24010
547,415061005,AVERSA,CE,,A512,81031
548,405023501,AVESA,VR,,,
549,416073001,AVETRANA,TA,,A514,74020
550,413066006,AVEZZANO,AQ,,A515,67051
551,406030525,AVIANO,UD,,A516,33081
552,406093004,AVIANO,PN,,A516,33081
553,403016015,AVIATICO,BG,,A517,24020
554,401001013,AVIGLIANA,TO,,A518,10051
555,417076007,AVIGLIANO,PZ,,A519,85021
556,410055033,AVIGLIANO UMBRO,TR,,M258,05020
557,404022007,AVIO,TN,,A520,38063
558,402007006,AVISE,AO,,A521,11010
559,419089002,AVOLA,SR,,A522,96012
560,401006010,AVOLASCA,AL,,A523,15050
561,401001502,AVUGLIONE E VERNONE,TO,,,
562,402007007,AYAS,AO,,A094,11020
563,402007008,AYMAVILLES,AO,,A108,11010
564,401001014,AZEGLIO,TO,,A525,10010
565,403019004,AZZANELLO,CR,,A526,26010
566,401005006,AZZANO D'ASTI,AT,,A527,14030
567,406093005,AZZANO DECIMO,PN,,A530,33082
568,406030526,AZZANO DECIMO,UD,,A530,33082
569,403017008,AZZANO MELLA,BS,,A529,25020
570,403016016,AZZANO SAN PAOLO,BG,,A528,24052
571,403012006,AZZATE,VA,,A531,21022
572,403012007,AZZIO,VA,,A532,21030
573,403016017,AZZONE,BG,,A533,24020
574,401103006,BACENO,VB,,A534,28861
575,401003618,BACENO,NO,,A534,28861
576,415063006,BACOLI,NA,,A535,80070
577,407008006,BADALUCCO,IM,,A536,18010
578,420090081,BADESI,SS,,M214,07030
579,404021006,BADIA,BZ,,A537,39036
580,405023005,BADIA CALAVENA,VR,,A540,37030
581,403018006,BADIA PAVESE,PV,,A538,27010
582,405029004,BADIA POLESINE,RO,,A539,45021
583,409051003,BADIA TEDALDA,AR,,A541,52032
584,418079008,BADOLATO,CZ,,A542,88060
585,403013509,BAGAGGERA,CO,,,
586,418080006,BAGALADI,RC,,A544,89060
587,403015505,BAGGIO,MI,,,
588,419082006,BAGHERIA,PA,,A546,90011
589,408039002,BAGNACAVALLO,RA,,A547,48012
590,412056501,BAGNAIA,VT,,,
591,418080007,BAGNARA CALABRA,RC,,A552,89011
592,415062501,BAGNARA DI BENEVENTO,BN,,,
593,408039003,BAGNARA DI ROMAGNA,RA,,A551,48010
594,403018007,BAGNARIA,PV,,A550,27050
595,406030008,BAGNARIA ARSA,UD,,A553,33050
596,403019505,BAGNAROLO,CR,,,
597,401004008,BAGNASCO,CN,,A555,12071
598,401005501,BAGNASCO D'ASTI,AT,,,
599,403016018,BAGNATICA,BG,,A557,24060
600,409046002,BAGNI DI LUCCA,LU,,A560,55022
601,413066502,BAGNO,AQ,,,
602,409048001,BAGNO A RIPOLI,FI,,A564,50012
603,408140001,BAGNO DI ROMAGNA,FC,,A565,47021
604,408040001,BAGNO DI ROMAGNA,FO,,A565,47021
605,414094003,BAGNOLI DEL TRIGNO,IS,,A567,86091
606,414070505,BAGNOLI DEL TRIGNO,CB,,A567,86091
607,405028008,BAGNOLI DI SOPRA,PD,,A568,35023
608,415064009,BAGNOLI IRPINO,AV,,A566,83043
609,403019005,BAGNOLO CREMASCO,CR,,A570,26010
610,416075008,BAGNOLO DEL SALENTO,LE,,A572,73020
611,405029005,BAGNOLO DI PO,RO,,A574,45022
612,408035002,BAGNOLO IN PIANO,RE,,A573,42011
613,403017009,BAGNOLO MELLA,BS,,A569,25021
614,401004009,BAGNOLO PIEMONTE,CN,,A571,12031
615,403020003,BAGNOLO SAN VITO,MN,,A575,46031
616,409045002,BAGNONE,MS,,A576,54021
617,412056003,BAGNOREGIO,VT,,A577,01022
618,403017010,BAGOLINO,BS,,A578,25072
619,415061006,BAIA E LATINA,CE,,A579,81010
620,415064010,BAIANO,AV,,A580,83022
621,403013510,BAIEDO,CO,,,
622,401001503,BAIO DORA,TO,,,
623,401001015,BAIRO,TO,,A584,10010
624,401001504,BAIRO TORRE,TO,,,
625,408035003,BAISO,RE,,A586,42031
626,407008007,BAJARDO,IM,,A581,18031
627,401001016,BALANGERO,TO,,A587,10070
628,404022652,BALBIDO,TN,,,
629,401005007,BALDICHIERI D'ASTI,AT,,A588,14011
630,401001017,BALDISSERO CANAVESE,TO,,A590,10080
631,401004010,BALDISSERO D'ALBA,CN,,A589,12040
632,401001018,BALDISSERO TORINESE,TO,,A591,10020
633,419082007,BALESTRATE,PA,,A592,90041
634,407009008,BALESTRINO,SV,,A593,17020
635,403013666,BALLABIO,CO,,A594,23811
636,403097004,BALLABIO,LC,,A594,23811
637,403013511,BALLABIO INFERIORE,CO,,,
638,403013512,BALLABIO SUPERIORE,CO,,,
639,420092004,BALLAO,CA,,A597,09040
640,403012509,BALLARATE,VA,,,
641,404022653,BALLINO,TN,,,
642,401001019,BALME,TO,,A599,10070
643,401002008,BALMUCCIA,VC,,A600,13020
644,401002009,BALOCCO,VC,,A601,13040
645,403015506,BALSAMO,MI,,,
646,413066007,BALSORANO,AQ,,A603,67052
647,417076008,BALVANO,PZ,,A604,85050
648,401006011,BALZOLA,AL,,A605,15031
649,420090007,BANARI,SS,,A606,07040
650,401001020,BANCHETTE,TO,,A607,10010
651,404022506,BANCO,TN,,,
652,401003619,BANNIO ANZINO,NO,,A610,28871
653,401103007,BANNIO ANZINO,VB,,A610,28871
654,420090501,BANTINE,SS,,,
655,417076009,BANZI,PZ,,A612,85010
656,405028009,BAONE,PD,,A613,35030
657,420092521,BARADILI,CA,,A614,09090
658,420095010,BARADILI,OR,,A614,09090
659,417076010,BARAGIANO,PZ,,A615,85050
660,414070002,BARANELLO,CB,,A616,86011
661,415063007,BARANO D'ISCHIA,NA,,A617,80070
662,403015250,BARANZATE,MI,,A618,20021
663,403012008,BARASSO,VA,,A619,21020
664,403015508,BARATE,MI,,,
665,420092522,BARATILI SAN PIETRO,CA,,A621,09070
666,420095011,BARATILI SAN PIETRO,OR,,A621,09070
667,401001505,BARATONIA,TO,,,
668,403015509,BARBAIANA,MI,,,
669,450501504,BARBANA D'ISTRIA,PL,,,
670,401001021,BARBANIA,TO,,A625,10070
671,411042004,BARBARA,AN,,A626,60010
672,405024124,BARBARANO MOSSANO,VI,,,
673,412056004,BARBARANO ROMANO,VT,,A628,01010
674,405024011,BARBARANO VICENTINO,VI,,A627,36021
675,401004011,BARBARESCO,CN,,A629,12050
676,403017011,BARBARIGA,BS,,A630,25030
677,403016019,BARBATA,BG,,A631,24040
678,409048002,BARBERINO DI MUGELLO,FI,,A632,50031
679,409048054,BARBERINO TAVARNELLE,FI,,,
680,409048003,BARBERINO VAL D'ELSA,FI,,A633,50021
681,403018008,BARBIANELLO,PV,,A634,27041
682,404021007,BARBIANO,BZ,,A635,39040
683,403019506,BARBISELLE,CR,,,
684,405028010,BARBONA,PD,,A637,35040
685,419083005,BARCELLONA POZZO DI GOTTO,ME,,A638,98051
686,404022654,BARCESINO,TN,,,
687,411041004,BARCHI,PS,,A639,61040
688,411141004,BARCHI,PU,,A639,61040
689,406093006,BARCIS,PN,,A640,33080
690,406030527,BARCIS,UD,,A640,33080
691,403017506,BARCO,BS,,,
692,403013513,BARCONE,CO,,,
693,402007009,BARD,AO,,A643,11020
694,401001506,BARDASSANO,TO,,,
695,403012009,BARDELLO,VA,,A645,21020
696,403012144,BARDELLO CON MALGESSO E BREGANO,VA,,,
697,408034002,BARDI,PR,,A646,43032
698,407009009,BARDINETO,SV,,A647,17057
699,407009501,BARDINO NUOVO,SV,,,
700,407009502,BARDINO VECCHIO,SV,,,
701,405023006,BARDOLINO,VR,,A650,37011
702,401001022,BARDONECCHIA,TO,,A651,10052
703,403015012,BAREGGIO,MI,,A652,20010
704,401003012,BARENGO,NO,,A653,28010
705,403016504,BARESI,BG,,,
706,420092523,BARESSA,CA,,A655,09090
707,420095012,BARESSA,OR,,A655,09090
708,413066008,BARETE,AQ,,A656,67010
709,409046003,BARGA,LU,,A657,55051
710,407010003,BARGAGLI,GE,,A658,16021
711,403015510,BARGANO,MI,,,
712,401004012,BARGE,CN,,A660,12032
713,403017012,BARGHE,BS,,A661,25070
714,416072006,BARI,BA,,A662,70100
715,420091005,BARI SARDO,NU,,A663,08042
716,403016020,BARIANO,BG,,A664,24050
717,408037003,BARICELLA,BO,,A665,40052
718,417076011,BARILE,PZ,,A666,85022
719,413066009,BARISCIANO,AQ,,A667,67021
720,403108005,BARLASSINA,MB,,A668,20825
721,403015013,BARLASSINA,MI,,A668,20825
722,416110002,BARLETTA,BT,,A669,76121
723,416072007,BARLETTA,BA,,A669,76121
724,403013015,BARNI,CO,,A670,22030
725,401004013,BAROLO,CN,,A671,12060
726,403018502,BARONA,PV,,,
727,401001023,BARONE CANAVESE,TO,,A673,10010
728,415065013,BARONISSI,SA,,A674,84081
729,415063501,BARRA,NA,,,
730,419086004,BARRAFRANCA,EN,,A676,94012
731,420092005,BARRALI,CA,,A677,09040
732,413066010,BARREA,AQ,,A678,67030
733,403013514,BARTESATE,CO,,,
734,420092006,BARUMINI,CA,,A681,09021
735,403012510,BARZA,VA,,,
736,403013667,BARZAGO,CO,,A683,23890
737,403097005,BARZAGO,LC,,A683,23890
738,403016021,BARZANA,BG,,A684,24030
739,403019507,BARZANIGA,CR,,,
740,403097006,BARZANO',LC,,,
741,403013668,BARZANO',CO,,,
742,403013669,BARZIO,CO,,A687,23816
743,403097007,BARZIO,LC,,A687,23816
744,403016505,BARZIZZA,BG,,,
745,403012511,BARZOLA,VA,,,
746,401006012,BASALUZZO,AL,,A689,15060
747,403018009,BASCAPE',PV,,,
748,410055007,BASCHI,TR,,A691,05023
749,413067005,BASCIANO,TE,,A692,64030
750,404022009,BASELGA DI PINE',TN,,,
751,404022507,BASELGA DI VEZZANO,TN,,,
752,403018503,BASELICA BOLOGNA,PV,,,
753,415062007,BASELICE,BN,,A696,82020
754,403015014,BASIANO,MI,,A697,20060
755,419083006,BASICO',ME,,,
756,403015015,BASIGLIO,MI,,A699,20080
757,406030009,BASILIANO,UD,,A700,33031
758,403017013,BASSANO BRESCIANO,BS,,A702,25020
759,405024012,BASSANO DEL GRAPPA,VI,,A703,36061
760,412056006,BASSANO IN TEVERINA,VT,,A706,01030
761,412056005,BASSANO ROMANO,VT,,A704,01030
762,412059002,BASSIANO,LT,,A707,04010
763,401006013,BASSIGNANA,AL,,A708,15042
764,401004014,BASTIA MONDOVI',CN,,,
765,410054002,BASTIA UMBRA,PG,,A710,06083
766,403018010,BASTIDA DE' DOSSI,PV,,A711,27050
767,403018011,BASTIDA PANCARANA,PV,,A712,27050
768,408036001,BASTIGLIA,MO,,A713,41030
769,406031505,BATTAGLIA DELLA BAINSIZZA,GO,,,
770,405028011,BATTAGLIA TERME,PD,,A714,35041
771,401004015,BATTIFOLLO,CN,,A716,12070
772,415065014,BATTIPAGLIA,SA,,A717,84091
773,403018012,BATTUDA,PV,,A718,27020
774,419082008,BAUCINA,PA,,A719,90020
775,420092524,BAULADU,CA,,A721,09070
776,420095013,BAULADU,OR,,A721,09070
777,420091006,BAUNEI,NU,,A722,08040
778,419083501,BAUSO,ME,,,
779,407010502,BAVARI,GE,,,
780,401003620,BAVENO,NO,,A725,28831
781,401103008,BAVENO,VB,,A725,28831
782,408037004,BAZZANO,BO,,A726,40053
783,401001507,BEAULARD,TO,,,
784,403012010,BEDERO VALCUVIA,VA,,A728,21039
785,403017014,BEDIZZOLE,BS,,A729,25081
786,404022011,BEDOLLO,TN,,A730,38043
787,408034003,BEDONIA,PR,,A731,43041
788,403016022,BEDULITA,BG,,A732,24030
789,401103009,BEE,VB,,A733,28813
790,401003621,BEE,NO,,A733,28813
791,401001024,BEINASCO,TO,,A734,10092
792,401004016,BEINETTE,CN,,A735,12081
793,403017507,BEL PRATO,BS,,,
794,418079009,BELCASTRO,CZ,,A736,88050
795,405023007,BELFIORE,VR,,A737,37050
796,411041005,BELFORTE ALL'ISAURO,PS,,A740,61026
797,411141005,BELFORTE ALL'ISAURO,PU,,A740,61026
798,411043004,BELFORTE DEL CHIENTI,MC,,A739,62020
799,401006014,BELFORTE MONFERRATO,AL,,A738,15070
800,403018013,BELGIOIOSO,PV,,A741,27011
801,401003622,BELGIRATE,NO,,A742,28832
802,401103010,BELGIRATE,VB,,A742,28832
803,417076012,BELLA,PZ,,A743,85051
804,403013019,BELLAGIO,CO,,A744,22021
805,403013250,BELLAGIO,CO,,A744,22021
806,403013670,BELLANO,CO,,A745,23822
807,403097008,BELLANO,LC,,A745,23822
808,413067006,BELLANTE,TE,,A746,64020
809,408040506,BELLARIA-IGEA MARINA,FO,,A747,47814
810,408099001,BELLARIA-IGEA MARINA,RN,,A747,47814
811,403013515,BELLEDO,CO,,,
812,412058012,BELLEGRA,RM,,A749,00030
813,401004017,BELLINO,CN,,A750,12020
814,403015016,BELLINZAGO LOMBARDO,MI,,A751,20060
815,401003016,BELLINZAGO NOVARESE,NO,,A752,28043
816,415065158,BELLIZZI,SA,,M294,84092
817,415064501,BELLIZZI IRPINO,AV,,,
818,405029501,BELLOMBRA,RO,,,
819,415061007,BELLONA,CE,,A755,81041
820,415065015,BELLOSGUARDO,SA,,A756,84020
821,405025006,BELLUNO,BL,,A757,32100
822,405023502,BELLUNO VERONESE,VR,,,
823,403108006,BELLUSCO,MB,,A759,20882
824,403015017,BELLUSCO,MI,,A759,20882
825,418078013,BELMONTE CALABRO,CS,,A762,87033
826,412060013,BELMONTE CASTELLO,FR,,A763,03040
827,414094004,BELMONTE DEL SANNIO,IS,,A761,86080
828,414070506,BELMONTE DEL SANNIO,CB,,A761,86080
829,412057005,BELMONTE IN SABINA,RI,,A765,02020
830,419082009,BELMONTE MEZZAGNO,PA,,A764,90031
831,411044008,BELMONTE PICENO,AP,,A760,63838
832,411109003,BELMONTE PICENO,FM,,A760,63838
833,419087007,BELPASSO,CT,,A766,95032
834,418078014,BELSITO,CS,,A768,87030
835,403018504,BELVEDERE AL PO,PV,,,
836,418079508,BELVEDERE DI SPINELLO,CZ,,A772,88824
837,418101001,BELVEDERE DI SPINELLO,KR,,A772,88824
838,401004018,BELVEDERE LANGHE,CN,,A774,12060
839,418078015,BELVEDERE MARITTIMO,CS,,A773,87021
840,411042005,BELVEDERE OSTRENSE,AN,,A769,60030
841,401005008,BELVEGLIO,AT,,A770,14040
842,420091007,BELVI,NU,,,
843,403014006,BEMA,SO,,A777,23010
844,403013021,BENE LARIO,CO,,A778,22010
845,401004019,BENE VAGIENNA,CN,,A779,12041
846,418080008,BENESTARE,RC,,A780,89030
847,420090008,BENETUTTI,SS,,A781,07010
848,401004020,BENEVELLO,CN,,A782,12050
849,415062008,BENEVENTO,BN,,A783,82100
850,401002530,BENNA,VC,,A784,13871
851,401096003,BENNA,BI,,A784,13871
852,408037005,BENTIVOGLIO,BO,,A785,40010
853,403016023,BERBENNO,BG,,A786,24030
854,403014007,BERBENNO DI VALTELLINA,SO,,A787,23010
855,408034004,BERCETO,PR,,A788,43042
856,420090009,BERCHIDDA,SS,,A789,07022
857,450500503,BERDO SAN GIOVANNI,FU,,,
858,403013022,BEREGAZZO CON FIGLIARO,CO,,A791,22070
859,403018014,BEREGUARDO,PV,,A792,27021
860,401006015,BERGAMASCO,AL,,A793,15022
861,403016024,BERGAMO,BG,,A794,24100
862,405029006,BERGANTINO,RO,,A795,45032
863,407009010,BERGEGGI,SV,,A796,17028
864,406031506,BERGOGNA,GO,,,
865,401004021,BERGOLO,CN,,A798,12074
866,403017015,BERLINGO,BS,,A799,25030
867,403013516,BERNAGA,CO,,,
868,417077003,BERNALDA,MT,,A801,75012
869,403015018,BERNAREGGIO,MI,,A802,20881
870,403108007,BERNAREGGIO,MB,,A802,20881
871,403013517,BERNATE ROSALES,CO,,,
872,403015019,BERNATE TICINO,MI,,A804,20010
873,401004022,BERNEZZO,CN,,A805,12010
874,408038002,BERRA,FE,,A806,44033
875,401004504,BERSEZIO,CN,,,
876,404022012,BERSONE,TN,,A808,38085
877,408040003,BERTINORO,FO,,A809,47032
878,408140003,BERTINORO,FC,,A809,47032
879,406030010,BERTIOLO,UD,,A810,33032
880,403098002,BERTONICO,LO,,A811,26821
881,403015700,BERTONICO,MI,,A811,26821
882,401005009,BERZANO DI SAN PIETRO,AT,,A812,14020
883,401006016,BERZANO DI TORTONA,AL,,A813,15050
884,403017016,BERZO DEMO,BS,,A816,25040
885,403017017,BERZO INFERIORE,BS,,A817,25040
886,403016025,BERZO SAN FERMO,BG,,A815,24060
887,403108008,BESANA IN BRIANZA,MB,,A818,20842
888,403015021,BESANA IN BRIANZA,MI,,A818,20842
889,403012011,BESANO,VA,,A819,21050
890,403015022,BESATE,MI,,A820,20080
891,404022013,BESENELLO,TN,,A821,38060
892,404022508,BESENO,TN,,,
893,408033003,BESENZONE,PC,,A823,29010
894,450500504,BESERZIO DEL CARNARO,FU,,,
895,403012012,BESNATE,VA,,A825,21010
896,403012013,BESOZZO,VA,,A826,21023
897,420090010,BESSUDE,SS,,A827,07040
898,407008502,BESTAGNO,IM,,,
899,403015511,BESTAZZO,MI,,,
900,403019508,BETTENESCO,CR,,,
901,408033004,BETTOLA,PC,,A831,29021
902,410054003,BETTONA,PG,,A832,06084
903,401003513,BEURA,NO,,,
904,401003623,BEURA-CARDEZZA,NO,,A834,28851
905,401103011,BEURA-CARDEZZA,VB,,A834,28851
906,410054004,BEVAGNA,PG,,A835,06031
907,407011003,BEVERINO,SP,,A836,19020
908,405023008,BEVILACQUA,VR,,A837,37040
909,405023503,BEVILACQUA BOSCHI,VR,,,
910,404022014,BEZZECCA,TN,,,
911,404022509,BIACESA,TN,,,
912,419087008,BIANCAVILLA,CT,,A841,95033
913,418078016,BIANCHI,CS,,A842,87050
914,418080009,BIANCO,RC,,A843,89032
915,401003018,BIANDRATE,NO,,A844,28061
916,403012014,BIANDRONNO,VA,,A845,21024
917,403016026,BIANZANO,BG,,A846,24060
918,401002011,BIANZE',VC,,,
919,403014008,BIANZONE,SO,,A848,23030
920,403015023,BIASSONO,MI,,A849,20853
921,403108009,BIASSONO,MB,,A849,20853
922,408035004,BIBBIANO,RE,,A850,42021
923,409051004,BIBBIENA,AR,,A851,52011
924,409049001,BIBBONA,LI,,A852,57020
925,401001025,BIBIANA,TO,,A853,10060
926,416071006,BICCARI,FG,,A854,71032
927,406030011,BICINICCO,UD,,A855,33050
928,420092525,BIDONI',CA,,,
929,420095014,BIDONI',OR,,,
930,403012512,BIEGNO,VA,,,
931,401096004,BIELLA,BI,,A859,13900
932,401002531,BIELLA,VC,,A859,13900
933,403015512,BIENATE,MI,,,
934,403017018,BIENNO,BS,,A861,25040
935,404022015,BIENO,TN,,A863,38050
936,401003514,BIENO,NO,,A863,38050
937,409050001,BIENTINA,PI,,A864,56031
938,407009503,BIESTRO,SV,,,
939,403020004,BIGARELLO,MN,,A866,46030
940,406031507,BIGLIA,GO,,,
941,406031508,BIGLIANA,GO,,,
942,403013518,BIGLIO,CO,,,
943,403013023,BINAGO,CO,,A870,22070
944,403019509,BINANUOVA,CR,,,
945,403015024,BINASCO,MI,,A872,20082
946,403013519,BINDO,CO,,,
947,416072008,BINETTO,BA,,A874,70020
948,403015513,BINZAGO,MI,,,
949,401096005,BIOGLIO,BI,,A876,13841
950,401002532,BIOGLIO,VC,,A876,13841
951,402007010,BIONAZ,AO,,A877,11010
952,403017019,BIONE,BS,,A878,25070
953,403015514,BIRAGO,MI,,,
954,420091008,BIRORI,NU,,A880,08010
955,415064011,BISACCIA,AV,,A881,83044
956,419082010,BISACQUINO,PA,,A882,90032
957,416110003,BISCEGLIE,BT,,A883,76011
958,416072009,BISCEGLIE,BA,,A883,76011
959,413066011,BISEGNA,AQ,,A884,67050
960,413067007,BISENTI,TE,,A885,64033
961,403015515,BISENTRATE,MI,,,
962,418078017,BISIGNANO,CS,,A887,87043
963,401006501,BISIO,AL,,,
964,401006017,BISTAGNO,AL,,A889,15012
965,450500505,BISTERZA,FU,,,
966,403012015,BISUSCHIO,VA,,A891,21050
967,416072010,BITETTO,BA,,A892,70020
968,416072011,BITONTO,BA,,A893,70032
969,416072012,BITRITTO,BA,,A894,70020
970,420091009,BITTI,NU,,A895,08021
971,419084004,BIVONA,AG,,A896,92010
972,418080010,BIVONGI,RC,,A897,89040
973,403013024,BIZZARONE,CO,,A898,22020
974,403012513,BIZZOZERO,VA,,,
975,404022510,BLEGGIO,TN,,,
976,404022016,BLEGGIO INFERIORE,TN,,,
977,404022017,BLEGGIO SUPERIORE,TN,,A902,38071
978,403016027,BLELLO,BG,,A903,24010
979,412056007,BLERA,VT,,A857,01010
980,403013025,BLESSAGNO,CO,,A904,22028
981,403013026,BLEVIO,CO,,A905,22020
982,419082082,BLUFI,PA,,M268,90020
983,405028012,BOARA PISANI,PD,,A906,35040
984,405029502,BOARA POLESINE,RO,,,
985,403012514,BOBBIATE,VA,,,
986,408033005,BOBBIO,PC,,A909,29022
987,401001026,BOBBIO PELLICE,TO,,A910,10060
988,401003019,BOCA,NO,,A911,28010
989,418078018,BOCCHIGLIERO,CS,,A912,87060
990,410054501,BOCCHIGNANO,PG,,,
991,401002014,BOCCIOLETO,VC,,A914,13022
992,408034501,BOCCOLO DEI TASSI,PR,,,
993,404022018,BOCENAGO,TN,,A916,38080
994,403012515,BODIO,VA,,,
995,403012016,BODIO LOMNAGO,VA,,A918,21020
996,403098003,BOFFALORA D'ADDA,LO,,A919,26811
997,403015701,BOFFALORA D'ADDA,MI,,A919,26811
998,403015026,BOFFALORA SOPRA TICINO,MI,,A920,20010
999,403014502,BOFFETTO,SO,,,
1000,407010004,BOGLIASCO,GE,,A922,16031
1001,407010503,BOGLIASCO PIEVE,GE,,,
1002,450501505,BOGLIUNO,PL,,,
1003,401103012,BOGNANCO,VB,,A925,28842
1004,401003624,BOGNANCO,NO,,A925,28842
1005,401003515,BOGNANCO DENTRO,NO,,,
1006,401003516,BOGNANCO FUORI,NO,,,
1007,403012516,BOGNO,VA,,,
1008,401003021,BOGOGNO,NO,,A929,28010
1009,407009011,BOISSANO,SV,,A931,17054
1010,414070003,BOJANO,CB,,A930,86021
1011,407011004,BOLANO,SP,,A932,19020
1012,404022019,BOLBENO,TN,,A933,38079
1013,403015516,BOLDINASCO,MI,,,
1014,404022511,BOLENTINA,TN,,,
1015,401003517,BOLETO,NO,,,
1016,403016028,BOLGARE,BG,,A937,24060
1017,403015517,BOLGIANO,MI,,,
1018,403015518,BOLLADELLO,MI,,,
1019,403015027,BOLLATE,MI,,A940,20021
1020,401001027,BOLLENGO,TO,,A941,10012
1021,404022512,BOLLONE,TN,,,
1022,408037006,BOLOGNA,BO,,A944,40100
1023,413068003,BOLOGNANO,PE,,A945,65020
1024,419082011,BOLOGNETTA,PA,,A946,90030
1025,411043005,BOLOGNOLA,MC,,A947,62035
1026,420091010,BOLOTANA,NU,,A948,08011
1027,412056008,BOLSENA,VT,,A949,01023
1028,403016029,BOLTIERE,BG,,A950,24040
1029,407010504,BOLZANETO,GE,,,
1030,404021008,BOLZANO,BZ,,A952,39100
1031,401003022,BOLZANO NOVARESE,NO,,A953,28010
1032,405024013,BOLZANO VICENTINO,VI,,A954,36050
1033,412056009,BOMARZO,VT,,A955,01020
1034,413069006,BOMBA,CH,,A956,66042
1035,419085002,BOMPENSIERE,CL,,A957,93010
1036,419082012,BOMPIETRO,PA,,A958,90020
1037,408036002,BOMPORTO,MO,,A959,41030
1038,420092526,BONARCADO,CA,,A960,09070
1039,420095015,BONARCADO,OR,,A960,09070
1040,407011005,BONASSOLA,SP,,A961,19011
1041,403016030,BONATE SOPRA,BG,,A963,24040
1042,403016031,BONATE SOTTO,BG,,A962,24040
1043,405023009,BONAVIGO,VR,,A964,37040
1044,408038003,BONDENO,FE,,A965,44012
1045,403016506,BONDIONE,BG,,,
1046,404022020,BONDO,TN,,A967,38081
1047,404022505,BONDO BREGUZZO,TN,,,
1048,403016507,BONDO PETELLO,BG,,,
1049,404022021,BONDONE,TN,,A968,38080
1050,404022655,BONDONE-STORO,TN,,,
1051,415062009,BONEA,BN,,A970,82013
1052,414070004,BONEFRO,CB,,A971,86041
1053,403019006,BONEMERSE,CR,,A972,26040
1054,418078019,BONIFATI,CS,,A973,87020
1055,403015519,BONIROLA,MI,,,
1056,415064012,BONITO,AV,,A975,83032
1057,420090011,BONNANARO,SS,,A976,07043
1058,420090012,BONO,SS,,A977,07011
1059,404022656,BONO,TN,,A977,07011
1060,420090013,BONORVA,SS,,A978,07012
1061,401004023,BONVICINO,CN,,A979,12060
1062,401001508,BONZO,TO,,,
1063,412057006,BORBONA,RI,,A981,02010
1064,405025007,BORCA DI CADORE,BL,,A982,32040
1065,406030012,BORDANO,UD,,A983,33010
1066,407008008,BORDIGHERA,IM,,A984,18012
1067,403016508,BORDOGNA,BG,,,
1068,403019007,BORDOLANO,CR,,A986,26020
1069,408034005,BORE,PR,,A987,43030
1070,408035005,BORETTO,RE,,A988,42022
1071,403018015,BORGARELLO,PV,,A989,27010
1072,401001028,BORGARO TORINESE,TO,,A990,10071
1073,419082013,BORGETTO,PA,,A991,90042
1074,404022513,BORGHETTO,TN,,,
1075,407008009,BORGHETTO D'ARROSCIA,IM,,A993,18020
1076,401006018,BORGHETTO DI BORBERA,AL,,A998,15060
1077,407011006,BORGHETTO DI VARA,SP,,A992,19020
1078,403098004,BORGHETTO LODIGIANO,LO,,A995,26812
1079,403015702,BORGHETTO LODIGIANO,MI,,A995,26812
1080,407008503,BORGHETTO SAN NICOLO',IM,,,
1081,407009012,BORGHETTO SANTO SPIRITO,SV,,A999,17052
1082,408040004,BORGHI,FO,,B001,47030
1083,408140004,BORGHI,FC,,B001,47030
1084,418079011,BORGIA,CZ,,B002,88021
1085,401001029,BORGIALLO,TO,,B003,10080
1086,407009504,BORGIO,SV,,,
1087,407009013,BORGIO-VEREZZI,SV,,,
1088,409046004,BORGO A MOZZANO,LU,,B007,55023
1089,404022238,BORGO CHIESE,TN,,,
1090,401002015,BORGO D'ALE,VC,,B009,13040
1091,404022252,BORGO D'ANAUNIA,TN,,,
1092,403016032,BORGO DI TERZO,BG,,B010,24060
1093,404022239,BORGO LARES,TN,,,
1094,403020072,BORGO MANTOVANO,MN,,,
1095,411041006,BORGO PACE,PS,,B026,61040
1096,411141006,BORGO PACE,PU,,B026,61040
1097,408037501,BORGO PANIGALE,BO,,,
1098,403018016,BORGO PRIOLO,PV,,B028,27040
1099,408033501,BORGO SAN BERNARDINO,PC,,,
1100,401004025,BORGO SAN DALMAZZO,CN,,B033,12011
1101,403017020,BORGO SAN GIACOMO,BS,,B035,25022
1102,403015703,BORGO SAN GIOVANNI,MI,,B017,26851
1103,403098005,BORGO SAN GIOVANNI,LO,,B017,26851
1104,409048004,BORGO SAN LORENZO,FI,,B036,50032
1105,401006020,BORGO SAN MARTINO,AL,,B037,15032
1106,403018018,BORGO SAN SIRO,PV,,B038,27020
1107,407008504,BORGO SANT'AGATA,IM,,,
1108,401003025,BORGO TICINO,NO,,B043,28040
1109,408037007,BORGO TOSSIGNANO,BO,,B044,40021
1110,408034006,BORGO VAL DI TARO,PR,,B042,43043
1111,405025074,BORGO VALBELLUNA,BL,,,
1112,404022022,BORGO VALSUGANA,TN,,B006,38051
1113,412057008,BORGO VELINO,RI,,A996,02010
1114,405028107,BORGO VENETO,PD,,,
1115,401002017,BORGO VERCELLI,VC,,B046,13012
1116,403020071,BORGO VIRGILIO,MN,,,
1117,403020073,BORGOCARBONARA,MN,,,
1118,403020005,BORGOFORTE,MN,,B011,46030
1119,401001030,BORGOFRANCO D'IVREA,TO,,B015,10013
1120,403020006,BORGOFRANCO SUL PO,MN,,B013,46020
1121,401003023,BORGOLAVEZZARO,NO,,B016,28071
1122,401004024,BORGOMALE,CN,,B018,12050
1123,401003024,BORGOMANERO,NO,,B019,28021
1124,407008010,BORGOMARO,IM,,B020,18021
1125,401001031,BORGOMASINO,TO,,B021,10031
1126,401103078,BORGOMEZZAVALLE,VB,,,
1127,403017508,BORGONATO,BS,,,
1128,401003518,BORGONE D'OSSOLA,NO,,,
1129,401001032,BORGONE SUSA,TO,,B024,10050
1130,408033006,BORGONOVO VAL TIDONE,PC,,B025,29011
1131,401006019,BORGORATTO ALESSANDRINO,AL,,B029,15013
1132,403018017,BORGORATTO MORMOROLO,PV,,B030,27040
1133,405028013,BORGORICCO,PD,,B031,35010
1134,412057007,BORGOROSE,RI,,B008,02021
1135,403017021,BORGOSATOLLO,BS,,B040,25010
1136,401002016,BORGOSESIA,VC,,B041,13011
1137,403016509,BORGOUNITO,BG,,,
1138,406031509,BORIANO,GO,,,
1139,407009014,BORMIDA,SV,,B048,17045
1140,403014009,BORMIO,SO,,B049,23032
1141,403015520,BORNAGO,MI,,,
1142,403018019,BORNASCO,PV,,B051,27010
1143,401002504,BORNATE,VC,,,
1144,403017509,BORNATO,BS,,,
1145,403017022,BORNO,BS,,B054,25042
1146,420092527,BORONEDDU,CA,,B055,09080
1147,420095016,BORONEDDU,OR,,B055,09080
1148,420091011,BORORE,NU,,B056,08016
1149,413069007,BORRELLO,CH,,B057,66040
1150,401002533,BORRIANA,VC,,B058,13872
1151,401096006,BORRIANA,BI,,B058,13872
1152,403015521,BORSANO,MI,,,
1153,405029503,BORSEA,RO,,,
1154,405026004,BORSO DEL GRAPPA,TV,,B061,31030
1155,420091012,BORTIGALI,NU,,B062,08012
1156,420090014,BORTIGIADAS,SS,,B063,07030
1157,420090015,BORUTTA,SS,,B064,07040
1158,404022514,BORZAGO,TN,,,
1159,407010505,BORZOLI,GE,,,
1160,407010005,BORZONASCA,GE,,B067,16041
1161,420091013,BOSA,NU,,B068,08013
1162,405029007,BOSARO,RO,,B069,45033
1163,405023010,BOSCHI SANT'ANNA,VR,,B070,37040
1164,405023011,BOSCO CHIESANUOVA,VR,,B073,37021
1165,401006021,BOSCO MARENGO,AL,,B071,15062
1166,403012517,BOSCO VALTRAVAGLIA,VA,,,
1167,407008505,BOSCOMARE,IM,,,
1168,401001033,BOSCONERO,TO,,B075,10080
1169,415063008,BOSCOREALE,NA,,B076,80041
1170,415063009,BOSCOTRECASE,NA,,B077,80042
1171,404022023,BOSENTINO,TN,,B078,38049
1172,401004026,BOSIA,CN,,B079,12050
1173,401006022,BOSIO,AL,,B080,15060
1174,403013671,BOSISIO PARINI,CO,,B081,23842
1175,403097009,BOSISIO PARINI,LC,,B081,23842
1176,403018020,BOSNASCO,PV,,B082,27040
1177,403016033,BOSSICO,BG,,B083,24060
1178,401004027,BOSSOLASCO,CN,,B084,12060
1179,418079012,BOTRICELLO,CZ,,B085,88070
1180,416075009,BOTRUGNO,LE,,B086,73020
1181,403019510,BOTTAIANO,CR,,,
1182,403016034,BOTTANUCO,BG,,B088,24040
1183,403018505,BOTTARONE,PV,,,
1184,403015522,BOTTEDO,MI,,,
1185,403017023,BOTTICINO,BS,,B091,25082
1186,403017510,BOTTICINO MATTINA,BS,,,
1187,403017511,BOTTICINO SERA,BS,,,
1188,420090016,BOTTIDDA,SS,,B094,07010
1189,405029504,BOTTRIGHE,RO,,,
1190,401001509,BOUSSON,TO,,,
1191,418080011,BOVA,RC,,B097,89033
1192,418080013,BOVA MARINA,RC,,B099,89035
1193,418080012,BOVALINO,RC,,B098,89034
1194,403017024,BOVEGNO,BS,,B100,25061
1195,401004028,BOVES,CN,,B101,12012
1196,403017025,BOVEZZO,BS,,B102,25073
1197,401001510,BOVILE,TO,,,
1198,412058121,BOVILLE,RM,,,
1199,412060014,BOVILLE ERNICA,FR,,A720,03022
1200,416071007,BOVINO,FG,,B104,71023
1201,403015030,BOVISIO-MASCIAGO,MI,,B105,20813
1202,403108010,BOVISIO-MASCIAGO,MB,,B105,20813
1203,405028014,BOVOLENTA,PD,,B106,35024
1204,405023012,BOVOLONE,VR,,B107,37051
1205,404022515,BOZZANA,TN,,,
1206,401006023,BOZZOLE,AL,,B109,15040
1207,403020007,BOZZOLO,MN,,B110,46012
1208,401004029,BRA,CN,,B111,12042
1209,403016035,BRACCA,BG,,B112,24010
1210,403016510,BRACCA DI COSTA SERINA,BG,,,
1211,412058013,BRACCIANO,RM,,B114,00062
1212,415065016,BRACIGLIANO,SA,,B115,84082
1213,404021009,BRAIES,BZ,,B116,39030
1214,403018021,BRALLO DI PREGOLA,PV,,B117,27050
1215,418080014,BRANCALEONE,RC,,B118,89036
1216,403019511,BRANCERE,CR,,,
1217,404022657,BRANCOLINO,TN,,,
1218,403017026,BRANDICO,BS,,B120,25030
1219,401001034,BRANDIZZO,TO,,B121,10032
1220,403018506,BRANDUZZO,PV,,,
1221,403016036,BRANZI,BG,,B123,24010
1222,403017027,BRAONE,BS,,B124,25040
1223,406031510,BRAZZANO,GO,,,
1224,403012017,BREBBIA,VA,,B126,21020
1225,403013520,BRECCIA,CO,,,
1226,405026005,BREDA DI PIAVE,TV,,B128,31030
1227,403019512,BREDA GUAZZONE,CR,,,
1228,403012018,BREGANO,VA,,B131,21020
1229,405024014,BREGANZE,VI,,B132,36042
1230,403013521,BREGLIA,CO,,,
1231,403013028,BREGNANO,CO,,B134,22070
1232,404022024,BREGUZZO,TN,,B135,38081
1233,401002019,BREIA,VC,,B136,13020
1234,403016037,BREMBATE,BG,,B137,24041
1235,403016038,BREMBATE DI SOPRA,BG,,B138,24030
1236,403016511,BREMBATE DI SOTTO,BG,,,
1237,403016039,BREMBILLA,BG,,B140,24012
1238,403015704,BREMBIO,MI,,B141,26822
1239,403098006,BREMBIO,LO,,B141,26822
1240,403018022,BREME,PV,,B142,27020
1241,405024015,BRENDOLA,VI,,B143,36040
1242,403013029,BRENNA,CO,,B144,22040
1243,404021010,BRENNERO,BZ,,B145,39041
1244,403013522,BRENNO DELLA TORRE,CO,,,
1245,403012518,BRENNO USERIA,VA,,,
1246,403017028,BRENO,BS,,B149,25043
1247,403012019,BRENTA,VA,,B150,21030
1248,405023504,BRENTINO,VR,,,
1249,405023013,BRENTINO BELLUNO,VR,,B152,37020
1250,404022025,BRENTONICO,TN,,B153,38060
1251,405023014,BRENZONE,VR,,B154,37010
1252,405023914,BRENZONE SUL GARDA,VR,,,
1253,405023505,BREONIO,VR,,,
1254,408035006,BRESCELLO,RE,,B156,42041
1255,403017029,BRESCIA,BS,,B157,25100
1256,404022026,BRESIMO,TN,,B158,38020
1257,403018023,BRESSANA BOTTARONE,PV,,B159,27042
1258,404021011,BRESSANONE,BZ,,B160,39042
1259,405024016,BRESSANVIDO,VI,,B161,36050
1260,403015032,BRESSO,MI,,B162,20091
1261,406031511,BRESTOVIZZA IN VALLE,GO,,,
1262,406031512,BRETTO,GO,,,
1263,404022027,BREZ,TN,,B165,38021
1264,403012020,BREZZO DI BEDERO,VA,,B166,21010
1265,401004030,BRIAGLIA,CN,,B167,12080
1266,403013523,BRIANZOLA,CO,,,
1267,418102003,BRIATICO,VV,,B169,89817
1268,418079509,BRIATICO,CZ,,B169,89817
1269,403015523,BRIAVACCA,MI,,,
1270,401001035,BRICHERASIO,TO,,B171,10060
1271,403013030,BRIENNO,CO,,B172,22010
1272,417076013,BRIENZA,PZ,,B173,85050
1273,401004031,BRIGA ALTA,CN,,B175,18025
1274,401004505,BRIGA MARITTIMA,CN,,,
1275,401003026,BRIGA NOVARESE,NO,,B176,28010
1276,401006502,BRIGNANO DEL CURONE,AL,,,
1277,403016040,BRIGNANO GERA D'ADDA,BG,,B178,24053
1278,401006024,BRIGNANO-FRASCATA,AL,,B179,15050
1279,416074001,BRINDISI,BR,,B180,72100
1280,417076014,BRINDISI DI MONTAGNA,PZ,,,
1281,403012021,BRINZIO,VA,,B182,21030
1282,401003027,BRIONA,NO,,B183,28072
1283,403017030,BRIONE,BS,,B184,25060
1284,404022028,BRIONE,TN,,B184,25060
1285,450501506,BRIONI MAGGIORE,PL,,,
1286,403108011,BRIOSCO,MB,,B187,20836
1287,403015033,BRIOSCO,MI,,B187,20836
1288,408039004,BRISIGHELLA,RA,,B188,48013
1289,401003519,BRISINO,NO,,,
1290,403012519,BRISSAGO,VA,,,
1291,403012022,BRISSAGO-VALTRAVAGLIA,VA,,B191,21030
1292,402007011,BRISSOGNE,AO,,B192,11020
1293,413068004,BRITTOLI,PE,,B193,65010
1294,403013672,BRIVIO,CO,,B194,23883
1295,403097010,BRIVIO,LC,,B194,23883
1296,412060015,BROCCOSTELLA,FR,,B195,03030
1297,405024017,BROGLIANO,VI,,B196,36070
1298,418079510,BROGNATURO,CZ,,B197,89822
1299,418102004,BROGNATURO,VV,,B197,89822
1300,419083007,BROLO,ME,,B198,98061
1301,403019513,BROLPASINO,CR,,,
1302,401004032,BRONDELLO,CN,,B200,12030
1303,403018024,BRONI,PV,,B201,27043
1304,419087009,BRONTE,CT,,B202,95034
1305,404021012,BRONZOLO,BZ,,B203,39051
1306,401004033,BROSSASCO,CN,,B204,12020
1307,401001036,BROSSO,TO,,B205,10080
1308,401003520,BROVELLO,NO,,,
1309,401003625,BROVELLO-CARPUGNINO,NO,,B207,28833
1310,401103013,BROVELLO-CARPUGNINO,VB,,B207,28833
1311,407009505,BROVIDA,SV,,,
1312,401001037,BROZOLO,TO,,B209,10020
1313,409048501,BROZZI,FI,,,
1314,403017512,BROZZO,BS,,,
1315,403108012,BRUGHERIO,MB,,B212,20861
1316,403015034,BRUGHERIO,MI,,B212,20861
1317,405028015,BRUGINE,PD,,B213,35020
1318,407011007,BRUGNATO,SP,,B214,19020
1319,406030528,BRUGNERA,UD,,B215,33070
1320,406093007,BRUGNERA,PN,,B215,33070
1321,401001038,BRUINO,TO,,B216,10090
1322,403016041,BRUMANO,BG,,B217,24037
1323,403013032,BRUNATE,CO,,B218,22034
1324,403012023,BRUNELLO,VA,,B219,21020
1325,404021013,BRUNICO,BZ,,B220,39031
1326,401005010,BRUNO,AT,,B221,14046
1327,403016513,BRUNTINO,BG,,,
1328,403016042,BRUSAPORTO,BG,,B223,24060
1329,401006503,BRUSASCHETTO,AL,,,
1330,401001039,BRUSASCO,TO,,B225,10020
1331,401001511,BRUSASCO CAVAGNOLO,TO,,,
1332,415063010,BRUSCIANO,NA,,B227,80031
1333,403012024,BRUSIMPIANO,VA,,B228,21050
1334,404022658,BRUSINO,TN,,,
1335,401096007,BRUSNENGO,BI,,B229,13862
1336,401002534,BRUSNENGO,VC,,B229,13862
1337,402007012,BRUSSON,AO,,B230,11022
1338,403015524,BRUSUGLIO,MI,,,
1339,401001040,BRUZOLO,TO,,B232,10050
1340,403015525,BRUZZANO DEI DUE BORGHI,MI,,,
1341,418080015,BRUZZANO ZEFFIRIO,RC,,B234,89030
1342,403015035,BUBBIANO,MI,,B235,20080
1343,401005011,BUBBIO,AT,,B236,14051
1344,419089003,BUCCHERI,SR,,B237,96010
1345,413069008,BUCCHIANICO,CH,,B238,66011
1346,415062010,BUCCIANO,BN,,B239,82010
1347,403015036,BUCCINASCO,MI,,B240,20090
1348,403013524,BUCCINIGO,CO,,,
1349,415065017,BUCCINO,SA,,B242,84021
1350,409051005,BUCINE,AR,,B243,52021
1351,406032505,BUCUIE,TS,,,
1352,406031513,BUDAGNE,GO,,,
1353,420090017,BUDDUSO',SS,,,
1354,406030529,BUDOIA,UD,,B247,33070
1355,406093008,BUDOIA,PN,,B247,33070
1356,420091014,BUDONI,NU,,B248,08020
1357,408037008,BUDRIO,BO,,B249,40054
1358,420092007,BUGGERRU,CA,,B250,09010
1359,409047003,BUGGIANO,PT,,B251,51011
1360,403013525,BUGGIOLO,CO,,,
1361,403013526,BUGIALLO,CO,,,
1362,403014010,BUGLIO IN MONTE,SO,,B255,23010
1363,413066012,BUGNARA,AQ,,B256,67030
1364,401003522,BUGNATE,NO,,,
1365,403012025,BUGUGGIATE,VA,,B258,21020
1366,450501507,BUIE D'ISTRIA,PL,,,
1367,406030013,BUJA,UD,,B259,33030
1368,403013673,BULCIAGO,CO,,B261,23892
1369,403097011,BULCIAGO,LC,,B261,23892
1370,403013034,BULGAROGRASSO,CO,,B262,22070
1371,403013527,BULGORELLO,CO,,,
1372,420090018,BULTEI,SS,,B264,07010
1373,420090019,BULZI,SS,,B265,07030
1374,415065018,BUONABITACOLO,SA,,B266,84032
1375,415062011,BUONALBERGO,BN,,B267,82020
1376,409052003,BUONCONVENTO,SI,,B269,53022
1377,418078020,BUONVICINO,CS,,B270,87020
1378,403015037,BURAGO DI MOLGORA,MI,,B272,20875
1379,403108013,BURAGO DI MOLGORA,MB,,B272,20875
1380,403017513,BURAGO RIVIERA,BS,,,
1381,405027501,BURANO,VE,,,
1382,420092008,BURCEI,CA,,B274,09040
1383,419084005,BURGIO,AG,,B275,92010
1384,420090020,BURGOS,SS,,B276,07010
1385,404021505,BURGUSIO,BZ,,,
1386,401001041,BURIASCO,TO,,B278,10060
1387,401001042,BUROLO,TO,,B279,10010
1388,401002021,BURONZO,VC,,B280,13040
1389,420092528,BUSACHI,CA,,B281,09082
1390,420095017,BUSACHI,OR,,B281,09082
1391,407010006,BUSALLA,GE,,B282,16012
1392,408035007,BUSANA,RE,,B283,42032
1393,401001043,BUSANO,TO,,B284,10080
1394,401004034,BUSCA,CN,,B285,12022
1395,403015038,BUSCATE,MI,,B286,20010
1396,419089004,BUSCEMI,SR,,B287,96010
1397,419081002,BUSETO PALIZZOLO,TP,,B288,91012
1398,403015039,BUSNAGO,MI,,B289,20874
1399,403108051,BUSNAGO,MB,,B289,20874
1400,405029505,BUSO SARZANO,RO,,,
1401,407008506,BUSSANA,IM,,,
1402,403015040,BUSSERO,MI,,B292,20060
1403,408034007,BUSSETO,PR,,B293,43011
1404,413068005,BUSSI SUL TIRINO,PE,,B294,65022
1405,414070005,BUSSO,CB,,B295,86010
1406,405023015,BUSSOLENGO,VR,,B296,37012
1407,401001044,BUSSOLENO,TO,,B297,10053
1408,401001512,BUSSOLINO GASSINESE,TO,,,
1409,403015526,BUSTIGHERA,MI,,,
1410,403012026,BUSTO ARSIZIO,VA,,B300,21052
1411,403015041,BUSTO GAROLFO,MI,,B301,20020
1412,419085003,BUTERA,CL,,B302,93011
1413,409050002,BUTI,PI,,B303,56032
1414,405023016,BUTTAPIETRA,VR,,B304,37060
1415,401001045,BUTTIGLIERA ALTA,TO,,B305,10090
1416,401005012,BUTTIGLIERA D'ASTI,AT,,B306,14021
1417,403018507,BUTTIRAGO,PV,,,
1418,401003523,BUTTOGNO,NO,,,
1419,406030014,BUTTRIO,UD,,B309,33042
1420,403019008,CA' D'ANDREA,CR,,B320,26030
1421,403019514,CA' DE' BONAVOGLI,CR,,,
1422,403019515,CA' DE' CAGGI,CR,,,
1423,403019516,CA' DE' CORTI,CR,,,
1424,403015529,CA' DE' MAZZI,MI,,,
1425,403019517,CA' DE' QUINZANI,CR,,,
1426,403019518,CA' DE' SFONDRATI,CR,,,
1427,403019519,CA' DE' SORESINI,CR,,,
1428,403019520,CA' DE' STAOLI,CR,,,
1429,403019521,CA' DE' STEFANI,CR,,,
1430,403018509,CA' DE' TEDIOLI,PV,,,
1431,403015530,CA' DE' ZECCHI,MI,,,
1432,403015527,CA' DEI BOLLI,MI,,,
1433,403018508,CA' DELLA TERRA,PV,,,
1434,403015528,CA' DELL'ACQUA,MI,,,
1435,405023506,CA' DI DAVID,VR,,,
1436,405029506,CA' EMO,RO,,,
1437,406031518,CA' SANTO SPIRITO DELLA BAINSIZZA,GO,,,
1438,401006025,CABELLA LIGURE,AL,,B311,15060
1439,403013035,CABIATE,CO,,B313,22060
1440,420092529,CABRAS,CA,,B314,09072
1441,420095018,CABRAS,OR,,B314,09072
1442,419082014,CACCAMO,PA,,B315,90012
1443,418101002,CACCURI,KR,,B319,88833
1444,418079511,CACCURI,CZ,,B319,88833
1445,401003524,CADDO,NO,,,
1446,403012520,CADEGLIANO,VA,,,
1447,403012027,CADEGLIANO-VICONAGO,VA,,B326,21031
1448,408035008,CADELBOSCO DI SOPRA,RE,,B328,42023
1449,408033007,CADEO,PC,,B332,29010
1450,403012521,CADERO CON GRAGLIO,VA,,,
1451,404022029,CADERZONE,TN,,,
1452,404022929,CADERZONE TERME,TN,,B335,38080
1453,403017515,CADIGNANO,BS,,,
1454,404022516,CADINE,TN,,,
1455,405028016,CADONEGHE,PD,,B345,35010
1456,403013036,CADORAGO,CO,,B346,22071
1457,403012028,CADREZZATE,VA,,B347,21020
1458,403012143,CADREZZATE CON OSMATE,VA,,,
1459,405026006,CAERANO DI SAN MARCO,TV,,B349,31031
1460,401001046,CAFASSE,TO,,B350,10070
1461,415065019,CAGGIANO,SA,,B351,84030
1462,411041007,CAGLI,PS,,B352,61043
1463,411141007,CAGLI,PU,,B352,61043
1464,403013528,CAGLIANO,CO,,,
1465,420092009,CAGLIARI,CA,,B354,09100
1466,403013037,CAGLIO,CO,,B355,22030
1467,407009506,CAGNA,SV,,,
1468,413066013,CAGNANO AMITERNO,AQ,,B358,67012
1469,416071008,CAGNANO VARANO,FG,,B357,71010
1470,403013038,CAGNO,CO,,B359,22070
1471,404022030,CAGNO',TN,,,
1472,415061008,CAIANELLO,CE,,B361,81059
1473,415061009,CAIAZZO,CE,,B362,81013
1474,403012522,CAIDATE,VA,,,
1475,404021014,CAINES,BZ,,B364,39010
1476,403017031,CAINO,BS,,B365,25070
1477,403014011,CAIOLO,SO,,B366,23010
1478,415064013,CAIRANO,AV,,B367,83040
1479,403012029,CAIRATE,VA,,B368,21050
1480,403018510,CAIRO LOMELLINO,PV,,,
1481,407009015,CAIRO MONTENOTTE,SV,,B369,17014
1482,415063011,CAIVANO,NA,,B371,80023
1483,403015531,CAJELLO,MI,,,
1484,403017516,CAJONVICO,BS,,,
1485,406031514,CAL DI CANALE,GO,,,
1486,415064014,CALABRITTO,AV,,B374,83040
1487,405025008,CALALZO DI CADORE,BL,,B375,32042
1488,401005013,CALAMANDRANA,AT,,B376,14042
1489,419084006,CALAMONACI,AG,,B377,92010
1490,420090021,CALANGIANUS,SS,,B378,07023
1491,418080016,CALANNA,RC,,B379,89050
1492,401003626,CALASCA-CASTIGLIONE,NO,,B380,28873
1493,401103014,CALASCA-CASTIGLIONE,VB,,B380,28873
1494,419086005,CALASCIBETTA,EN,,B381,94010
1495,413066014,CALASCIO,AQ,,B382,67020
1496,420092010,CALASETTA,CA,,B383,09011
1497,419087010,CALATABIANO,CT,,B384,95011
1498,419081003,CALATAFIMI,TP,,,
1499,419081903,CALATAFIMI SEGESTA,TP,,B385,91013
1500,404022031,CALAVINO,TN,,B386,38072
1501,412056010,CALCATA,VT,,B388,01030
1502,404022032,CALCERANICA AL LAGO,TN,,B389,38050
1503,409050003,CALCI,PI,,B390,56011
1504,417077004,CALCIANO,MT,,B391,75010
1505,409050004,CALCINAIA,PI,,B392,56012
1506,403016043,CALCINATE,BG,,B393,24050
1507,403017032,CALCINATO,BS,,B394,25011
1508,403016044,CALCIO,BG,,B395,24054
1509,403097012,CALCO,LC,,B396,23885
1510,403013674,CALCO,CO,,B396,23885
1511,404021015,CALDARO SULLA STRADA DEL VINO,BZ,,B397,39052
1512,411043006,CALDAROLA,MC,,B398,62020
1513,408037009,CALDERARA DI RENO,BO,,B399,40012
1514,404022033,CALDES,TN,,B400,38022
1515,405023017,CALDIERO,VR,,B402,37042
1516,405024018,CALDOGNO,VI,,B403,36030
1517,404022034,CALDONAZZO,TN,,B404,38052
1518,408033008,CALENDASCO,PC,,B405,29010
1519,409048005,CALENZANO,FI,,B406,50041
1520,403016514,CALEPIO,BG,,,
1521,408034008,CALESTANO,PR,,B408,43030
1522,407011008,CALICE AL CORNOVIGLIO,SP,,B410,19020
1523,407009016,CALICE LIGURE,SV,,B409,17020
1524,401003525,CALICE OSSOLANO,NO,,,
1525,403018511,CALIGNANO,PV,,,
1526,416075010,CALIMERA,LE,,B413,73021
1527,403017517,CALINO,BS,,,
1528,415064015,CALITRI,AV,,B415,83045
1529,407009017,CALIZZANO,SV,,B416,17057
1530,401002535,CALLABIANA,VC,,B417,13821
1531,401096008,CALLABIANA,BI,,B417,13821
1532,401005014,CALLIANO,AT,,B418,14031
1533,404022035,CALLIANO,TN,,B418,14031
1534,401005914,CALLIANO MONFERRATO,AT,,,
1535,403015532,CALO',MI,,,
1536,401003526,CALOGNA,NO,,,
1537,403016515,CALOLZIO,BG,,,
1538,403016590,CALOLZIOCORTE,BG,,B423,23801
1539,403097013,CALOLZIOCORTE,LC,,B423,23801
1540,418078021,CALOPEZZATI,CS,,B424,87060
1541,401005015,CALOSSO,AT,,B425,14052
1542,418078022,CALOVETO,CS,,B426,87060
1543,419084007,CALTABELLOTTA,AG,,B427,92010
1544,419087011,CALTAGIRONE,CT,,B428,95041
1545,419085004,CALTANISSETTA,CL,,B429,93100
1546,419082015,CALTAVUTURO,PA,,B430,90022
1547,401003030,CALTIGNAGA,NO,,B431,28010
1548,405029008,CALTO,RO,,B432,45030
1549,405024019,CALTRANO,VI,,B433,36030
1550,403016046,CALUSCO D'ADDA,BG,,B434,24033
1551,401001047,CALUSO,TO,,B435,10014
1552,403017033,CALVAGESE DELLA RIVIERA,BS,,B436,25080
1553,415065020,CALVANICO,SA,,B437,84080
1554,419083502,CALVARUSO,ME,,,
1555,403019009,CALVATONE,CR,,B439,26030
1556,417076015,CALVELLO,PZ,,B440,85010
1557,405024020,CALVENE,VI,,B441,36030
1558,403016047,CALVENZANO,BG,,B442,24040
1559,417076016,CALVERA,PZ,,B443,85030
1560,415062012,CALVI,BN,,B444,82018
1561,410055008,CALVI DELL'UMBRIA,TR,,B446,05032
1562,415061010,CALVI RISORTA,CE,,B445,81042
1563,415062502,CALVI SAN NAZZARO,BN,,,
1564,403018025,CALVIGNANO,PV,,B447,27040
1565,403015042,CALVIGNASCO,MI,,B448,20080
1566,403017034,CALVISANO,BS,,B450,25012
1567,407009507,CALVISIO,SV,,,
1568,415063012,CALVIZZANO,NA,,B452,80012
1569,401001513,CAMAGNA DI TORINO,TO,,,
1570,401006026,CAMAGNA MONFERRATO,AL,,B453,15030
1571,409046005,CAMAIORE,LU,,B455,55041
1572,403015705,CAMAIRAGO,MI,,B456,26823
1573,403098007,CAMAIRAGO,LO,,B456,26823
1574,401096009,CAMANDONA,BI,,B457,13821
1575,401002536,CAMANDONA,VC,,B457,13821
1576,413066503,CAMARDA,AQ,,,
1577,401002505,CAMASCO,VC,,,
1578,419084008,CAMASTRA,AG,,B460,92020
1579,403015044,CAMBIAGO,MI,,B461,20040
1580,401001048,CAMBIANO,TO,,B462,10020
1581,401003627,CAMBIASCA,NO,,B463,28814
1582,401103015,CAMBIASCA,VB,,B463,28814
1583,403018512,CAMBIO',PV,,,
1584,401096010,CAMBURZANO,BI,,B465,13891
1585,401002537,CAMBURZANO,VC,,B465,13891
1586,401004035,CAMERANA,CN,,B467,12072
1587,411042006,CAMERANO,AN,,B468,60021
1588,401005016,CAMERANO CASASCO,AT,,B469,14020
1589,403016048,CAMERATA CORNELLO,BG,,B471,24010
1590,412058014,CAMERATA NUOVA,RM,,B472,00020
1591,411042007,CAMERATA PICENA,AN,,B470,60020
1592,401003032,CAMERI,NO,,B473,28062
1593,411043007,CAMERINO,MC,,B474,62032
1594,403013529,CAMERLATA,CO,,,
1595,415065021,CAMEROTA,SA,,B476,84040
1596,415061011,CAMIGLIANO,CE,,B477,81050
1597,406031517,CAMIGNA,GO,,,
1598,403017518,CAMIGNONE,BS,,,
1599,408033009,CAMINATA,PC,,B479,29010
1600,404021506,CAMINATA IN TURES,BZ,,,
1601,418080017,CAMINI,RC,,B481,89040
1602,401006027,CAMINO,AL,,B482,15020
1603,406030015,CAMINO AL TAGLIAMENTO,UD,,B483,33030
1604,403019010,CAMISANO,CR,,B484,26010
1605,405024021,CAMISANO VICENTINO,VI,,B485,36043
1606,419084009,CAMMARATA,AG,,B486,92022
1607,403013531,CAMNAGO FALOPPIA,CO,,,
1608,403013530,CAMNAGO VOLTA,CO,,,
1609,401004036,CAMO,CN,,B489,12050
1610,407010007,CAMOGLI,GE,,B490,16032
1611,415065022,CAMPAGNA,SA,,B492,84022
1612,405027002,CAMPAGNA LUPIA,VE,,B493,30010
1613,412058015,CAMPAGNANO DI ROMA,RM,,B496,00063
1614,403012523,CAMPAGNANO VEDASCA,VA,,,
1615,409053002,CAMPAGNATICO,GR,,B497,58042
1616,403019011,CAMPAGNOLA CREMASCA,CR,,B498,26010
1617,408035009,CAMPAGNOLA EMILIA,RE,,B499,42012
1618,418078023,CAMPANA,CS,,B500,87061
1619,403108014,CAMPARADA,MB,,B501,20857
1620,403015045,CAMPARADA,MI,,B501,20857
1621,408035010,CAMPEGINE,RE,,B502,42040
1622,401003527,CAMPELLO MONTI,NO,,,
1623,410054005,CAMPELLO SUL CLITUNNO,PG,,B504,06042
1624,401002025,CAMPERTOGNO,VC,,B505,13023
1625,409048006,CAMPI BISENZIO,FI,,B507,50013
1626,416075011,CAMPI SALENTINA,LE,,B506,73012
1627,401002538,CAMPIGLIA CERVO,VC,,B508,13812
1628,401096086,CAMPIGLIA CERVO,BI,,B508,13812
1629,401096011,CAMPIGLIA CERVO,BI,,B508,13812
1630,405024022,CAMPIGLIA DEI BERICI,VI,,B511,36020
1631,409049002,CAMPIGLIA MARITTIMA,LI,,B509,57021
1632,401001049,CAMPIGLIONE FENILE,TO,,,
1633,403013040,CAMPIONE D'ITALIA,CO,,B513,22060
1634,404022036,CAMPITELLO DI FASSA,TN,,B514,38031
1635,413067008,CAMPLI,TE,,B515,64012
1636,404022517,CAMPO,TN,,,
1637,418080018,CAMPO CALABRO,RC,,B516,89052
1638,401001514,CAMPO CANAVESE,TO,,,
1639,413066015,CAMPO DI GIOVE,AQ,,B526,67030
1640,404021016,CAMPO DI TRENS,BZ,,B529,39040
1641,407010008,CAMPO LIGURE,GE,,B538,16013
1642,409049003,CAMPO NELL'ELBA,LI,,B553,57034
1643,403018514,CAMPO RINALDO,PV,,,
1644,405028020,CAMPO SAN MARTINO,PD,,B564,35010
1645,404021017,CAMPO TURES,BZ,,B570,39032
1646,414070006,CAMPOBASSO,CB,,B519,86100
1647,419084010,CAMPOBELLO DI LICATA,AG,,B520,92023
1648,419081004,CAMPOBELLO DI MAZARA,TP,,B521,91021
1649,414070007,CAMPOCHIARO,CB,,B522,86020
1650,407009508,CAMPOCHIESA,SV,,,
1651,405028017,CAMPODARSEGO,PD,,B524,35011
1652,404022037,CAMPODENNO,TN,,B525,38010
1653,412059003,CAMPODIMELE,LT,,B527,04020
1654,414070008,CAMPODIPIETRA,CB,,B528,86010
1655,403014012,CAMPODOLCINO,SO,,B530,23021
1656,405028018,CAMPODORO,PD,,B531,35010
1657,419082016,CAMPOFELICE DI FITALIA,PA,,B533,90030
1658,419082017,CAMPOFELICE DI ROCCELLA,PA,,B532,90010
1659,411109004,CAMPOFILONE,FM,,B534,63828
1660,411044009,CAMPOFILONE,AP,,B534,63828
1661,419082018,CAMPOFIORITO,PA,,B535,90030
1662,406030016,CAMPOFORMIDO,UD,,B536,33030
1663,419085005,CAMPOFRANCO,CL,,B537,93010
1664,408036003,CAMPOGALLIANO,MO,,B539,41011
1665,415062013,CAMPOLATTARO,BN,,B541,82020
1666,412060016,CAMPOLI APPENNINO,FR,,B543,03030
1667,415062014,CAMPOLI DEL MONTE TABURNO,BN,,B542,82030
1668,414070009,CAMPOLIETO,CB,,B544,86040
1669,406030017,CAMPOLONGO AL TORRE,UD,,,
1670,405027003,CAMPOLONGO MAGGIORE,VE,,B546,30010
1671,405024023,CAMPOLONGO SUL BRENTA,VI,,B547,36020
1672,406030138,CAMPOLONGO TAPOGLIANO,UD,,M311,33040
1673,403015533,CAMPOLUNGO,MI,,,
1674,417076017,CAMPOMAGGIORE,PZ,,B549,85010
1675,414070010,CAMPOMARINO,CB,,B550,86042
1676,407010009,CAMPOMORONE,GE,,B551,16014
1677,403018513,CAMPOMORTO,PV,,,
1678,405027004,CAMPONOGARA,VE,,B554,30010
1679,415065023,CAMPORA,SA,,B555,84040
1680,419082019,CAMPOREALE,PA,,B556,90043
1681,409046006,CAMPORGIANO,LU,,B557,55031
1682,407008011,CAMPOROSSO,IM,,B559,18033
1683,406030501,CAMPOROSSO IN VALCANALE,UD,,,
1684,411043008,CAMPOROTONDO DI FIASTRONE,MC,,B562,62020
1685,419087012,CAMPOROTONDO ETNEO,CT,,B561,95040
1686,405028019,CAMPOSAMPIERO,PD,,B563,35012
1687,415063013,CAMPOSANO,NA,,B565,80030
1688,408036004,CAMPOSANTO,MO,,B566,41031
1689,403018026,CAMPOSPINOSO,PV,,B567,27040
1690,403018515,CAMPOSPINOSO ALBAREDO,PV,,,
1691,403018926,CAMPOSPINOSO ALBAREDO,PV,,,
1692,413066016,CAMPOTOSTO,AQ,,B569,67013
1693,403017514,CAMPOVERDE,BS,,,
1694,403014503,CAMPOVICO,SO,,,
1695,408037010,CAMUGNANO,BO,,B572,40032
1696,404022038,CANAL SAN BOVO,TN,,B577,38050
1697,404022659,CANALE,TN,,B573,12043
1698,401004037,CANALE,CN,,B573,12043
1699,405025023,CANALE D'AGORDO,BL,,B574,32020
1700,406031515,CANALE D'ISONZO,GO,,,
1701,412058016,CANALE MONTERANO,RM,,B576,00060
1702,405029009,CANARO,RO,,B578,45034
1703,404022039,CANAZEI,TN,,B579,38032
1704,417076018,CANCELLARA,PZ,,B580,85010
1705,415061012,CANCELLO ED ARNONE,CE,,B581,81030
1706,405029010,CANDA,RO,,B582,45020
1707,407008507,CANDEASCO,IM,,,
1708,416071009,CANDELA,FG,,B584,71024
1709,411041501,CANDELARA,PS,,,
1710,401002539,CANDELO,VC,,B586,13878
1711,401096012,CANDELO,BI,,B586,13878
1712,401001050,CANDIA CANAVESE,TO,,B588,10010
1713,403018027,CANDIA LOMELLINA,PV,,B587,27031
1714,405028021,CANDIANA,PD,,B589,35020
1715,415064016,CANDIDA,AV,,B590,83040
1716,418080019,CANDIDONI,RC,,B591,89020
1717,401001051,CANDIOLO,TO,,B592,10060
1718,403015046,CANEGRATE,MI,,B593,20010
1719,401005017,CANELLI,AT,,B594,14053
1720,407010506,CANEPA,GE,,,
1721,412056011,CANEPINA,VT,,B597,01030
1722,406030530,CANEVA,UD,,B598,33070
1723,406093009,CANEVA,PN,,B598,33070
1724,403018028,CANEVINO,PV,,B599,27040
1725,404022518,CANEZZA,TN,,,
1726,450501508,CANFANARO,PL,,,
1727,419084011,CANICATTI',AG,,,
1728,419089005,CANICATTINI BAGNI,SR,,B603,96010
1729,412056012,CANINO,VT,,B604,01011
1730,401001052,CANISCHIO,TO,,B605,10080
1731,413066017,CANISTRO,AQ,,B606,67050
1732,418078024,CANNA,CS,,B607,87070
1733,415065024,CANNALONGA,SA,,B608,84040
1734,410054006,CANNARA,PG,,B609,06033
1735,401003628,CANNERO RIVIERA,NO,,B610,28821
1736,401103016,CANNERO RIVIERA,VB,,B610,28821
1737,416072501,CANNETO DI BARI,BA,,,
1738,403018029,CANNETO PAVESE,PV,,B613,27044
1739,403020008,CANNETO SULL'OGLIO,MN,,B612,46013
1740,418080501,CANNITELLO,RC,,,
1741,401103017,CANNOBIO,VB,,B615,28822
1742,401003629,CANNOBIO,NO,,B615,28822
1743,416075012,CANNOLE,LE,,B616,73020
1744,418080020,CANOLO,RC,,B617,89040
1745,403016049,CANONICA D'ADDA,BG,,B618,24040
1746,416110004,CANOSA DI PUGLIA,BT,,B619,76012
1747,416072013,CANOSA DI PUGLIA,BA,,B619,76012
1748,413069010,CANOSA SANNITA,CH,,B620,66010
1749,401004038,CANOSIO,CN,,B621,12020
1750,408035502,CANOSSA,RE,,C669,42026
1751,403019522,CANOVA DEL MORBASCO,CR,,,
1752,403019523,CANOVA OLZANO,CR,,,
1753,413066018,CANSANO,AQ,,B624,67030
1754,403019524,CANSERO,CR,,,
1755,409100001,CANTAGALLO,PO,,B626,59025
1756,409048509,CANTAGALLO,FI,,B626,59025
1757,412057009,CANTALICE,RI,,B627,02014
1758,401001053,CANTALUPA,TO,,B628,10060
1759,412057010,CANTALUPO IN SABINA,RI,,B631,02040
1760,401006028,CANTALUPO LIGURE,AL,,B629,15060
1761,414094005,CANTALUPO NEL SANNIO,IS,,B630,86092
1762,414070507,CANTALUPO NEL SANNIO,CB,,B630,86092
1763,401005018,CANTARANA,AT,,B633,14010
1764,403012030,CANTELLO,VA,,B634,21050
1765,412058017,CANTERANO,RM,,B635,00020
1766,411141008,CANTIANO,PU,,B636,61044
1767,411041008,CANTIANO,PS,,B636,61044
1768,401001054,CANTOIRA,TO,,B637,10070
1769,403015534,CANTONALE,MI,,,
1770,403013041,CANTU',CO,,,
1771,413067009,CANZANO,TE,,B640,64020
1772,403013042,CANZO,CO,,B641,22035
1773,405027005,CAORLE,VE,,B642,30021
1774,408033010,CAORSO,PC,,B643,29012
1775,415065025,CAPACCIO,SA,,B644,84047
1776,415065925,CAPACCIO PAESTUM,SA,,,
1777,419082020,CAPACI,PA,,B645,90040
1778,409053003,CAPALBIO,GR,,B646,58011
1779,409050005,CAPANNOLI,PI,,B647,56033
1780,409046007,CAPANNORI,LU,,B648,55012
1781,412058018,CAPENA,RM,,B649,00060
1782,403019012,CAPERGNANICA,CR,,B650,26010
1783,413066019,CAPESTRANO,AQ,,B651,67022
1784,403013532,CAPIAGO,CO,,,
1785,403013043,CAPIAGO INTIMIANO,CO,,B653,22070
1786,403013533,CAPIATE,CO,,,
1787,418102005,CAPISTRANO,VV,,B655,89818
1788,418079512,CAPISTRANO,CZ,,B655,89818
1789,413066020,CAPISTRELLO,AQ,,B656,67053
1790,415065501,CAPITELLO,SA,,,
1791,413066021,CAPITIGNANO,AQ,,B658,67014
1792,410054502,CAPITONE,PG,,,
1793,419083008,CAPIZZI,ME,,B660,98031
1794,403016050,CAPIZZONE,BG,,B661,24030
1795,403017035,CAPO DI PONTE,BS,,B664,25044
1796,419083009,CAPO D'ORLANDO,ME,,B666,98071
1797,412056013,CAPODIMONTE,VT,,B663,01010
1798,450501509,CAPODISTRIA,PL,,,
1799,415061013,CAPODRISE,CE,,B667,81020
1800,403012524,CAPOLAGO,VA,,,
1801,409049004,CAPOLIVERI,LI,,B669,57031
1802,409051006,CAPOLONA,AR,,B670,52010
1803,403015047,CAPONAGO,MI,,B671,20867
1804,403108052,CAPONAGO,MB,,B671,20867
1805,413066022,CAPORCIANO,AQ,,B672,67020
1806,406031516,CAPORETTO,GO,,,
1807,415064017,CAPOSELE,AV,,B674,83040
1808,420092011,CAPOTERRA,CA,,B675,09012
1809,403017036,CAPOVALLE,BS,,B676,25070
1810,413066023,CAPPADOCIA,AQ,,B677,67060
1811,403019013,CAPPELLA CANTONE,CR,,B679,26020
1812,403019014,CAPPELLA DE' PICENARDI,CR,,B680,26030
1813,405026007,CAPPELLA MAGGIORE,TV,,B678,31012
1814,413068006,CAPPELLE SUL TAVO,PE,,B681,65010
1815,414094006,CAPRACOTTA,IS,,B682,86082
1816,414070508,CAPRACOTTA,CB,,B682,86082
1817,411044502,CAPRADOSSO,AP,,,
1818,409048008,CAPRAIA E LIMITE,FI,,B684,50050
1819,409049005,CAPRAIA ISOLA,LI,,B685,57032
1820,403019015,CAPRALBA,CR,,B686,26010
1821,412056014,CAPRANICA,VT,,B688,01012
1822,412058019,CAPRANICA PRENESTINA,RM,,B687,00030
1823,416075013,CAPRARICA DI LECCE,LE,,B690,73010
1824,412056015,CAPRAROLA,VT,,B691,01032
1825,401004039,CAPRAUNA,CN,,B692,12070
1826,409051007,CAPRESE MICHELANGELO,AR,,B693,52033
1827,401003630,CAPREZZO,NO,,B694,28815
1828,401103018,CAPREZZO,VB,,B694,28815
1829,415063014,CAPRI,NA,,B696,80073
1830,419083010,CAPRI LEONE,ME,,B695,98070
1831,404022040,CAPRIANA,TN,,B697,38030
1832,403017037,CAPRIANO DEL COLLE,BS,,B698,25020
1833,403015535,CAPRIANO DI BRIANZA,MI,,,
1834,403017519,CAPRIANO-AZZANO,BS,,,
1835,401006029,CAPRIATA D'ORBA,AL,,B701,15060
1836,403016516,CAPRIATE D'ADDA,BG,,,
1837,403016051,CAPRIATE SAN GERVASIO,BG,,B703,24042
1838,415061014,CAPRIATI A VOLTURNO,CE,,B704,81014
1839,401001055,CAPRIE,TO,,B705,10040
1840,415064018,CAPRIGLIA IRPINA,AV,,B706,83010
1841,401005019,CAPRIGLIO,AT,,B707,14014
1842,401002540,CAPRILE,VC,,B708,13864
1843,401096013,CAPRILE,BI,,B708,13864
1844,403016052,CAPRINO BERGAMASCO,BG,,B710,24030
1845,405023018,CAPRINO VERONESE,VR,,B709,37013
1846,403017038,CAPRIOLO,BS,,B711,25031
1847,406032507,CAPRIVA DEL CARSO,TS,,,
1848,406031001,CAPRIVA DEL FRIULI,GO,,B712,34070
1849,403012525,CAPRONNO,VA,,,
1850,415061015,CAPUA,CE,,B715,81043
1851,416072014,CAPURSO,BA,,B716,70010
1852,418080021,CARAFFA DEL BIANCO,RC,,B718,89030
1853,418079017,CARAFFA DI CATANZARO,CZ,,B717,88050
1854,401004040,CARAGLIO,CN,,B719,12023
1855,407008508,CARAMAGNA LIGURE,IM,,,
1856,401004041,CARAMAGNA PIEMONTE,CN,,B720,12030
1857,413068007,CARAMANICO TERME,PE,,B722,65023
1858,404022041,CARANO,TN,,B723,38033
1859,416071010,CARAPELLE,FG,,B724,71041
1860,413066024,CARAPELLE CALVISIO,AQ,,B725,67020
1861,407010010,CARASCO,GE,,B726,16042
1862,411044010,CARASSAI,AP,,B727,63063
1863,403108015,CARATE BRIANZA,MB,,B729,20841
1864,403015048,CARATE BRIANZA,MI,,B729,20841
1865,403013534,CARATE LARIO,CO,,,
1866,403013044,CARATE URIO,CO,,B730,22010
1867,403016053,CARAVAGGIO,BG,,B731,24043
1868,403012031,CARAVATE,VA,,B732,21032
1869,401001056,CARAVINO,TO,,B733,10010
1870,407008012,CARAVONICA,IM,,B734,18020
1871,412056016,CARBOGNANO,VT,,B735,01030
1872,403018030,CARBONARA AL TICINO,PV,,B741,27020
1873,416072502,CARBONARA DI BARI,BA,,,
1874,415063015,CARBONARA DI NOLA,NA,,B740,80030
1875,403020009,CARBONARA DI PO,MN,,B739,46020
1876,401006030,CARBONARA SCRIVIA,AL,,B736,15050
1877,403013045,CARBONATE,CO,,B742,22070
1878,417076019,CARBONE,PZ,,B743,85030
1879,405026008,CARBONERA,TV,,B744,31030
1880,420092012,CARBONIA,CA,,B745,09013
1881,419086501,CARCACI,EN,,,
1882,403013535,CARCANO,CO,,,
1883,407009018,CARCARE,SV,,B748,17043
1884,405028022,CARCERI,PD,,B749,35040
1885,404022519,CARCIATO,TN,,,
1886,403017520,CARCINA,BS,,,
1887,401002029,CARCOFORO,VC,,B752,13026
1888,403012526,CARDANA,VA,,,
1889,403012032,CARDANO AL CAMPO,VA,,B754,21010
1890,401004042,CARDE',CN,,,
1891,420091103,CARDEDU,NU,,M285,08040
1892,418080022,CARDETO,RC,,B756,89060
1893,401003528,CARDEZZA,NO,,,
1894,418079018,CARDINALE,CZ,,B758,88062
1895,415063016,CARDITO,NA,,B759,80024
1896,409046008,CAREGGINE,LU,,B760,55030
1897,403013536,CARELLA CON MARIAGA,CO,,,
1898,401001057,CAREMA,TO,,B762,10010
1899,403016591,CARENNO,BG,,B763,23802
1900,403097014,CARENNO,LC,,B763,23802
1901,403013537,CARENO,CO,,,
1902,401006031,CARENTINO,AL,,B765,15026
1903,418080023,CARERI,RC,,B766,89030
1904,404022660,CARES,TN,,,
1905,401002030,CARESANA,VC,,B767,13010
1906,401002031,CARESANABLOT,VC,,B768,13030
1907,401006032,CAREZZANO,AL,,B769,15051
1908,401006504,CAREZZANO SUPERIORE,AL,,,
1909,418101003,CARFIZZI,KR,,B771,88817
1910,418079513,CARFIZZI,CZ,,B771,88817
1911,420090022,CARGEGHE,SS,,B772,07030
1912,401003529,CARGIAGO,NO,,,
1913,418078025,CARIATI,CS,,B774,87062
1914,418080502,CARIDA',RC,,,
1915,415064019,CARIFE,AV,,B776,83040
1916,401001058,CARIGNANO,TO,,B777,10041
1917,403013046,CARIMATE,CO,,B778,22060
1918,415061016,CARINARO,CE,,B779,81032
1919,419082021,CARINI,PA,,B780,90044
1920,415061017,CARINOLA,CE,,B781,81030
1921,401002032,CARISIO,VC,,B782,13040
1922,404022042,CARISOLO,TN,,B783,38080
1923,416071011,CARLANTINO,FG,,B784,71030
1924,403013047,CARLAZZO,CO,,B785,22010
1925,403013538,CARLAZZO VALSOLDA,CO,,,
1926,419089006,CARLENTINI,SR,,B787,96013
1927,406030018,CARLINO,UD,,B788,33050
1928,420092013,CARLOFORTE,CA,,B789,09014
1929,418079020,CARLOPOLI,CZ,,B790,88040
1930,401001059,CARMAGNOLA,TO,,B791,10022
1931,416075014,CARMIANO,LE,,B792,73041
1932,409048510,CARMIGNANO,FI,,B794,59015
1933,409100002,CARMIGNANO,PO,,B794,59015
1934,405028023,CARMIGNANO DI BRENTA,PD,,B795,35010
1935,403012033,CARNAGO,VA,,B796,21040
1936,410055501,CARNAIOLA,TR,,,
1937,403015049,CARNATE,MI,,B798,20866
1938,403108016,CARNATE,MB,,B798,20866
1939,403016517,CAROBBIO,BG,,,
1940,403016055,CAROBBIO DEGLI ANGELI,BG,,B801,24060
1941,418078026,CAROLEI,CS,,B802,87030
1942,403016056,CARONA,BG,,B803,24010
1943,419083011,CARONIA,ME,,B804,98072
1944,403012527,CARONNO CORBELLARO,VA,,,
1945,403012034,CARONNO PERTUSELLA,VA,,B805,21042
1946,403012035,CARONNO VARESINO,VA,,B807,21040
1947,416073002,CAROSINO,TA,,B808,74021
1948,416074002,CAROVIGNO,BR,,B809,72012
1949,414094007,CAROVILLI,IS,,B810,86083
1950,414070509,CAROVILLI,CB,,B810,86083
1951,403019525,CARPANETA CON DOSIMO,CR,,,
1952,408033011,CARPANETO PIACENTINO,PC,,B812,29013
1953,418078027,CARPANZANO,CS,,B813,87050
1954,407008013,CARPASIO,IM,,B814,18010
1955,407009509,CARPE,SV,,,
1956,411041009,CARPEGNA,PS,,B816,61021
1957,411141009,CARPEGNA,PU,,B816,61021
1958,403017039,CARPENEDOLO,BS,,B817,25013
1959,401006033,CARPENETO,AL,,B818,15071
1960,408036005,CARPI,MO,,B819,41012
1961,403015050,CARPIANO,MI,,B820,20080
1962,403018516,CARPIGNAGO,PV,,,
1963,416075015,CARPIGNANO SALENTINO,LE,,B822,73020
1964,401003036,CARPIGNANO SESIA,NO,,B823,28064
1965,408035011,CARPINETI,RE,,B825,42033
1966,413068008,CARPINETO DELLA NORA,PE,,B827,65010
1967,412058020,CARPINETO ROMANO,RM,,B828,00032
1968,413069011,CARPINETO SINELLO,CH,,B826,66030
1969,416071012,CARPINO,FG,,B829,71010
1970,414070510,CARPINONE,CB,,B830,86093
1971,414094008,CARPINONE,IS,,B830,86093
1972,401003530,CARPUGNINO,NO,,,
1973,409045003,CARRARA,MS,,B832,54033
1974,405028501,CARRARA SAN GIORGIO,PD,,,
1975,405028502,CARRARA SANTO STEFANO,PD,,,
1976,405024024,CARRE',VI,,,
1977,401006034,CARREGA LIGURE,AL,,B836,15060
1978,407009510,CARRETTO,SV,,,
1979,407011009,CARRO,SP,,B838,19012
1980,407011010,CARRODANO,SP,,B839,19020
1981,401006035,CARROSIO,AL,,B840,15060
1982,401004043,CARRU',CN,,,
1983,413066025,CARSOLI,AQ,,B842,67061
1984,407008509,CARTARI E CALDERARA,IM,,,
1985,405024025,CARTIGLIANO,VI,,B844,36050
1986,401004044,CARTIGNANO,CN,,B845,12020
1987,411141010,CARTOCETO,PU,,B846,61030
1988,411041010,CARTOCETO,PS,,B846,61030
1989,401006036,CARTOSIO,AL,,B847,15015
1990,405028026,CARTURA,PD,,B848,35025
1991,403019526,CARUBERTO,CR,,,
1992,403015051,CARUGATE,MI,,B850,20061
1993,403013048,CARUGO,CO,,B851,22060
1994,403013539,CARUGO AROSIO,CO,,,
1995,413069012,CARUNCHIO,CH,,B853,66050
1996,403016057,CARVICO,BG,,B854,24030
1997,403017521,CARZAGO DELLA RIVIERA,BS,,,
1998,404022043,CARZANO,TN,,B856,38050
1999,418079514,CASABONA,CZ,,B857,88822
2000,418101004,CASABONA,KR,,B857,88822
2001,414070011,CASACALENDA,CB,,B858,86043
2002,413069013,CASACANDITELLA,CH,,B859,66010
2003,415061018,CASAGIOVE,CE,,B860,81022
2004,401006037,CASAL CERMELLI,AL,,B870,15072
2005,415061019,CASAL DI PRINCIPE,CE,,B872,81033
2006,415065028,CASAL VELINO,SA,,B895,84040
2007,413069014,CASALANGUIDA,CH,,B861,66031
2008,412060017,CASALATTICO,FR,,B862,03030
2009,415061504,CASALBA,CE,,,
2010,401003037,CASALBELTRAME,NO,,B864,28060
2011,413069015,CASALBORDINO,CH,,B865,66021
2012,415064020,CASALBORE,AV,,B866,83034
2013,401001060,CASALBORGONE,TO,,B867,10020
2014,415065026,CASALBUONO,SA,,B868,84030
2015,403019016,CASALBUTTANO ED UNITI,CR,,B869,26011
2016,414070012,CASALCIPRANO,CB,,B871,86010
2017,415062015,CASALDUNI,BN,,B873,82027
2018,401003631,CASALE CORTE CERRO,NO,,B876,28881
2019,401103019,CASALE CORTE CERRO,VB,,B876,28881
2020,403019527,CASALE CREMASCO,CR,,,
2021,403019017,CASALE CREMASCO-VIDOLASCO,CR,,B881,26010
2022,405028027,CASALE DI SCODOSIA,PD,,B877,35040
2023,403012036,CASALE LITTA,VA,,B875,21020
2024,409050006,CASALE MARITTIMO,PI,,B878,56040
2025,401006039,CASALE MONFERRATO,AL,,B885,15033
2026,405026009,CASALE SUL SILE,TV,,B879,31032
2027,408037011,CASALECCHIO DI RENO,BO,,B880,40033
2028,401006038,CASALEGGIO BOIRO,AL,,B882,15070
2029,401003531,CASALEGGIO CASTELLAZZO,NO,,,
2030,401003039,CASALEGGIO NOVARA,NO,,B883,28060
2031,405023019,CASALEONE,VR,,B886,37052
2032,403019018,CASALETTO CEREDANO,CR,,B889,26010
2033,403019019,CASALETTO DI SOPRA,CR,,B890,26014
2034,403015706,CASALETTO LODIGIANO,MI,,B887,26852
2035,403098008,CASALETTO LODIGIANO,LO,,B887,26852
2036,415065027,CASALETTO SPARTANO,SA,,B888,84030
2037,403019020,CASALETTO VAPRIO,CR,,B891,26010
2038,408037012,CASALFIUMANESE,BO,,B892,40020
2039,408035012,CASALGRANDE,RE,,B893,42013
2040,401004045,CASALGRASSO,CN,,B894,12030
2041,418078156,CASALI DEL MANCO,CS,,,
2042,413069016,CASALINCONTRADA,CH,,B896,66012
2043,401003040,CASALINO,NO,,B897,28060
2044,403019021,CASALMAGGIORE,CR,,B898,26041
2045,403015707,CASALMAIOCCO,MI,,B899,26831
2046,403098009,CASALMAIOCCO,LO,,B899,26831
2047,403019022,CASALMORANO,CR,,B900,26020
2048,403020010,CASALMORO,MN,,B901,46040
2049,401006040,CASALNOCETO,AL,,B902,15052
2050,415063017,CASALNUOVO DI NAPOLI,NA,,B905,80013
2051,416071013,CASALNUOVO MONTEROTARO,FG,,B904,71033
2052,403020011,CASALOLDO,MN,,B907,46040
2053,403019528,CASALORZO GEROLDI,CR,,,
2054,403020501,CASALPOGLIO,MN,,,
2055,403098010,CASALPUSTERLENGO,LO,,B910,26841
2056,403015708,CASALPUSTERLENGO,MI,,B910,26841
2057,403020012,CASALROMANO,MN,,B911,46040
2058,405028028,CASALSERUGO,PD,,B912,35020
2059,403019529,CASALSIGONE,CR,,,
2060,415061020,CASALUCE,CE,,B916,81030
2061,416071014,CASALVECCHIO DI PUGLIA,FG,,B917,71030
2062,419083012,CASALVECCHIO SICULO,ME,,B918,98032
2063,412060018,CASALVIERI,FR,,B919,03034
2064,401003041,CASALVOLONE,NO,,B920,28060
2065,403012037,CASALZUIGNO,VA,,B921,21030
2066,415063018,CASAMARCIANO,NA,,B922,80032
2067,416072015,CASAMASSIMA,BA,,B923,70010
2068,415063019,CASAMICCIOLA TERME,NA,,B924,80074
2069,415063020,CASANDRINO,NA,,B925,80025
2070,403019631,CASANOVA DEL MORBASCO,CR,,,
2071,401002033,CASANOVA ELVO,VC,,B928,13030
2072,403013540,CASANOVA LANZA,CO,,,
2073,407009019,CASANOVA LERRONE,SV,,B927,17033
2074,403018031,CASANOVA LONATI,PV,,B929,27041
2075,403019530,CASANUOVA OFFREDI,CR,,,
2076,412058021,CASAPE,RM,,B932,00010
2077,415061103,CASAPESENNA,CE,,M260,81030
2078,401096014,CASAPINTA,BI,,B933,13866
2079,401002541,CASAPINTA,VC,,B933,13866
2080,412057011,CASAPROTA,RI,,B934,02030
2081,415061021,CASAPULLA,CE,,B935,81020
2082,416075016,CASARANO,LE,,B936,73042
2083,403013675,CASARGO,CO,,B937,23831
2084,403097015,CASARGO,LC,,B937,23831
2085,403015055,CASARILE,MI,,B938,20080
2086,406093010,CASARSA DELLA DELIZIA,PN,,B940,33072
2087,406030531,CASARSA DELLA DELIZIA,UD,,B940,33072
2088,407010011,CASARZA LIGURE,GE,,B939,16030
2089,401006041,CASASCO,AL,,B941,15050
2090,403013050,CASASCO D'INTELVI,CO,,B942,22022
2091,403013676,CASATENOVO,CO,,B943,23880
2092,403097016,CASATENOVO,LC,,B943,23880
2093,403018517,CASATICO,PV,,,
2094,403018032,CASATISMA,PV,,B945,27040
2095,415063021,CASAVATORE,NA,,B946,80020
2096,403016058,CASAZZA,BG,,B947,24060
2097,410054007,CASCIA,PG,,B948,06043
2098,403012038,CASCIAGO,VA,,B949,21020
2099,409050007,CASCIANA TERME,PI,,A559,56034
2100,409050040,CASCIANA TERME LARI,PI,,,
2101,409050008,CASCINA,PI,,B950,56021
2102,403019531,CASCINE,CR,,,
2103,401002506,CASCINE DI STRA,VC,,,
2104,403019532,CASCINE GANDINI,CR,,,
2105,401001061,CASCINETTE D'IVREA,TO,,B953,10010
2106,403018033,CASEI GEROLA,PV,,B954,27050
2107,401001062,CASELETTE,TO,,B955,10040
2108,407010012,CASELLA,GE,,B956,16015
2109,403015536,CASELLE D'OZERO,MI,,,
2110,415065029,CASELLE IN PITTARI,SA,,B959,84030
2111,403015709,CASELLE LANDI,MI,,B961,26842
2112,403098011,CASELLE LANDI,LO,,B961,26842
2113,403098012,CASELLE LURANI,LO,,B958,26853
2114,403015710,CASELLE LURANI,MI,,B958,26853
2115,401001063,CASELLE TORINESE,TO,,B960,10072
2116,415061022,CASERTA,CE,,B963,81100
2117,404022520,CASEZ,TN,,,
2118,405026010,CASIER,TV,,B965,31030
2119,418080024,CASIGNANA,RC,,B966,89030
2120,408035013,CASINA,RE,,B967,42034
2121,403013541,CASIRAGO,CO,,,
2122,403016059,CASIRATE D'ADDA,BG,,B971,24040
2123,403015537,CASIRATE OLONA,MI,,,
2124,403013542,CASLETTO,CO,,,
2125,403013543,CASLINO AL PIANO,CO,,,
2126,403013052,CASLINO D'ERBA,CO,,B974,22030
2127,403013544,CASNATE,CO,,,
2128,403013053,CASNATE CON BERNATE,CO,,B977,22070
2129,403016060,CASNIGO,BG,,B978,24020
2130,415063022,CASOLA DI NAPOLI,NA,,B980,80050
2131,409045004,CASOLA IN LUNIGIANA,MS,,B979,54014
2132,408039005,CASOLA VALSENIO,RA,,B982,48010
2133,403015538,CASOLATE,MI,,,
2134,418078028,CASOLE BRUZIO,CS,,B983,87050
2135,409052004,CASOLE D'ELSA,SI,,B984,53031
2136,413069017,CASOLI,CH,,B985,66043
2137,403015539,CASONE,MI,,,
2138,403018034,CASORATE PRIMO,PV,,B988,27022
2139,403012039,CASORATE SEMPIONE,VA,,B987,21011
2140,403015058,CASOREZZO,MI,,B989,20010
2141,415063023,CASORIA,NA,,B990,80026
2142,401005020,CASORZO,AT,,B991,14032
2143,401005920,CASORZO MONFERRATO,AT,,,
2144,405024501,CASOTTO,VI,,,
2145,412057012,CASPERIA,RI,,A472,02041
2146,403014013,CASPOGGIO,SO,,B993,23020
2147,406030019,CASSACCO,UD,,B994,33010
2148,403013545,CASSAGO,CO,,,
2149,403013677,CASSAGO BRIANZA,CO,,B996,23893
2150,403097017,CASSAGO BRIANZA,LC,,B996,23893
2151,403013546,CASSANO ALBESE,CO,,,
2152,418078029,CASSANO ALL'IONIO,CS,,C002,87011
2153,403015059,CASSANO D'ADDA,MI,,C003,20062
2154,416072016,CASSANO DELLE MURGE,BA,,B998,70020
2155,415064021,CASSANO IRPINO,AV,,B997,83040
2156,403012040,CASSANO MAGNAGO,VA,,C004,21012
2157,401006191,CASSANO SPINOLA,AL,,C005,15063
2158,401006042,CASSANO SPINOLA,AL,,C005,15063
2159,403012041,CASSANO VALCUVIA,VA,,B999,21030
2160,419089007,CASSARO,SR,,C006,96010
2161,403016061,CASSIGLIO,BG,,C007,24010
2162,403015540,CASSINA ALIPRANDI,MI,,,
2163,403015541,CASSINA AMATA,MI,,,
2164,403015542,CASSINA BARAGGIA,MI,,,
2165,403013547,CASSINA DE' BRACCHI,CO,,,
2166,403015543,CASSINA DE' GATTI,MI,,,
2167,403015060,CASSINA DE' PECCHI,MI,,C014,20060
2168,403012528,CASSINA FERRARA,VA,,,
2169,403013548,CASSINA MARIAGA,CO,,,
2170,403015544,CASSINA NUOVA,MI,,,
2171,403012529,CASSINA PERTUSELLA,VA,,,
2172,403015545,CASSINA POBBIA,MI,,,
2173,403013055,CASSINA RIZZARDI,CO,,C020,22070
2174,403015546,CASSINA SAVINA,MI,,,
2175,403015547,CASSINA TRIULZA,MI,,,
2176,403097018,CASSINA VALSASSINA,LC,,C024,23817
2177,403013678,CASSINA VALSASSINA,CO,,C024,23817
2178,403012530,CASSINA VERGHERA,VA,,,
2179,401005021,CASSINASCO,AT,,C022,14050
2180,401006043,CASSINE,AL,,C027,15016
2181,403018518,CASSINE CALDERARI,PV,,,
2182,403018519,CASSINE SIRIGARI,PV,,,
2183,403018520,CASSINE TOLENTINE,PV,,,
2184,401006044,CASSINELLE,AL,,C030,15070
2185,403015061,CASSINETTA DI LUGAGNANO,MI,,C033,20081
2186,412060019,CASSINO,FR,,C034,03043
2187,403015548,CASSINO D'ALBERI,MI,,,
2188,403018521,CASSINO PO,PV,,,
2189,405024026,CASSOLA,VI,,C037,36022
2190,403018035,CASSOLNOVO,PV,,C038,27023
2191,418079501,CASTAGNA,CZ,,,
2192,405023020,CASTAGNARO,VR,,C041,37043
2193,403012531,CASTAGNATE OLONA,VA,,,
2194,404022521,CASTAGNE',TN,,,
2195,409049006,CASTAGNETO CARDUCCI,LI,,C044,57022
2196,401001064,CASTAGNETO PO,TO,,C045,10090
2197,401004046,CASTAGNITO,CN,,C046,12050
2198,401005022,CASTAGNOLE DELLE LANZE,AT,,C049,14054
2199,401005023,CASTAGNOLE MONFERRATO,AT,,C047,14030
2200,401001065,CASTAGNOLE PIEMONTE,TO,,C048,10060
2201,403018036,CASTANA,PV,,C050,27040
2202,403015062,CASTANO PRIMO,MI,,C052,20022
2203,403018037,CASTEGGIO,PV,,C053,27045
2204,403015549,CASTEGNATE OLONA,MI,,,
2205,403017040,CASTEGNATO,BS,,C055,25045
2206,405024027,CASTEGNERO,VI,,C056,36020
2207,415064022,CASTEL BARONIA,AV,,C058,83040
2208,401005024,CASTEL BOGLIONE,AT,,C064,14040
2209,408039006,CASTEL BOLOGNESE,RA,,C065,48014
2210,415061023,CASTEL CAMPAGNANO,CE,,B494,81010
2211,413067010,CASTEL CASTAGNA,TE,,C040,64030
2212,412056502,CASTEL CELLESI,VT,,,
2213,411042009,CASTEL COLONNA,AN,,C071,60010
2214,404022045,CASTEL CONDINO,TN,,C183,38082
2215,408037013,CASTEL D'AIANO,BO,,C075,40034
2216,403020014,CASTEL D'ARIO,MN,,C076,46033
2217,405023021,CASTEL D'AZZANO,VR,,C078,37060
2218,401006505,CASTEL DE' RATTI,AL,,,
2219,414094009,CASTEL DEL GIUDICE,IS,,C082,86080
2220,414070511,CASTEL DEL GIUDICE,CB,,C082,86080
2221,413066026,CASTEL DEL MONTE,AQ,,C083,67023
2222,406030502,CASTEL DEL MONTE UDINESE,UD,,,
2223,409053004,CASTEL DEL PIANO,GR,,C085,58033
2224,408037014,CASTEL DEL RIO,BO,,C086,40022
2225,408037015,CASTEL DI CASIO,BO,,B969,40030
2226,411044503,CASTEL DI CROCE,AP,,,
2227,413066027,CASTEL DI IERI,AQ,,C090,67020
2228,419087013,CASTEL DI IUDICA,CT,,C091,95040
2229,410055502,CASTEL DI LAGO,TR,,,
2230,411044011,CASTEL DI LAMA,AP,,C093,63082
2231,419083013,CASTEL DI LUCIO,ME,,C094,98070
2232,413066028,CASTEL DI SANGRO,AQ,,C096,67031
2233,415061024,CASTEL DI SASSO,CE,,C097,81040
2234,412057013,CASTEL DI TORA,RI,,C098,02020
2235,406031519,CASTEL DOBRA,GO,,,
2236,409051008,CASTEL FOCOGNANO,AR,,C102,52016
2237,413069018,CASTEL FRENTANO,CH,,C114,66032
2238,403019024,CASTEL GABBIANO,CR,,C115,26010
2239,412058022,CASTEL GANDOLFO,RM,,C116,00040
2240,410055009,CASTEL GIORGIO,TR,,C117,05013
2241,403020015,CASTEL GOFFREDO,MN,,C118,46042
2242,408037016,CASTEL GUELFO DI BOLOGNA,BO,,C121,40023
2243,450500506,CASTEL IABLANIZZA,FU,,,
2244,404022240,CASTEL IVANO,TN,,,
2245,403018522,CASTEL LAMBRO,PV,,,
2246,412058023,CASTEL MADAMA,RM,,C203,00024
2247,408037019,CASTEL MAGGIORE,BO,,C204,40013
2248,403017042,CASTEL MELLA,BS,,C208,25030
2249,415061026,CASTEL MORRONE,CE,,C211,81020
2250,410054008,CASTEL RITALDI,PG,,C252,06044
2251,401005032,CASTEL ROCCHERO,AT,,C253,14044
2252,403016063,CASTEL ROZZONE,BG,,C255,24040
2253,415065502,CASTEL RUGGERO,SA,,,
2254,412057501,CASTEL SAN BENEDETTO REATINO,RI,,,
2255,410054503,CASTEL SAN FELICE,PG,,,
2256,415065034,CASTEL SAN GIORGIO,SA,,C259,84083
2257,408033013,CASTEL SAN GIOVANNI,PC,,C261,29015
2258,410054504,CASTEL SAN GIOVANNI DI SPOLETO,PG,,,
2259,415065035,CASTEL SAN LORENZO,SA,,C262,84049
2260,409051010,CASTEL SAN NICCOLO',AR,,,
2261,401006506,CASTEL SAN PIETRO MONFERRATO,AL,,,
2262,412058025,CASTEL SAN PIETRO ROMANO,RM,,C266,00030
2263,408037020,CASTEL SAN PIETRO TERME,BO,,C265,40024
2264,414094012,CASTEL SAN VINCENZO,IS,,C270,86071
2265,414070512,CASTEL SAN VINCENZO,CB,,C270,86071
2266,412057015,CASTEL SANT'ANGELO,RI,,C268,02010
2267,412056017,CASTEL SANT'ELIA,VT,,C269,01030
2268,410055010,CASTEL VISCARDO,TR,,C289,05014
2269,407008015,CASTEL VITTORIO,IM,,C110,18030
2270,415061027,CASTEL VOLTURNO,CE,,C291,81030
2271,405028029,CASTELBALDO,PD,,C057,35040
2272,403020013,CASTELBELFORTE,MN,,C059,46032
2273,411042008,CASTELBELLINO,AN,,C060,60030
2274,404021507,CASTELBELLO,BZ,,,
2275,404021018,CASTELBELLO CIARDES,BZ,,,
2276,407009020,CASTELBIANCO,SV,,C063,17030
2277,414070013,CASTELBOTTACCIO,CB,,C066,86030
2278,419082022,CASTELBUONO,PA,,C067,90013
2279,415065030,CASTELCIVITA,SA,,C069,84020
2280,403017041,CASTELCOVATI,BS,,C072,25030
2281,405026011,CASTELCUCCO,TV,,C073,31030
2282,419082023,CASTELDACCIA,PA,,C074,90014
2283,404021508,CASTELDARNE,BZ,,,
2284,411041011,CASTELDELCI,PS,,C080,47861
2285,408099021,CASTELDELCI,RN,,C080,47861
2286,411141011,CASTELDELCI,PU,,C080,47861
2287,401004047,CASTELDELFINO,CN,,C081,12020
2288,403019023,CASTELDIDONE,CR,,C089,26030
2289,411041502,CASTELDIMEZZO,PS,,,
2290,411042010,CASTELFIDARDO,AN,,C100,60022
2291,409048010,CASTELFIORENTINO,FI,,C101,50051
2292,404022046,CASTELFONDO,TN,,C103,38020
2293,412059004,CASTELFORTE,LT,,C104,04021
2294,415064023,CASTELFRANCI,AV,,C105,83040
2295,409051009,CASTELFRANCO DI SOPRA,AR,,C112,52020
2296,409050009,CASTELFRANCO DI SOTTO,PI,,C113,56022
2297,403019533,CASTELFRANCO D'OGLIO,CR,,,
2298,408036006,CASTELFRANCO EMILIA,MO,,C107,41013
2299,415062016,CASTELFRANCO IN MISCANO,BN,,C106,82022
2300,409051040,CASTELFRANCO PIANDISCO',AR,,,
2301,405026012,CASTELFRANCO VENETO,TV,,C111,31033
2302,403098062,CASTELGERUNDO,LO,,,
2303,405024028,CASTELGOMBERTO,VI,,C119,36070
2304,417076021,CASTELGRANDE,PZ,,C120,85050
2305,405029011,CASTELGUGLIELMO,RO,,C122,45020
2306,413069019,CASTELGUIDONE,CH,,C123,66040
2307,415065031,CASTELLABATE,SA,,C125,84048
2308,413066029,CASTELLAFIUME,AQ,,C126,67050
2309,401005025,CASTELL'ALFERO,AT,,C127,14033
2310,413067011,CASTELLALTO,TE,,C128,64020
2311,413068501,CASTELLAMMARE ADRIATICO,PE,,,
2312,419081005,CASTELLAMMARE DEL GOLFO,TP,,C130,91014
2313,415063024,CASTELLAMMARE DI STABIA,NA,,C129,80053
2314,401001066,CASTELLAMONTE,TO,,C133,10081
2315,416072017,CASTELLANA GROTTE,BA,,C134,70013
2316,419082024,CASTELLANA SICULA,PA,,C135,90020
2317,416073003,CASTELLANETA,TA,,C136,74011
2318,401006045,CASTELLANIA,AL,,C137,15051
2319,401006945,CASTELLANIA COPPI,AL,,,
2320,404022522,CASTELLANO,TN,,,
2321,403012042,CASTELLANZA,VA,,C139,21053
2322,401004048,CASTELLAR,CN,,C140,12030
2323,401006046,CASTELLAR GUIDOBONO,AL,,C142,15050
2324,408035014,CASTELLARANO,RE,,C141,42014
2325,407008014,CASTELLARO,IM,,C143,18011
2326,403018523,CASTELLARO DE' GIORGI,PV,,,
2327,408033012,CASTELL'ARQUATO,PC,,C145,29014
2328,405025009,CASTELLAVAZZO,BL,,C146,32010
2329,409053005,CASTELL'AZZARA,GR,,C147,58034
2330,401006047,CASTELLAZZO BORMIDA,AL,,C148,15073
2331,403015550,CASTELLAZZO DE' BARZI,MI,,,
2332,401003042,CASTELLAZZO NOVARESE,NO,,C149,28060
2333,401002507,CASTELLENGO,VC,,,
2334,403019025,CASTELLEONE,CR,,C153,26012
2335,411042011,CASTELLEONE DI SUASA,AN,,C152,60010
2336,401005026,CASTELLERO,AT,,C154,14013
2337,401002542,CASTELLETTO CERVO,VC,,C155,13851
2338,401096015,CASTELLETTO CERVO,BI,,C155,13851
2339,401006048,CASTELLETTO D'ERRO,AL,,C156,15010
2340,403018038,CASTELLETTO DI BRANDUZZO,PV,,C157,27040
2341,401006049,CASTELLETTO D'ORBA,AL,,C158,15060
2342,403015551,CASTELLETTO MENDOSIO,MI,,,
2343,401006050,CASTELLETTO MERLI,AL,,C160,15020
2344,401005027,CASTELLETTO MOLINA,AT,,C161,14040
2345,401006051,CASTELLETTO MONFERRATO,AL,,C162,15040
2346,401004506,CASTELLETTO MONFORTE,CN,,,
2347,403018524,CASTELLETTO PO,PV,,,
2348,401003043,CASTELLETTO SOPRA TICINO,NO,,C166,28053
2349,401004049,CASTELLETTO STURA,CN,,C165,12040
2350,401004050,CASTELLETTO UZZONE,CN,,C167,12070
2351,401002508,CASTELLETTO VILLA,VC,,,
2352,413067012,CASTELLI,TE,,C169,64041
2353,403016062,CASTELLI CALEPIO,BG,,C079,24060
2354,401003532,CASTELLI CUSIANI,NO,,,
2355,409052005,CASTELLINA IN CHIANTI,SI,,C172,53011
2356,409050010,CASTELLINA MARITTIMA,PI,,C174,56040
2357,401004051,CASTELLINALDO,CN,,C173,12050
2358,401004951,CASTELLINALDO D'ALBA,CN,,,
2359,414070014,CASTELLINO DEL BIFERNO,CB,,C175,86020
2360,401004052,CASTELLINO TANARO,CN,,C176,12060
2361,412060020,CASTELLIRI,FR,,C177,03030
2362,404022523,CASTELLO,TN,,,
2363,403012043,CASTELLO CABIAGLIO,VA,,B312,21030
2364,403018039,CASTELLO D'AGOGNA,PV,,C184,27030
2365,408037017,CASTELLO D'ARGILE,BO,,C185,40050
2366,415061025,CASTELLO DEL MATESE,CE,,C178,81016
2367,403014014,CASTELLO DELL'ACQUA,SO,,C186,23030
2368,401005028,CASTELLO DI ANNONE,AT,,A300,14034
2369,403013679,CASTELLO DI BRIANZA,CO,,C187,23884
2370,403097019,CASTELLO DI BRIANZA,LC,,C187,23884
2371,415063025,CASTELLO DI CISTERNA,NA,,C188,80030
2372,405026013,CASTELLO DI GODEGO,TV,,C190,31030
2373,408037018,CASTELLO DI SERRAVALLE,BO,,C191,40050
2374,403013550,CASTELLO SOPRA LECCO,CO,,,
2375,404022048,CASTELLO TESINO,TN,,C194,38053
2376,403013549,CASTELLO VALSOLDA,CO,,,
2377,404022047,CASTELLO-MOLINA DI FIEMME,TN,,C189,38030
2378,414070501,CASTELLONE AL VOLTURNO,CB,,,
2379,412059501,CASTELLONORATO,LT,,,
2380,403020016,CASTELLUCCHIO,MN,,C195,46014
2381,417076501,CASTELLUCCIO,PZ,,,
2382,416071015,CASTELLUCCIO DE' SAURI,FG,,,
2383,417076022,CASTELLUCCIO INFERIORE,PZ,,C199,85040
2384,417076023,CASTELLUCCIO SUPERIORE,PZ,,C201,85040
2385,416071016,CASTELLUCCIO VALMAGGIORE,FG,,C202,71020
2386,419083014,CASTELL'UMBERTO,ME,,C051,98070
2387,401004053,CASTELMAGNO,CN,,C205,12020
2388,403013058,CASTELMARTE,CO,,C206,22030
2389,405029012,CASTELMASSA,RO,,C207,45035
2390,414070015,CASTELMAURO,CB,,C197,86031
2391,417076024,CASTELMEZZANO,PZ,,C209,85010
2392,419083015,CASTELMOLA,ME,,C210,98030
2393,403012532,CASTELNOVATE,VA,,,
2394,403018040,CASTELNOVETTO,PV,,C213,27030
2395,405029013,CASTELNOVO BARIANO,RO,,C215,45030
2396,406093011,CASTELNOVO DEL FRIULI,PN,,C217,33090
2397,406030532,CASTELNOVO DEL FRIULI,UD,,C217,33090
2398,408035015,CASTELNOVO DI SOTTO,RE,,C218,42024
2399,408035016,CASTELNOVO NE' MONTI,RE,,C219,42035
2400,404022049,CASTELNUOVO,TN,,C216,38050
2401,401005029,CASTELNUOVO BELBO,AT,,C226,14043
2402,409052006,CASTELNUOVO BERARDENGA,SI,,C227,53019
2403,403098013,CASTELNUOVO BOCCA D'ADDA,LO,,C228,26843
2404,403015711,CASTELNUOVO BOCCA D'ADDA,MI,,C228,26843
2405,401006052,CASTELNUOVO BORMIDA,AL,,C229,15017
2406,403013059,CASTELNUOVO BOZZENTE,CO,,C220,22070
2407,401005030,CASTELNUOVO CALCEA,AT,,C230,14040
2408,415065032,CASTELNUOVO CILENTO,SA,,C231,84040
2409,403019534,CASTELNUOVO CREMASCO,CR,,,
2410,405023520,CASTELNUOVO DEL GARDA,VR,,C225,37014
2411,403019535,CASTELNUOVO DEL VESCOVO,CR,,,
2412,403019536,CASTELNUOVO DEL ZAPPA,CR,,,
2413,416071017,CASTELNUOVO DELLA DAUNIA,FG,,C222,71034
2414,401004054,CASTELNUOVO DI CEVA,CN,,C214,12070
2415,415065033,CASTELNUOVO DI CONZA,SA,,C235,84020
2416,412057014,CASTELNUOVO DI FARFA,RI,,C224,02031
2417,409046009,CASTELNUOVO DI GARFAGNANA,LU,,C236,55032
2418,412058024,CASTELNUOVO DI PORTO,RM,,C237,00060
2419,409050011,CASTELNUOVO DI VAL DI CECINA,PI,,C244,56041
2420,405023022,CASTELNUOVO DI VERONA,VR,,,
2421,450500507,CASTELNUOVO D'ISTRIA,FU,,,
2422,401005031,CASTELNUOVO DON BOSCO,AT,,C232,14022
2423,403019537,CASTELNUOVO GHERARDI,CR,,,
2424,407011011,CASTELNUOVO MAGRA,SP,,C240,19033
2425,401001067,CASTELNUOVO NIGRA,TO,,C241,10080
2426,412060021,CASTELNUOVO PARANO,FR,,C223,03040
2427,408036007,CASTELNUOVO RANGONE,MO,,C242,41051
2428,401006053,CASTELNUOVO SCRIVIA,AL,,C243,15053
2429,415062017,CASTELPAGANO,BN,,C245,82024
2430,414094010,CASTELPETROSO,IS,,C246,86090
2431,414070513,CASTELPETROSO,CB,,C246,86090
2432,404022661,CASTELPIETRA,TN,,,
2433,414070514,CASTELPIZZUTO,CB,,C247,86090
2434,414094011,CASTELPIZZUTO,IS,,C247,86090
2435,411042012,CASTELPLANIO,AN,,C248,60031
2436,403019538,CASTELPONZONE,CR,,,
2437,415062018,CASTELPOTO,BN,,C250,82030
2438,411043009,CASTELRAIMONDO,MC,,C251,62022
2439,404021019,CASTELROTTO,BZ,,C254,39040
2440,411043010,CASTELSANTANGELO SUL NERA,MC,,C267,62039
2441,417076025,CASTELSARACENO,PZ,,C271,85031
2442,420090023,CASTELSARDO,SS,,C272,07031
2443,403012044,CASTELSEPRIO,VA,,C273,21050
2444,418079515,CASTELSILANO,CZ,,B968,88834
2445,418101005,CASTELSILANO,KR,,B968,88834
2446,401006054,CASTELSPINA,AL,,C274,15070
2447,419084012,CASTELTERMINI,AG,,C275,92025
2448,403012045,CASTELVECCANA,VA,,C181,21010
2449,413066030,CASTELVECCHIO CALVISIO,AQ,,C278,67020
2450,407009021,CASTELVECCHIO DI ROCCA BARBENA,SV,,C276,17034
2451,407008510,CASTELVECCHIO DI SANTA MARIA MAGGIORE,IM,,,
2452,413066031,CASTELVECCHIO SUBEQUO,AQ,,C279,67024
2453,415062019,CASTELVENERE,BN,,C280,82037
2454,403019026,CASTELVERDE,CR,,B129,26022
2455,401006507,CASTELVERO D'ASTI,AL,,,
2456,414094013,CASTELVERRINO,IS,,C200,86080
2457,414070515,CASTELVERRINO,CB,,C200,86080
2458,415062020,CASTELVETERE IN VAL FORTORE,BN,,C284,82023
2459,415064024,CASTELVETERE SUL CALORE,AV,,C283,83040
2460,419081006,CASTELVETRANO,TP,,C286,91022
2461,408036008,CASTELVETRO DI MODENA,MO,,C287,41014
2462,408033014,CASTELVETRO PIACENTINO,PC,,C288,29010
2463,403019027,CASTELVISCONTI,CR,,C290,26010
2464,408037021,CASTENASO,BO,,C292,40055
2465,403017043,CASTENEDOLO,BS,,C293,25014
2466,420092106,CASTIADAS,CA,,M288,09040
2467,409051011,CASTIGLION FIBOCCHI,AR,,C318,52029
2468,409051012,CASTIGLION FIORENTINO,AR,,C319,52043
2469,409051501,CASTIGLION UBERTINI,AR,,,
2470,413068009,CASTIGLIONE A CASAURIA,PE,,C308,65020
2471,407010013,CASTIGLIONE CHIAVARESE,GE,,C302,16030
2472,418078030,CASTIGLIONE COSENTINO,CS,,C301,87040
2473,403015712,CASTIGLIONE D'ADDA,MI,,C304,26823
2474,403098014,CASTIGLIONE D'ADDA,LO,,C304,26823
2475,401006508,CASTIGLIONE D'ASTI,AL,,,
2476,408037022,CASTIGLIONE DEI PEPOLI,BO,,C296,40035
2477,415065036,CASTIGLIONE DEL GENOVESI,SA,,C306,84090
2478,410054009,CASTIGLIONE DEL LAGO,PG,,C309,06061
2479,409053006,CASTIGLIONE DELLA PESCAIA,GR,,C310,58043
2480,403020017,CASTIGLIONE DELLE STIVIERE,MN,,C312,46043
2481,409046010,CASTIGLIONE DI GARFAGNANA,LU,,C303,55033
2482,419087014,CASTIGLIONE DI SICILIA,CT,,C297,95012
2483,403013060,CASTIGLIONE D'INTELVI,CO,,C299,22023
2484,409052007,CASTIGLIONE D'ORCIA,SI,,C313,53023
2485,401003533,CASTIGLIONE D'OSSOLA,NO,,,
2486,401004055,CASTIGLIONE FALLETTO,CN,,C314,12060
2487,412056018,CASTIGLIONE IN TEVERINA,VT,,C315,01024
2488,413069020,CASTIGLIONE MESSER MARINO,CH,,C298,66033
2489,413067013,CASTIGLIONE MESSER RAIMONDO,TE,,C316,64034
2490,403012046,CASTIGLIONE OLONA,VA,,C300,21043
2491,401004056,CASTIGLIONE TINELLA,CN,,C317,12053
2492,401001068,CASTIGLIONE TORINESE,TO,,C307,10090
2493,411044012,CASTIGNANO,AP,,C321,63072
2494,413067014,CASTILENTI,TE,,C322,64035
2495,401004057,CASTINO,CN,,C323,12050
2496,403014015,CASTIONE ANDEVENNO,SO,,C325,23012
2497,403016064,CASTIONE DELLA PRESOLANA,BG,,C324,24020
2498,405023507,CASTIONE VERONESE,VR,,,
2499,406030020,CASTIONS DI STRADA,UD,,C327,33050
2500,403015552,CASTIRAGA DA REGGIO,MI,,,
2501,403015713,CASTIRAGA VIDARDO,MI,,C329,26866
2502,403098015,CASTIRAGA VIDARDO,LO,,C329,26866
2503,403017044,CASTO,BS,,C330,25070
2504,411044013,CASTORANO,AP,,C331,63081
2505,403017045,CASTREZZATO,BS,,C332,25030
2506,403017522,CASTREZZONE,BS,,,
2507,416075017,CASTRI DI LECCE,LE,,C334,73020
2508,416075018,CASTRIGNANO DE' GRECI,LE,,C335,73020
2509,416075019,CASTRIGNANO DEL CAPO,LE,,C336,73040
2510,416075096,CASTRO,LE,,C337,24063
2511,403016065,CASTRO,BG,,C337,24063
2512,412060023,CASTRO DEI VOLSCI,FR,,C338,03020
2513,408140005,CASTROCARO TERME E TERRA DEL SOLE,FC,,C339,47011
2514,408040005,CASTROCARO TERME E TERRA DEL SOLE,FO,,C339,47011
2515,412060022,CASTROCIELO,FR,,C340,03030
2516,419084013,CASTROFILIPPO,AG,,C341,92020
2517,418078031,CASTROLIBERO,CS,,C108,87040
2518,403012047,CASTRONNO,VA,,C343,21040
2519,419082025,CASTRONOVO DI SICILIA,PA,,C344,90030
2520,417076026,CASTRONUOVO DI SANT'ANDREA,PZ,,C345,85030
2521,414070016,CASTROPIGNANO,CB,,C346,86010
2522,419083016,CASTROREALE,ME,,C347,98053
2523,418078032,CASTROREGIO,CS,,C348,87070
2524,418078033,CASTROVILLARI,CS,,C349,87012
2525,418080503,CATAFORIO,RC,,,
2526,419087015,CATANIA,CT,,C351,95100
2527,418079023,CATANZARO,CZ,,C352,88100
2528,419086006,CATENANUOVA,EN,,C353,94010
2529,413068010,CATIGNANO,PE,,C354,65011
2530,418080504,CATONA,RC,,,
2531,408099002,CATTOLICA,RN,,C357,47841
2532,408040507,CATTOLICA,FO,,C357,47841
2533,419084014,CATTOLICA ERACLEA,AG,,C356,92011
2534,418080025,CAULONIA,RC,,C285,89041
2535,404022524,CAURIA,TN,,,
2536,415062021,CAUTANO,BN,,C359,82030
2537,415065037,CAVA DE' TIRRENI,SA,,C361,84013
2538,403018041,CAVA MANARA,PV,,C360,27051
2539,403019540,CAVA TIGOZZI,CR,,,
2540,403015714,CAVACURTA,MI,,C362,26844
2541,403098016,CAVACURTA,LO,,C362,26844
2542,401096016,CAVAGLIA',BI,,,
2543,401002543,CAVAGLIA',VC,,,
2544,401003044,CAVAGLIETTO,NO,,C364,28010
2545,401003045,CAVAGLIO D'AGOGNA,NO,,C365,28010
2546,401003534,CAVAGLIO SAN DONNINO,NO,,,
2547,401003632,CAVAGLIO-SPOCCIA,NO,,C367,28825
2548,401103020,CAVAGLIO-SPOCCIA,VB,,C367,28825
2549,403018525,CAVAGNERA,PV,,,
2550,401001069,CAVAGNOLO,TO,,C369,10020
2551,405023023,CAVAION VERONESE,VR,,C370,37010
2552,403015553,CAVAIONE,MI,,,
2553,404022050,CAVALESE,TN,,C372,38033
2554,403019539,CAVALLARA,CR,,,
2555,403013061,CAVALLASCA,CO,,C374,22020
2556,401004058,CAVALLERLEONE,CN,,C375,12030
2557,401004059,CAVALLERMAGGIORE,CN,,C376,12030
2558,416075020,CAVALLINO,LE,,C377,73020
2559,405027044,CAVALLINO-TREPORTI,VE,,M308,30013
2560,401003047,CAVALLIRIO,NO,,C378,28010
2561,401003535,CAVANDONE,NO,,,
2562,404022051,CAVARENO,TN,,C380,38011
2563,403013062,CAVARGNA,CO,,C381,22010
2564,403012048,CAVARIA CON PREMEZZO,VA,,C382,21044
2565,405027006,CAVARZERE,VE,,C383,30014
2566,405026014,CAVASO DEL TOMBA,TV,,C384,31034
2567,406030533,CAVASSO NUOVO,UD,,C385,33092
2568,406093012,CAVASSO NUOVO,PN,,C385,33092
2569,401006055,CAVATORE,AL,,C387,15010
2570,406030021,CAVAZZO CARNICO,UD,,C389,33020
2571,412058026,CAVE,RM,,C390,00033
2572,406032508,CAVE AUREMIANE,TS,,,
2573,404022052,CAVEDAGO,TN,,C392,38010
2574,404022053,CAVEDINE,TN,,C393,38073
2575,403098017,CAVENAGO D'ADDA,LO,,C394,26824
2576,403015715,CAVENAGO D'ADDA,MI,,C394,26824
2577,403108017,CAVENAGO DI BRIANZA,MB,,C395,20873
2578,403015068,CAVENAGO DI BRIANZA,MI,,C395,20873
2579,403016066,CAVERNAGO,BG,,C396,24050
2580,403013551,CAVERSACCIO,CO,,,
2581,408036009,CAVEZZO,MO,,C398,41032
2582,403015554,CAVIAGA,MI,,,
2583,404022054,CAVIZZANA,TN,,C400,38022
2584,403012533,CAVONA,VA,,,
2585,401001515,CAVORETTO,TO,,,
2586,401001070,CAVOUR,TO,,C404,10061
2587,404022662,CAVRASTO,TN,,,
2588,408035017,CAVRIAGO,RE,,C405,42025
2589,403020018,CAVRIANA,MN,,C406,46040
2590,409051013,CAVRIGLIA,AR,,C407,52022
2591,403012049,CAZZAGO BRABBIA,VA,,C409,21020
2592,403017046,CAZZAGO SAN MARTINO,BS,,C408,25046
2593,403015555,CAZZANO BESANA,MI,,,
2594,405023024,CAZZANO DI TRAMIGNA,VR,,C412,37030
2595,403016067,CAZZANO SANT'ANDREA,BG,,C410,24026
2596,412060024,CECCANO,FR,,C413,03023
2597,403018042,CECIMA,PV,,C414,27050
2598,409049007,CECINA,LI,,C415,57023
2599,406031520,CECONICO,GO,,,
2600,403017047,CEDEGOLO,BS,,C417,25051
2601,403014016,CEDRASCO,SO,,C418,23010
2602,403015556,CEDRATE,MI,,,
2603,419082026,CEFALA' DIANA,PA,,,
2604,419082027,CEFALU',PA,,,
2605,405027007,CEGGIA,VE,,C422,30022
2606,450500508,CEGLIE,FU,,,
2607,416072503,CEGLIE DEL CAMPO,BA,,,
2608,416074003,CEGLIE MESSAPICA,BR,,C424,72013
2609,413066032,CELANO,AQ,,C426,67043
2610,404022525,CELENTINO,TN,,,
2611,413069021,CELENZA SUL TRIGNO,CH,,C428,66050
2612,416071018,CELENZA VALFORTORE,FG,,C429,71035
2613,418078034,CELICO,CS,,C430,87053
2614,403012534,CELINA,VA,,,
2615,403019541,CELLA,CR,,,
2616,403019028,CELLA DATI,CR,,C435,26040
2617,403018526,CELLA DI BOBBIO,PV,,,
2618,401006056,CELLA MONTE,AL,,C432,15034
2619,416072018,CELLAMARE,BA,,C436,70010
2620,418078035,CELLARA,CS,,C437,87050
2621,401005033,CELLARENGO,AT,,C438,14010
2622,403017048,CELLATICA,BS,,C439,25060
2623,415065038,CELLE DI BULGHERIA,SA,,C444,84040
2624,401004060,CELLE DI MACRA,CN,,C441,12020
2625,416071019,CELLE DI SAN VITO,FG,,C442,71020
2626,401005034,CELLE ENOMONDO,AT,,C440,14010
2627,407009022,CELLE LIGURE,SV,,C443,17015
2628,404022526,CELLEDIZZO,TN,,,
2629,412056019,CELLENO,VT,,C446,01020
2630,412056020,CELLERE,VT,,C447,01010
2631,413067015,CELLINO ATTANASIO,TE,,C449,64036
2632,416074004,CELLINO SAN MARCO,BR,,C448,72020
2633,401002038,CELLIO,VC,,C450,13024
2634,401002171,CELLIO CON BREIA,VC,,,
2635,415061102,CELLOLE,CE,,M262,81030
2636,403018527,CELPENCHIO,PV,,,
2637,404022055,CEMBRA,TN,,C452,38034
2638,404022241,CEMBRA LISIGNAGO,TN,,,
2639,418079024,CENADI,CZ,,C453,88067
2640,403016518,CENATE,BG,,,
2641,403016519,CENATE D'ARGON,BG,,,
2642,403016068,CENATE SOPRA,BG,,C456,24060
2643,403016069,CENATE SOTTO,BG,,C457,24069
2644,405025010,CENCENIGHE AGORDINO,BL,,C458,32020
2645,403016070,CENE,BG,,C459,24020
2646,405026502,CENEDA,TV,,,
2647,405029014,CENESELLI,RO,,C461,45030
2648,407009511,CENESI,SV,,,
2649,407009023,CENGIO,SV,,C463,17056
2650,404021510,CENGLES,BZ,,,
2651,407008511,CENOVA,IM,,,
2652,404022056,CENTA SAN NICOLO',TN,,,
2653,401004061,CENTALLO,CN,,C466,12044
2654,403013552,CENTEMERO,CO,,,
2655,408038004,CENTO,FE,,C469,44042
2656,415065039,CENTOLA,SA,,C470,84051
2657,418079025,CENTRACHE,CZ,,C472,88067
2658,403016520,CENTRISOLA,BG,,,
2659,403013254,CENTRO VALLE INTELVI,CO,,,
2660,419086007,CENTURIPE,EN,,C471,94010
2661,413068011,CEPAGATTI,PE,,C474,65012
2662,403016521,CEPINO,BG,,,
2663,415062022,CEPPALONI,BN,,C476,82010
2664,403015557,CEPPEDA,MI,,,
2665,401103021,CEPPO MORELLI,VB,,C478,28875
2666,401003633,CEPPO MORELLI,NO,,C478,28875
2667,412060025,CEPRANO,FR,,C479,03024
2668,419086008,CERAMI,EN,,C480,94010
2669,407010014,CERANESI,GE,,C481,16014
2670,401003049,CERANO,NO,,C483,28065
2671,403013063,CERANO D'INTELVI,CO,,C482,22020
2672,403018043,CERANOVA,PV,,C484,27010
2673,415065040,CERASO,SA,,C485,84052
2674,414070017,CERCEMAGGIORE,CB,,C486,86012
2675,401001071,CERCENASCO,TO,,C487,10060
2676,414070018,CERCEPICCOLA,CB,,C488,86010
2677,418078036,CERCHIARA DI CALABRIA,CS,,C489,87070
2678,412057502,CERCHIARA DI SABINA,RI,,,
2679,403015558,CERCHIATE,MI,,,
2680,413066033,CERCHIO,AQ,,C492,67044
2681,403014017,CERCINO,SO,,C493,23016
2682,406030022,CERCIVENTO,UD,,C494,33020
2683,415063026,CERCOLA,NA,,C495,80040
2684,419082028,CERDA,PA,,C496,90010
2685,405023025,CEREA,VR,,C498,37053
2686,403013553,CEREDA,CO,,,
2687,405029015,CEREGNANO,RO,,C500,45010
2688,418101006,CERENZIA,KR,,C501,88833
2689,418079516,CERENZIA,CZ,,C501,88833
2690,401001072,CERES,TO,,C497,10070
2691,403020019,CERESARA,MN,,C502,46040
2692,401006057,CERESETO,AL,,C503,15020
2693,401004062,CERESOLE ALBA,CN,,C504,12040
2694,401001073,CERESOLE REALE,TO,,C505,10080
2695,403016071,CERETE,BG,,C506,24020
2696,403018044,CERETTO LOMELLINA,PV,,C508,27030
2697,403018045,CERGNAGO,PV,,C509,27020
2698,407009024,CERIALE,SV,,C510,17023
2699,407008016,CERIANA,IM,,C511,18034
2700,403108018,CERIANO LAGHETTO,MB,,C512,20816
2701,403015069,CERIANO LAGHETTO,MI,,C512,20816
2702,408033015,CERIGNALE,PC,,C513,29020
2703,416071020,CERIGNOLA,FG,,C514,71042
2704,418078037,CERISANO,CS,,C515,87044
2705,403013064,CERMENATE,CO,,C516,22072
2706,404021020,CERMES,BZ,,A022,39010
2707,413067016,CERMIGNANO,TE,,C517,64037
2708,406031521,CERNIZZA GORIZIANA,GO,,,
2709,403013065,CERNOBBIO,CO,,C520,22012
2710,403013680,CERNUSCO LOMBARDONE,CO,,C521,23870
2711,403097020,CERNUSCO LOMBARDONE,LC,,C521,23870
2712,403013554,CERNUSCO MONTEVECCHIA,CO,,,
2713,403015070,CERNUSCO SUL NAVIGLIO,MI,,C523,20063
2714,401096017,CERRETO CASTELLO,BI,,C526,13852
2715,401002544,CERRETO CASTELLO,VC,,C526,13852
2716,401005035,CERRETO D'ASTI,AT,,C528,14020
2717,411042013,CERRETO D'ESI,AN,,C524,60043
2718,410054010,CERRETO DI SPOLETO,PG,,C527,06041
2719,401006058,CERRETO GRUE,AL,,C507,15050
2720,409048011,CERRETO GUIDI,FI,,C529,50050
2721,412058027,CERRETO LAZIALE,RM,,C518,00020
2722,415062023,CERRETO SANNITA,BN,,C525,82032
2723,401004063,CERRETTO LANGHE,CN,,C530,12050
2724,401006059,CERRINA MONFERRATO,AL,,C531,15020
2725,401002545,CERRIONE,VC,,C532,13882
2726,401096018,CERRIONE,BI,,C532,13882
2727,403015071,CERRO AL LAMBRO,MI,,C536,20070
2728,414070516,CERRO AL VOLTURNO,CB,,C534,86072
2729,414094014,CERRO AL VOLTURNO,IS,,C534,86072
2730,403012535,CERRO LAGO MAGGIORE,VA,,,
2731,403015072,CERRO MAGGIORE,MI,,C537,20023
2732,401005036,CERRO TANARO,AT,,C533,14030
2733,405023026,CERRO VERONESE,VR,,C538,37020
2734,417076027,CERSOSIMO,PZ,,C539,85030
2735,409048012,CERTALDO,FI,,C540,50052
2736,403018046,CERTOSA DI PAVIA,PV,,C541,27012
2737,418079027,CERVA,CZ,,C542,88050
2738,412058028,CERVARA DI ROMA,RM,,C543,00020
2739,405028030,CERVARESE SANTA CROCE,PD,,C544,35030
2740,412060026,CERVARO,FR,,C545,03044
2741,401002509,CERVAROLO,VC,,,
2742,401004064,CERVASCA,CN,,C547,12010
2743,401002041,CERVATTO,VC,,C548,13025
2744,403017049,CERVENO,BS,,C549,25040
2745,401004065,CERVERE,CN,,C550,12040
2746,403018047,CERVESINA,PV,,C551,27050
2747,412058029,CERVETERI,RM,,C552,00052
2748,408039007,CERVIA,RA,,C553,48015
2749,418078038,CERVICATI,CS,,C554,87010
2750,403015716,CERVIGNANO D'ADDA,MI,,C555,26832
2751,403098018,CERVIGNANO D'ADDA,LO,,C555,26832
2752,406030023,CERVIGNANO DEL FRIULI,UD,,C556,33052
2753,415064025,CERVINARA,AV,,C557,83012
2754,415061028,CERVINO,CE,,C558,81023
2755,407008017,CERVO,IM,,C559,18010
2756,418078039,CERZETO,CS,,C560,87040
2757,415061029,CESA,CE,,C561,81030
2758,403097021,CESANA BRIANZA,LC,,C563,23861
2759,403013681,CESANA BRIANZA,CO,,C563,23861
2760,401001074,CESANA TORINESE,TO,,C564,10054
2761,403015074,CESANO BOSCONE,MI,,C565,20090
2762,403015075,CESANO MADERNO,MI,,C566,20811
2763,403108019,CESANO MADERNO,MB,,C566,20811
2764,401103022,CESARA,VB,,C567,28891
2765,401003634,CESARA,NO,,C567,28891
2766,419083017,CESARO',ME,,,
2767,403015076,CESATE,MI,,C569,20020
2768,406030503,CESCLANS,UD,,,
2769,410054505,CESELLI,PG,,,
2770,403013555,CESELLO BRIANZA,CO,,,
2771,408140007,CESENA,FC,,C573,4752x
2772,408040007,CESENA,FO,,C573,4752x
2773,408040008,CESENATICO,FO,,C574,47042
2774,408140008,CESENATICO,FC,,C574,47042
2775,410055503,CESI,TR,,,
2776,415064026,CESINALI,AV,,C576,83020
2777,407008018,CESIO,IM,,C578,18022
2778,405025011,CESIOMAGGIORE,BL,,C577,32030
2779,401001516,CESNOLA,TO,,,
2780,405026015,CESSALTO,TV,,C580,31040
2781,418079517,CESSANITI,CZ,,C581,89816
2782,418102006,CESSANITI,VV,,C581,89816
2783,411043011,CESSAPALOMBO,MC,,C582,62020
2784,401005037,CESSOLE,AT,,C583,14050
2785,415065041,CETARA,SA,,C584,84010
2786,403017050,CETO,BS,,C585,25040
2787,403017523,CETO-CERVENO,BS,,,
2788,409052008,CETONA,SI,,C587,53040
2789,418078040,CETRARO,CS,,C588,87022
2790,401004066,CEVA,CN,,C589,12073
2791,404021511,CEVES,BZ,,,
2792,403017051,CEVO,BS,,C591,25040
2793,402007013,CHALLAND-SAINT-ANSELME,AO,,C593,11020
2794,402007014,CHALLAND-SAINT-VICTOR,AO,,C594,11020
2795,402007501,CHALLANT SAINT ANSELME ET CHALLANT SAI,AO,,,
2796,402007015,CHAMBAVE,AO,,C595,11023
2797,402007016,CHAMOIS,AO,,B491,11020
2798,402007017,CHAMPDEPRAZ,AO,,C596,11020
2799,401001517,CHAMPLAS DU COL,TO,,,
2800,402007018,CHAMPORCHER,AO,,B540,11020
2801,402007019,CHARVENSOD,AO,,C598,11020
2802,402007020,CHATILLON,AO,,C294,11024
2803,401004067,CHERASCO,CN,,C599,12062
2804,420090024,CHEREMULE,SS,,C600,07040
2805,450501510,CHERSO,PL,,,
2806,401001518,CHIABRANO,TO,,,
2807,415063502,CHIAIANO ED UNITI,NA,,,
2808,401001075,CHIALAMBERTO,TO,,C604,10070
2809,405024029,CHIAMPO,VI,,C605,36072
2810,415064027,CHIANCHE,AV,,C606,83010
2811,415064502,CHIANCHETELLE,AV,,,
2812,409052009,CHIANCIANO TERME,SI,,C608,53042
2813,409050012,CHIANNI,PI,,C609,56034
2814,401001076,CHIANOCCO,TO,,C610,10050
2815,406031522,CHIAPOVANO,GO,,,
2816,419088002,CHIARAMONTE GULFI,RG,,C612,97012
2817,420090025,CHIARAMONTI,SS,,C613,07030
2818,405026016,CHIARANO,TV,,C614,31040
2819,411042014,CHIARAVALLE,AN,,C615,60033
2820,418079029,CHIARAVALLE CENTRALE,CZ,,C616,88064
2821,403015559,CHIARAVALLE MILANESE,MI,,,
2822,403017052,CHIARI,BS,,C618,25032
2823,417076028,CHIAROMONTE,PZ,,C619,85032
2824,414094015,CHIAUCI,IS,,C620,86097
2825,414070517,CHIAUCI,CB,,C620,86097
2826,407010015,CHIAVARI,GE,,C621,16043
2827,401002510,CHIAVAZZA,VC,,,
2828,403014018,CHIAVENNA,SO,,C623,23022
2829,401001077,CHIAVERANO,TO,,C624,10010
2830,404021021,CHIENES,BZ,,C625,39030
2831,404022527,CHIENIS,TN,,,
2832,401001078,CHIERI,TO,,C627,10023
2833,405025012,CHIES D'ALPAGO,BL,,C630,32010
2834,403014019,CHIESA IN VALMALENCO,SO,,C628,23023
2835,401001079,CHIESANUOVA,TO,,C629,10080
2836,409047022,CHIESINA UZZANESE,PT,,C631,51013
2837,413069022,CHIETI,CH,,C632,66100
2838,416071021,CHIEUTI,FG,,C633,71010
2839,403019029,CHIEVE,CR,,C634,26010
2840,403016072,CHIGNOLO D'ISOLA,BG,,C635,24040
2841,403018048,CHIGNOLO PO,PV,,C637,27013
2842,401003536,CHIGNOLO VERBANO,NO,,,
2843,405027008,CHIOGGIA,VE,,C638,30015
2844,401001080,CHIOMONTE,TO,,C639,10050
2845,406030534,CHIONS,UD,,C640,33083
2846,406093013,CHIONS,PN,,C640,33083
2847,406030024,CHIOPRIS VISCONE,UD,,,
2848,403015560,CHIOSI D'ADDA VIGADORE,MI,,,
2849,403015561,CHIOSI DI PORTA D'ADDA,MI,,,
2850,403015562,CHIOSI PORTA CREMONESE,MI,,,
2851,403015563,CHIOSI PORTA REGALE,MI,,,
2852,403015564,CHIOSI UNITI CON BOTTEDO,MI,,,
2853,405027502,CHIRIGNAGO,VE,,,
2854,409051014,CHITIGNANO,AR,,C648,52010
2855,403016073,CHIUDUNO,BG,,C649,24060
2856,405024030,CHIUPPANO,VI,,C650,36010
2857,403014020,CHIURO,SO,,C651,23030
2858,404021022,CHIUSA,BZ,,C652,39043
2859,401004068,CHIUSA DI PESIO,CN,,C653,12013
2860,401001081,CHIUSA DI SAN MICHELE,TO,,C655,10050
2861,419082029,CHIUSA SCLAFANI,PA,,C654,90033
2862,406030025,CHIUSAFORTE,UD,,C656,33010
2863,407008019,CHIUSANICO,IM,,C657,18027
2864,401005038,CHIUSANO D'ASTI,AT,,C658,14025
2865,415064028,CHIUSANO DI SAN DOMENICO,AV,,C659,83040
2866,407008020,CHIUSAVECCHIA,IM,,C660,18027
2867,409052010,CHIUSDINO,SI,,C661,53012
2868,409052011,CHIUSI,SI,,C662,53043
2869,409051015,CHIUSI DELLA VERNA,AR,,C663,52010
2870,403013556,CHIUSO,CO,,,
2871,401001082,CHIVASSO,TO,,C665,10034
2872,404022528,CHIZZOLA,TN,,,
2873,404022529,CIAGO,TN,,,
2874,412058118,CIAMPINO,RM,,M272,00043
2875,419084015,CIANCIANA,AG,,C668,92012
2876,408035018,CIANO D'ENZA,RE,,,
2877,404021512,CIARDES,BZ,,,
2878,405025013,CIBIANA DI CADORE,BL,,C672,32040
2879,407010016,CICAGNA,GE,,C673,16044
2880,418079030,CICALA,CZ,,C674,88040
2881,415063027,CICCIANO,NA,,C675,80033
2882,415065042,CICERALE,SA,,C676,84053
2883,412058030,CICILIANO,RM,,C677,00020
2884,403019030,CICOGNOLO,CR,,C678,26030
2885,401001083,CICONIO,TO,,C679,10080
2886,401002042,CIGLIANO,VC,,C680,13043
2887,401004069,CIGLIE',CN,,,
2888,403017524,CIGNANO,BS,,,
2889,403019542,CIGNONE,CR,,,
2890,403018049,CIGOGNOLA,PV,,C684,27040
2891,403017053,CIGOLE,BS,,C685,25020
2892,403018050,CILAVEGNA,PV,,C686,27024
2893,403017525,CILIVERGHE,BS,,,
2894,403013557,CIMA,CO,,,
2895,405026017,CIMADOLMO,TV,,C689,31010
2896,401003537,CIMAMULERA,NO,,,
2897,403017054,CIMBERGO,BS,,C691,25050
2898,403017526,CIMBERGO-PASPARDO,BS,,,
2899,403012536,CIMBRO,VA,,,
2900,404022057,CIMEGO,TN,,C694,38082
2901,418080026,CIMINA',RC,,,
2902,419082030,CIMINNA,PA,,C696,90023
2903,415063028,CIMITILE,NA,,C697,80030
2904,406093014,CIMOLAIS,PN,,C699,33080
2905,406030535,CIMOLAIS,UD,,C699,33080
2906,404022058,CIMONE,TN,,C700,38060
2907,401005039,CINAGLIO,AT,,C701,14020
2908,412058031,CINETO ROMANO,RM,,C702,00020
2909,403019031,CINGIA DE' BOTTI,CR,,C703,26042
2910,411043012,CINGOLI,MC,,C704,62011
2911,409053007,CINIGIANO,GR,,C705,58044
2912,403015565,CINISELLO,MI,,,
2913,403015077,CINISELLO BALSAMO,MI,,C707,20092
2914,419082031,CINISI,PA,,C708,90045
2915,403014021,CINO,SO,,C709,23010
2916,418080027,CINQUEFRONDI,RC,,C710,89021
2917,401001084,CINTANO,TO,,C711,10080
2918,404022059,CINTE TESINO,TN,,C712,38050
2919,405027009,CINTO CAOMAGGIORE,VE,,C714,30020
2920,405028031,CINTO EUGANEO,PD,,C713,35030
2921,401001085,CINZANO,TO,,C715,10090
2922,415061030,CIORLANO,CE,,C716,81010
2923,407008021,CIPRESSA,IM,,C718,18017
2924,415062024,CIRCELLO,BN,,C719,82020
2925,406031523,CIRCHINA,GO,,,
2926,401003538,CIREGGIO,NO,,,
2927,401001086,CIRIE',TO,,,
2928,417077005,CIRIGLIANO,MT,,C723,75010
2929,403013068,CIRIMIDO,CO,,C724,22070
2930,418079518,CIRO',CZ,,,
2931,418101007,CIRO',KR,,,
2932,418101008,CIRO' MARINA,KR,,,
2933,418079519,CIRO' MARINA,CZ,,,
2934,404022060,CIS,TN,,C727,38020
2935,403016074,CISANO BERGAMASCO,BG,,C728,24034
2936,407009025,CISANO SUL NEVA,SV,,C729,17035
2937,403016075,CISERANO,BG,,C730,24040
2938,406030504,CISERIIS,UD,,,
2939,403012050,CISLAGO,VA,,C732,21040
2940,403015078,CISLIANO,MI,,C733,20080
2941,405024031,CISMON DEL GRAPPA,VI,,C734,36020
2942,405026018,CISON DI VALMARINO,TV,,C735,31030
2943,401003539,CISORE,NO,,,
2944,401004070,CISSONE,CN,,C738,12050
2945,401005040,CISTERNA D'ASTI,AT,,C739,14010
2946,412059005,CISTERNA DI LATINA,LT,,C740,04012
2947,416074005,CISTERNINO,BR,,C741,72014
2948,410054011,CITERNA,PG,,C742,06010
2949,410054012,CITTA' DELLA PIEVE,PG,,,
2950,410054013,CITTA' DI CASTELLO,PG,,,
2951,413068012,CITTA' SANT'ANGELO,PE,,,
2952,405028032,CITTADELLA,PD,,C743,35013
2953,412057016,CITTADUCALE,RI,,C746,02015
2954,418080028,CITTANOVA,RC,,C747,89022
2955,450501511,CITTANOVA D'ISTRIA,PL,,,
2956,412057017,CITTAREALE,RI,,C749,02010
2957,403012051,CITTIGLIO,VA,,C751,21033
2958,403013682,CIVATE,CO,,C752,23862
2959,403097022,CIVATE,LC,,C752,23862
2960,403013558,CIVELLO,CO,,,
2961,403013070,CIVENNA,CO,,C754,22030
2962,407008022,CIVEZZA,IM,,C755,18017
2963,404022061,CIVEZZANO,TN,,C756,38045
2964,401002043,CIVIASCO,VC,,C757,13010
2965,406030026,CIVIDALE DEL FRIULI,UD,,C758,33043
2966,403016076,CIVIDATE AL PIANO,BG,,C759,24050
2967,403017055,CIVIDATE CAMUNO,BS,,C760,25040
2968,403017527,CIVIDATE-MALEGNO,BS,,,
2969,403013559,CIVIGLIO,CO,,,
2970,418078041,CIVITA,CS,,C763,87010
2971,412056021,CIVITA CASTELLANA,VT,,C765,01033
2972,413066034,CIVITA D'ANTINO,AQ,,C766,67050
2973,414070019,CIVITACAMPOMARANO,CB,,C764,86030
2974,413069023,CIVITALUPARELLA,CH,,C768,66040
2975,414070518,CIVITANOVA DEL SANNIO,CB,,C769,86094
2976,414094016,CIVITANOVA DEL SANNIO,IS,,C769,86094
2977,411043013,CIVITANOVA MARCHE,MC,,C770,62012
2978,413068013,CIVITAQUANA,PE,,C771,65010
2979,412058032,CIVITAVECCHIA,RM,,C773,00053
2980,413066035,CIVITELLA ALFEDENA,AQ,,C778,67030
2981,413068014,CIVITELLA CASANOVA,PE,,C779,65010
2982,412056022,CIVITELLA D'AGLIANO,VT,,C780,01020
2983,413067017,CIVITELLA DEL TRONTO,TE,,C781,64010
2984,408140009,CIVITELLA DI ROMAGNA,FC,,C777,47012
2985,408040009,CIVITELLA DI ROMAGNA,FO,,C777,47012
2986,409051016,CIVITELLA IN VAL DI CHIANA,AR,,C774,52041
2987,415062503,CIVITELLA LICINIO,BN,,,
2988,413069024,CIVITELLA MESSER RAIMONDO,CH,,C776,66010
2989,409053008,CIVITELLA PAGANICO,GR,,C782,58045
2990,413066036,CIVITELLA ROVETO,AQ,,C783,67054
2991,412058033,CIVITELLA SAN PAOLO,RM,,C784,00060
2992,403014022,CIVO,SO,,C785,23010
2993,403017528,CIZZAGO,BS,,,
2994,403013071,CLAINO CON OSTENO,CO,,C787,22010
2995,450500509,CLANA,FU,,,
2996,406030536,CLAUT,UD,,C790,33080
2997,406093015,CLAUT,PN,,C790,33080
2998,406093016,CLAUZETTO,PN,,C791,33090
2999,406030537,CLAUZETTO,UD,,C791,33090
3000,401004071,CLAVESANA,CN,,C792,12060
3001,401001087,CLAVIERE,TO,,C793,10050
3002,404022062,CLES,TN,,C794,38023
3003,418078042,CLETO,CS,,C795,87030
3004,403012052,CLIVIO,VA,,C796,21050
3005,404022063,CLOZ,TN,,C797,38020
3006,403017529,CLUSANE SUL LAGO,BS,,,
3007,404021514,CLUSIO,BZ,,,
3008,403016077,CLUSONE,BG,,C800,24023
3009,401001088,COASSOLO TORINESE,TO,,C801,10070
3010,403015566,COAZZANO,MI,,,
3011,401001089,COAZZE,TO,,C803,10050
3012,401005041,COAZZOLO,AT,,C804,14054
3013,406031524,COBBIA,GO,,,
3014,403017056,COCCAGLIO,BS,,C806,25030
3015,401005042,COCCONATO,AT,,C807,14023
3016,401006509,COCCONITO,AL,,,
3017,403012537,COCQUIO,VA,,,
3018,403012053,COCQUIO-TREVISAGO,VA,,C810,21034
3019,413066037,COCULLO,AQ,,C811,67030
3020,405028033,CODEVIGO,PD,,C812,35020
3021,403018051,CODEVILLA,PV,,C813,27050
3022,408038005,CODIGORO,FE,,C814,44021
3023,405026019,CODOGNE',TV,,,
3024,403098019,CODOGNO,LO,,C816,26845
3025,403015717,CODOGNO,MI,,C816,26845
3026,406030027,CODROIPO,UD,,C817,33033
3027,420090026,CODRONGIANOS,SS,,C818,07040
3028,401096019,COGGIOLA,BI,,C819,13863
3029,401002546,COGGIOLA,VC,,C819,13863
3030,403015080,COGLIATE,MI,,C820,20815
3031,403108020,COGLIATE,MB,,C820,20815
3032,402007021,COGNE,AO,,C821,11012
3033,404022530,COGNOCA,TN,,,
3034,407010017,COGOLETO,GE,,C823,16016
3035,405024032,COGOLLO DEL CENGIO,VI,,C824,36010
3036,404022531,COGOLO,TN,,,
3037,407010018,COGORNO,GE,,C826,16030
3038,401003540,COIMO,NO,,,
3039,401003541,COIROMONTE,NO,,,
3040,401001519,COL SAN GIOVANNI,TO,,,
3041,401003051,COLAZZA,NO,,C829,28010
3042,411141012,COLBORDOLO,PU,,C830,61022
3043,411041012,COLBORDOLO,PS,,C830,61022
3044,401005043,COLCAVAGNO,AT,,,
3045,405024126,COLCERESA,VI,,,
3046,403013560,COLCIAGO,CO,,,
3047,407008512,COLDIRODI,IM,,,
3048,404021515,COLDRANO,BZ,,,
3049,403016078,COLERE,BG,,C835,24020
3050,412060027,COLFELICE,FR,,C836,03030
3051,404021516,COLFOSCO,BZ,,,
3052,408033016,COLI,PC,,C838,29020
3053,403097023,COLICO,LC,,C839,23823
3054,403013683,COLICO,CO,,C839,23823
3055,408035019,COLLAGNA,RE,,C840,42037
3056,412057018,COLLALTO SABINO,RI,,C841,02022
3057,413066038,COLLARMELE,AQ,,C844,67040
3058,410054014,COLLAZZONE,PG,,C845,06050
3059,403013684,COLLE BRIANZA,CO,,C851,23886
3060,403097024,COLLE BRIANZA,LC,,C851,23886
3061,414070020,COLLE D'ANCHISE,CB,,C854,86020
3062,412057019,COLLE DI TORA,RI,,C857,02020
3063,409052012,COLLE DI VAL D'ELSA,SI,,C847,53034
3064,404021517,COLLE IN CASIES,BZ,,,
3065,412060029,COLLE SAN MAGNO,FR,,C870,03030
3066,415062025,COLLE SANNITA,BN,,C846,82024
3067,405025014,COLLE SANTA LUCIA,BL,,C872,32020
3068,405026020,COLLE UMBERTO,TV,,C848,31014
3069,412057503,COLLEBACCARO,RI,,,
3070,403017057,COLLEBEATO,BS,,C850,25060
3071,408034009,COLLECCHIO,PR,,C852,43044
3072,413068015,COLLECORVINO,PE,,C853,65010
3073,413067018,COLLEDARA,TE,,C311,64042
3074,413069025,COLLEDIMACINE,CH,,C855,66010
3075,413069026,COLLEDIMEZZO,CH,,C856,66040
3076,412058034,COLLEFERRO,RM,,C858,00034
3077,412057020,COLLEGIOVE,RI,,C859,02020
3078,401001090,COLLEGNO,TO,,C860,10093
3079,413066039,COLLELONGO,AQ,,C862,67050
3080,410054506,COLLEMANCIO,PG,,,
3081,412060028,COLLEPARDO,FR,,C864,03010
3082,416075021,COLLEPASSO,LE,,C865,73040
3083,413066040,COLLEPIETRO,AQ,,C866,67020
3084,401001091,COLLERETTO CASTELNUOVO,TO,,C867,10080
3085,401001092,COLLERETTO GIACOSA,TO,,C868,10010
3086,409049008,COLLESALVETTI,LI,,C869,57014
3087,419082032,COLLESANO,PA,,C871,90016
3088,410055504,COLLESCIPOLI,TR,,,
3089,410055505,COLLESTATTE,TR,,,
3090,414070021,COLLETORTO,CB,,C875,86044
3091,412057021,COLLEVECCHIO,RI,,C876,02042
3092,414094017,COLLI A VOLTURNO,IS,,C878,86073
3093,414070519,COLLI A VOLTURNO,CB,,C878,86073
3094,411141069,COLLI AL METAURO,PU,,,
3095,411041069,COLLI AL METAURO,PS,,,
3096,411044014,COLLI DEL TRONTO,AP,,C877,63079
3097,404021518,COLLI IN PUSTERIA,BZ,,,
3098,412057022,COLLI SUL VELINO,RI,,C880,02010
3099,403018193,COLLI VERDI,PV,,,
3100,415065043,COLLIANO,SA,,C879,84020
3101,420092014,COLLINAS,CA,,C882,09020
3102,403017058,COLLIO,BS,,C883,25060
3103,401002045,COLLOBIANO,VC,,C884,13030
3104,406030028,COLLOREDO DI MONTE ALBANO,UD,,C885,33010
3105,411043014,COLMURANO,MC,,C886,62020
3106,403015567,COLNAGO,MI,,,
3107,417077006,COLOBRARO,MT,,C888,75021
3108,403013561,COLOGNA,CO,,,
3109,404022533,COLOGNA IN GIUDICARIE,TN,,,
3110,405023027,COLOGNA VENETA,VR,,C890,37044
3111,404022532,COLOGNA-CAVAZZO,TN,,,
3112,403017059,COLOGNE,BS,,C893,25033
3113,403016079,COLOGNO AL SERIO,BG,,C894,24055
3114,403015081,COLOGNO MONZESE,MI,,C895,20093
3115,405023028,COLOGNOLA AI COLLI,VR,,C897,37030
3116,403016522,COLOGNOLA DEL PIANO,BG,,,
3117,403017530,COLOMBARO,BS,,,
3118,403019543,COLOMBAROLO,CR,,,
3119,412058035,COLONNA,RM,,C900,00030
3120,413067019,COLONNELLA,TE,,C901,64010
3121,403013074,COLONNO,CO,,C902,22010
3122,403014023,COLORINA,SO,,C903,23010
3123,408034010,COLORNO,PR,,C904,43052
3124,418078043,COLOSIMI,CS,,C905,87050
3125,404021519,COLSANO,BZ,,,
3126,403015082,COLTURANO,MI,,C908,20060
3127,403013251,COLVERDE,CO,,,
3128,403015568,COLZANO,MI,,,
3129,403016080,COLZATE,BG,,C910,24020
3130,403012054,COMABBIO,VA,,C911,21020
3131,408038006,COMACCHIO,FE,,C912,44022
3132,403018528,COMAIRANO,PV,,,
3133,404022534,COMANO,TN,,C914,54015
3134,409045005,COMANO,MS,,C914,54015
3135,404022228,COMANO TERME,TN,,M314,38077
3136,404022535,COMASINE,TN,,,
3137,403098020,COMAZZO,LO,,C917,26833
3138,403015718,COMAZZO,MI,,C917,26833
3139,406030029,COMEGLIANS,UD,,C918,33023
3140,405025015,COMELICO SUPERIORE,BL,,C920,32040
3141,406031525,COMENO,GO,,,
3142,403012055,COMERIO,VA,,C922,21025
3143,403017531,COMERO,BS,,,
3144,403017532,COMEZZANO,BS,,,
3145,403017060,COMEZZANO-CIZZAGO,BS,,C925,25030
3146,404022663,COMIGHELLO,TN,,,
3147,401003052,COMIGNAGO,NO,,C926,28060
3148,419088003,COMISO,RG,,C927,97013
3149,419084016,COMITINI,AG,,C928,92020
3150,415063029,COMIZIANO,NA,,C929,80030
3151,403020020,COMMESSAGGIO,MN,,C930,46010
3152,404022064,COMMEZZADURA,TN,,C931,38020
3153,401003542,COMNAGO,NO,,,
3154,403013075,COMO,CO,,C933,22100
3155,408034011,COMPIANO,PR,,C934,43053
3156,403016081,COMUN NUOVO,BG,,C937,24040
3157,411044015,COMUNANZA,AP,,C935,63087
3158,405027010,CONA,VE,,C938,30010
3159,414070520,CONCA CASALE,CB,,C941,86070
3160,414094018,CONCA CASALE,IS,,C941,86070
3161,415065044,CONCA DEI MARINI,SA,,C940,84010
3162,415061031,CONCA DELLA CAMPANIA,CE,,C939,81044
3163,405029507,CONCADIRAME,RO,,,
3164,405023029,CONCAMARISE,VR,,C943,37050
3165,404022065,CONCEI,TN,,,
3166,403013562,CONCENEDO,CO,,,
3167,412057023,CONCERVIANO,RI,,C946,02020
3168,403015569,CONCESA,MI,,,
3169,403017061,CONCESIO,BS,,C948,25062
3170,405024033,CONCO,VI,,C949,36062
3171,405027011,CONCORDIA SAGITTARIA,VE,,C950,30023
3172,408036010,CONCORDIA SULLA SECCHIA,MO,,C951,41033
3173,403108021,CONCOREZZO,MB,,C952,20863
3174,403015084,CONCOREZZO,MI,,C952,20863
3175,404022066,CONDINO,TN,,C953,38083
3176,418080029,CONDOFURI,RC,,C954,89030
3177,401001093,CONDOVE,TO,,C955,10055
3178,419083018,CONDRO',ME,,,
3179,405026021,CONEGLIANO,TV,,C957,31015
3180,403018052,CONFIENZA,PV,,C958,27030
3181,412057024,CONFIGNI,RI,,C959,02040
3182,418079033,CONFLENTI,CZ,,C960,88040
3183,407008513,CONIO,IM,,,
3184,401006060,CONIOLO,AL,,C962,15030
3185,408039008,CONSELICE,RA,,C963,48017
3186,405028034,CONSELVE,PD,,C964,35026
3187,403013076,CONSIGLIO DI RUMO,CO,,,
3188,403013563,CONSONNO,CO,,,
3189,404022242,CONTA',TN,,,
3190,405029016,CONTARINA,RO,,,
3191,419082033,CONTESSA ENTELLINA,PA,,C968,90030
3192,412057025,CONTIGLIANO,RI,,C969,02043
3193,403013564,CONTRA,CO,,,
3194,415064029,CONTRADA,AV,,C971,83020
3195,413067020,CONTROGUERRA,TE,,C972,64010
3196,415065045,CONTRONE,SA,,C973,84020
3197,415065046,CONTURSI,SA,,,
3198,416072019,CONVERSANO,BA,,C975,70014
3199,415064030,CONZA DELLA CAMPANIA,AV,,C976,83040
3200,401006061,CONZANO,AL,,C977,15030
3201,416075022,COPERTINO,LE,,C978,73043
3202,403018053,COPIANO,PV,,C979,27010
3203,408038007,COPPARO,FE,,C980,44034
3204,403015570,COPRENO,MI,,,
3205,403018054,CORANA,PV,,C982,27050
3206,416072020,CORATO,BA,,C983,70033
3207,415065047,CORBARA,SA,,C984,84010
3208,403018529,CORBESATE,PV,,,
3209,403015085,CORBETTA,MI,,C986,20011
3210,405029017,CORBOLA,RO,,C987,45015
3211,412056023,CORCHIANO,VT,,C988,01030
3212,401003543,CORCIAGO,NO,,,
3213,410054015,CORCIANO,PG,,C990,06073
3214,406030538,CORDENONS,UD,,C991,33084
3215,406093017,CORDENONS,PN,,C991,33084
3216,405026022,CORDIGNANO,TV,,C992,31016
3217,406093018,CORDOVADO,PN,,C993,33075
3218,406030539,CORDOVADO,UD,,C993,33075
3219,404022067,COREDO,TN,,C994,38010
3220,409046011,COREGLIA ANTELMINELLI,LU,,C996,55025
3221,407010019,COREGLIA LIGURE,GE,,C995,16040
3222,403013565,CORENNO PLINIO,CO,,,
3223,412060030,CORENO AUSONIO,FR,,C998,03040
3224,413066041,CORFINIO,AQ,,C999,67030
3225,403012538,CORGENO,VA,,,
3226,406032509,CORGNALE,TS,,,
3227,412059006,CORI,LT,,D003,04010
3228,408040508,CORIANO,FO,,D004,47853
3229,408099003,CORIANO,RN,,D004,47853
3230,418078044,CORIGLIANO CALABRO,CS,,D005,87064
3231,416075023,CORIGLIANO D'OTRANTO,LE,,D006,73022
3232,418078157,CORIGLIANO-ROSSANO,CS,,,
3233,411042015,CORINALDO,AN,,D007,60013
3234,401001094,CORIO,TO,,D008,10070
3235,419082034,CORLEONE,PA,,D009,90034
3236,415065048,CORLETO MONFORTE,SA,,D011,84020
3237,417076029,CORLETO PERTICARA,PZ,,D010,85012
3238,403015086,CORMANO,MI,,D013,20032
3239,406031002,CORMONS,GO,,D014,34071
3240,403016082,CORNA IMAGNA,BG,,D015,24030
3241,403016249,CORNALBA,BG,,D016,24017
3242,403018055,CORNALE,PV,,D017,27050
3243,403018191,CORNALE E BASTIDA,PV,,,
3244,403015087,CORNAREDO,MI,,D018,20010
3245,403015088,CORNATE D'ADDA,MI,,D019,20872
3246,403108053,CORNATE D'ADDA,MB,,D019,20872
3247,404021023,CORNEDO ALL'ISARCO,BZ,,B799,39053
3248,405024034,CORNEDO VICENTINO,VI,,D020,36073
3249,403098021,CORNEGLIANO LAUDENSE,LO,,D021,26854
3250,403015719,CORNEGLIANO LAUDENSE,MI,,D021,26854
3251,403015571,CORNELIANO BERTARIO,MI,,,
3252,401004072,CORNELIANO D'ALBA,CN,,D022,12040
3253,408034012,CORNIGLIO,PR,,D026,43021
3254,406030030,CORNO DI ROSAZZO,UD,,D027,33040
3255,403015720,CORNO GIOVINE,MI,,D028,26846
3256,403098022,CORNO GIOVINE,LO,,D028,26846
3257,403098023,CORNOVECCHIO,LO,,D029,26842
3258,403015721,CORNOVECCHIO,MI,,D029,26842
3259,405026023,CORNUDA,TV,,D030,31041
3260,406031526,CORONA,GO,,,
3261,403019544,CORPI SANTI DI CREMONA,CR,,,
3262,403015572,CORPI SANTI DI MILANO,MI,,,
3263,403018530,CORPI SANTI DI PAVIA,PV,,,
3264,408035020,CORREGGIO,RE,,D037,42015
3265,403108022,CORREZZANA,MB,,D038,20856
3266,403015092,CORREZZANA,MI,,D038,20856
3267,405023508,CORREZZO,VR,,,
3268,405028035,CORREZZOLA,PD,,D040,35020
3269,403013077,CORRIDO,CO,,D041,22010
3270,411043015,CORRIDONIA,MC,,D042,62014
3271,413067021,CORROPOLI,TE,,D043,64013
3272,416075024,CORSANO,LE,,D044,73033
3273,403015093,CORSICO,MI,,D045,20094
3274,401005044,CORSIONE,AT,,D046,14020
3275,403013566,CORTABBIO,CO,,,
3276,404021024,CORTACCIA SULLA STRADA DEL VINO,BZ,,D048,39040
3277,418079034,CORTALE,CZ,,D049,88020
3278,401005045,CORTANDONE,AT,,D050,14013
3279,401005046,CORTANZE,AT,,D051,14020
3280,401005047,CORTAZZONE,AT,,D052,14010
3281,403016523,CORTE,BG,,,
3282,408033017,CORTE BRUGNATELLA,PC,,D054,29020
3283,403019545,CORTE DE' CORTESI,CR,,,
3284,403019032,CORTE DE' CORTESI CON CIGNONE,CR,,D056,26020
3285,403019033,CORTE DE' FRATI,CR,,D057,26010
3286,403017062,CORTE FRANCA,BS,,D058,25040
3287,403019546,CORTE MADAMA,CR,,,
3288,403015722,CORTE PALASIO,MI,,D068,26834
3289,403098024,CORTE PALASIO,LO,,D068,26834
3290,403015573,CORTE SANT'ANDREA,MI,,,
3291,408033018,CORTEMAGGIORE,PC,,D061,29016
3292,401004073,CORTEMILIA,CN,,D062,12074
3293,403017533,CORTENEDOLO,BS,,,
3294,403017063,CORTENO GOLGI,BS,,D064,25040
3295,403097025,CORTENOVA,LC,,D065,23813
3296,403013685,CORTENOVA,CO,,D065,23813
3297,403016083,CORTENUOVA,BG,,D066,24050
3298,403018056,CORTEOLONA,PV,,D067,27014
3299,403018192,CORTEOLONA E GENZONE,PV,,,
3300,401006510,CORTERANZO,AL,,,
3301,403019547,CORTETANO,CR,,,
3302,404021521,CORTI IN PUSTERIA,BZ,,,
3303,403017534,CORTICELLE PIEVE,BS,,,
3304,401005048,CORTIGLIONE,AT,,D072,14040
3305,408034502,CORTILE SAN MARTINO,PR,,,
3306,405025016,CORTINA D'AMPEZZO,BL,,A266,32043
3307,404021025,CORTINA SULLA STRADA DEL VINO,BZ,,D075,39040
3308,413067022,CORTINO,TE,,D076,64040
3309,409051017,CORTONA,AR,,D077,52044
3310,413068016,CORVARA,PE,,D078,65020
3311,404021026,CORVARA IN BADIA,BZ,,D079,39033
3312,404021522,CORVARA IN PASSIRIA,BZ,,,
3313,403018057,CORVINO SAN QUIRICO,PV,,D081,27050
3314,403017064,CORZANO,BS,,D082,25030
3315,404021523,CORZES,BZ,,,
3316,406031527,COSBANA NEL COLLIO,GO,,,
3317,406030031,COSEANO,UD,,D085,33030
3318,418078045,COSENZA,CS,,D086,87100
3319,407008023,COSIO D'ARROSCIA,IM,,D087,18023
3320,403014024,COSIO VALTELLINO,SO,,D088,23013
3321,418080030,COSOLETO,RC,,D089,89050
3322,406032510,COSSANA,TS,,,
3323,401004074,COSSANO BELBO,CN,,D093,12054
3324,401001095,COSSANO CANAVESE,TO,,D092,10010
3325,401002547,COSSATO,VC,,D094,13836
3326,401096020,COSSATO,BI,,D094,13836
3327,407009026,COSSERIA,SV,,D095,17017
3328,411044016,COSSIGNANO,AP,,D096,63067
3329,401002511,COSSILA,VC,,,
3330,403017535,COSSIRANO,BS,,,
3331,401003635,COSSOGNO,NO,,D099,28801
3332,401103023,COSSOGNO,VB,,D099,28801
3333,420090027,COSSOINE,SS,,D100,07010
3334,401005049,COSSOMBRATO,AT,,D101,14020
3335,403015574,COSTA AL LAMBRO,MI,,,
3336,403018058,COSTA DE' NOBILI,PV,,D109,27010
3337,403016084,COSTA DI MEZZATE,BG,,D110,24060
3338,407008514,COSTA DI ONEGLIA,IM,,,
3339,405029018,COSTA DI ROVIGO,RO,,D105,45023
3340,403097026,COSTA MASNAGA,LC,,D112,23845
3341,403013686,COSTA MASNAGA,CO,,D112,23845
3342,403019548,COSTA SANT'ABRAMO,CR,,,
3343,403016247,COSTA SERINA,BG,,D111,24010
3344,403016085,COSTA VALLE IMAGNA,BG,,D103,24030
3345,401006062,COSTA VESCOVATO,AL,,D102,15050
3346,403016086,COSTA VOLPINO,BG,,D117,24062
3347,405024035,COSTABISSARA,VI,,D107,36030
3348,410054016,COSTACCIARO,PG,,D108,06021
3349,401002047,COSTANZANA,VC,,D113,13033
3350,407008024,COSTARAINERA,IM,,D114,18017
3351,404022536,COSTASAVINA,TN,,,
3352,405023030,COSTERMANO,VR,,D118,37010
3353,405023930,COSTERMANO SUL GARDA,VR,,,
3354,401005050,COSTIGLIOLE D'ASTI,AT,,D119,14055
3355,401004075,COSTIGLIOLE SALUZZO,CN,,D120,12024
3356,408039009,COTIGNOLA,RA,,D121,48010
3357,418101009,COTRONEI,KR,,D123,88836
3358,418079520,COTRONEI,CZ,,D123,88836
3359,412057026,COTTANELLO,RI,,D124,02040
3360,402007022,COURMAYEUR,AO,,D012,11013
3361,404021509,COVELANO,BZ,,,
3362,404022537,COVELO,TN,,,
3363,403016087,COVO,BG,,D126,24050
3364,403018059,COZZO,PV,,D127,27030
3365,417077007,CRACO,MT,,D128,75010
3366,401003544,CRANA,NO,,,
3367,401003545,CRANA CATTUGNO,NO,,,
3368,403013687,CRANDOLA VALSASSINA,CO,,D131,23832
3369,403097027,CRANDOLA VALSASSINA,LC,,D131,23832
3370,401002048,CRAVAGLIANA,VC,,D132,13020
3371,401004076,CRAVANZANA,CN,,D133,12050
3372,401003636,CRAVEGGIA,NO,,D134,28852
3373,401103024,CRAVEGGIA,VB,,D134,28852
3374,401003546,CRAVEGNA,NO,,,
3375,405024036,CREAZZO,VI,,D136,36051
3376,413069027,CRECCHIO,CH,,D137,66014
3377,406031528,CREDA,GO,,,
3378,403016088,CREDARO,BG,,D139,24060
3379,403019549,CREDERA,CR,,,
3380,403019632,CREDERA CON ROVERETO,CR,,,
3381,403019034,CREDERA RUBBIANO,CR,,D141,26010
3382,403019035,CREMA,CR,,D142,26013
3383,403097028,CREMELLA,LC,,D143,23894
3384,403013688,CREMELLA,CO,,D143,23894
3385,403012056,CREMENAGA,VA,,D144,21030
3386,403013689,CREMENO,CO,,D145,23814
3387,403097029,CREMENO,LC,,D145,23814
3388,403017536,CREMEZZANO,BS,,,
3389,403013083,CREMIA,CO,,D147,22010
3390,403013567,CREMNAGO,CO,,,
3391,401006063,CREMOLINO,AL,,D149,15010
3392,403019036,CREMONA,CR,,D150,26100
3393,403019037,CREMOSANO,CR,,D151,26010
3394,403012540,CRENNA,VA,,,
3395,406032511,CRENOVIZZA,TS,,,
3396,401002049,CRESCENTINO,VC,,D154,13044
3397,403015575,CRESCENZAGO,MI,,,
3398,405024037,CRESPADORO,VI,,D156,36070
3399,405026024,CRESPANO DEL GRAPPA,TV,,D157,31017
3400,408037023,CRESPELLANO,BO,,D158,40056
3401,403098025,CRESPIATICA,LO,,D159,26835
3402,403015723,CRESPIATICA,MI,,D159,26835
3403,409050013,CRESPINA,PI,,D160,56040
3404,409050041,CRESPINA LORENZANA,PI,,,
3405,405029019,CRESPINO,RO,,D161,45030
3406,401003055,CRESSA,NO,,D162,28012
3407,403013568,CRESSOGNO,CO,,,
3408,404022538,CRETO,TN,,,
3409,401096021,CREVACUORE,BI,,D165,13864
3410,401002548,CREVACUORE,VC,,D165,13864
3411,408037024,CREVALCORE,BO,,D166,40014
3412,403013569,CREVENNA,CO,,,
3413,401002512,CREVOLA SESIA,VC,,,
3414,401003637,CREVOLADOSSOLA,NO,,D168,28865
3415,401103025,CREVOLADOSSOLA,VB,,D168,28865
3416,415063030,CRISPANO,NA,,D170,80020
3417,416073004,CRISPIANO,TA,,D171,74012
3418,401004077,CRISSOLO,CN,,D172,12030
3419,403013570,CROCE,CO,,,
3420,401002513,CROCE DI MOSSO,VC,,,
3421,407010020,CROCEFIESCHI,GE,,D175,16010
3422,405029508,CROCETTA,RO,,,
3423,405026025,CROCETTA DEL MONTELLO,TV,,C670,31035
3424,401003638,CRODO,NO,,D177,28862
3425,401103026,CRODO,VB,,D177,28862
3426,401003547,CRODO MOZZIO,NO,,,
3427,413067023,CROGNALETO,TE,,D179,64043
3428,418078046,CROPALATI,CS,,D180,87060
3429,418079036,CROPANI,CZ,,D181,88051
3430,401002549,CROSA,VC,,D182,13853
3431,401096022,CROSA,BI,,D182,13853
3432,405024502,CROSARA,VI,,,
3433,418078047,CROSIA,CS,,D184,87060
3434,403012057,CROSIO DELLA VALLE,VA,,D185,21020
3435,418079521,CROTONE,CZ,,D122,88900
3436,418101010,CROTONE,KR,,D122,88900
3437,403019038,CROTTA D'ADDA,CR,,D186,26020
3438,401002052,CROVA,VC,,D187,13040
3439,404022068,CROVIANA,TN,,D188,38027
3440,418101011,CRUCOLI,KR,,D189,88812
3441,418079522,CRUCOLI,CZ,,D189,88812
3442,403012541,CRUGNOLA,VA,,,
3443,401003548,CRUSINALLO,NO,,,
3444,403012058,CUASSO AL MONTE,VA,,D192,21050
3445,401006064,CUCCARO MONFERRATO,AL,,D194,15040
3446,415065049,CUCCARO VETERE,SA,,D195,84050
3447,403013084,CUCCIAGO,CO,,D196,22060
3448,401001096,CUCEGLIO,TO,,D197,10090
3449,403015096,CUGGIONO,MI,,D198,20012
3450,403012059,CUGLIATE-FABIASCO,VA,,D199,21030
3451,420091503,CUGLIERI,NU,,D200,09073
3452,420095019,CUGLIERI,OR,,D200,09073
3453,413068017,CUGNOLI,PE,,D201,65020
3454,401001097,CUMIANA,TO,,D202,10040
3455,403019039,CUMIGNANO SUL NAVIGLIO,CR,,D203,26020
3456,403012060,CUNARDO,VA,,D204,21035
3457,401004078,CUNEO,CN,,D205,12100
3458,404022069,CUNEVO,TN,,D206,38010
3459,401005051,CUNICO,AT,,D207,14026
3460,401001098,CUORGNE',TO,,,
3461,413069028,CUPELLO,CH,,D209,66051
3462,411044017,CUPRA MARITTIMA,AP,,D210,63064
3463,411042016,CUPRAMONTANA,AN,,D211,60034
3464,401006511,CUQUELLO,AL,,,
3465,403018060,CURA CARPIGNANO,PV,,B824,27010
3466,420092530,CURCURIS,CA,,D214,09090
3467,420095077,CURCURIS,OR,,D214,09090
3468,403016524,CURDOMO,BG,,,
3469,401003058,CUREGGIO,NO,,D216,28060
3470,403012061,CURIGLIA CON MONTEVIASCO,VA,,D217,21010
3471,418079039,CURINGA,CZ,,D218,88022
3472,401096023,CURINO,BI,,D219,13865
3473,401002550,CURINO,VC,,D219,13865
3474,403016525,CURNASCO,BG,,,
3475,403016089,CURNO,BG,,D221,24035
3476,404021520,CURON,BZ,,,
3477,404021027,CURON VENOSTA,BZ,,D222,39027
3478,416075025,CURSI,LE,,D223,73020
3479,401003549,CURSOLO,NO,,,
3480,401003639,CURSOLO-ORASSO,NO,,D225,28827
3481,401103027,CURSOLO-ORASSO,VB,,D225,28827
3482,405028036,CURTAROLO,PD,,D226,35010
3483,403020021,CURTATONE,MN,,D227,46010
3484,415061032,CURTI,CE,,D228,81040
3485,403015097,CUSAGO,MI,,D229,20090
3486,403015098,CUSANO MILANINO,MI,,D231,20095
3487,415062026,CUSANO MUTRI,BN,,D230,82033
3488,403013085,CUSINO,CO,,D232,22010
3489,403016090,CUSIO,BG,,D233,24010
3490,419081007,CUSTONACI,TP,,D234,91015
3491,409047004,CUTIGLIANO,PT,,D235,51024
3492,418101012,CUTRO,KR,,D236,88842
3493,418079523,CUTRO,CZ,,D236,88842
3494,416075026,CUTROFIANO,LE,,D237,73020
3495,403012062,CUVEGLIO,VA,,D238,21030
3496,403012063,CUVIO,VA,,D239,21030
3497,403015576,CUVIRONE,MI,,,
3498,401003550,CUZZAGO,NO,,,
3499,401003551,DAGNENTE,NO,,,
3500,404022070,DAIANO,TN,,D243,38030
3501,403015099,DAIRAGO,MI,,D244,20020
3502,403016091,DALMINE,BG,,D245,24044
3503,404022071,DAMBEL,TN,,D246,38010
3504,405025017,DANTA DI CADORE,BL,,D247,32040
3505,404022072,DAONE,TN,,D248,38080
3506,404022539,DARDINE,TN,,,
3507,404022073,DARE',TN,,,
3508,403017065,DARFO BOARIO TERME,BS,,D251,25047
3509,404022540,DARZO,TN,,,
3510,418079524,DASA',CZ,,,
3511,418102007,DASA',VV,,,
3512,404022664,DASINDO,TN,,,
3513,403013571,DASIO,CO,,,
3514,407010021,DAVAGNA,GE,,D255,16022
3515,403012064,DAVERIO,VA,,D256,21020
3516,418079042,DAVOLI,CZ,,D257,88060
3517,403014025,DAZIO,SO,,D258,23010
3518,420092015,DECIMOMANNU,CA,,D259,09033
3519,420092016,DECIMOPUTZU,CA,,D260,09010
3520,418079043,DECOLLATURA,CZ,,D261,88041
3521,403017537,DEGAGNA,BS,,,
3522,404022541,DEGGIANO,TN,,,
3523,407009027,DEGO,SV,,D264,17058
3524,407011012,DEIVA MARINA,SP,,D265,19013
3525,403014026,DELEBIO,SO,,D266,23014
3526,419085006,DELIA,CL,,D267,93010
3527,418080031,DELIANUOVA,RC,,D268,89012
3528,416071022,DELICETO,FG,,D269,71026
3529,403017066,DELLO,BS,,D270,25020
3530,401004079,DEMONTE,CN,,D271,12014
3531,401006065,DENICE,AL,,D272,15010
3532,404022074,DENNO,TN,,D273,38010
3533,404022542,DERCOLO,TN,,,
3534,403015577,DERGANO,MI,,,
3535,404022543,DERMULO,TN,,,
3536,401006066,DERNICE,AL,,D277,15056
3537,403019040,DEROVERE,CR,,D278,26040
3538,410054017,DERUTA,PG,,D279,06053
3539,403097030,DERVIO,LC,,D280,23824
3540,403013690,DERVIO,CO,,D280,23824
3541,401002054,DESANA,VC,,D281,13034
3542,406031529,DESCLA,GO,,,
3543,403016526,DESENZANO AL SERIO,BG,,,
3544,403017067,DESENZANO DEL GARDA,BS,,D284,25015
3545,401001520,DESERTES,TO,,,
3546,403015100,DESIO,MI,,D286,20832
3547,403108023,DESIO,MB,,D286,20832
3548,420091016,DESULO,NU,,D287,08032
3549,403016527,DEZZO DI SCALVE,BG,,,
3550,418078048,DIAMANTE,CS,,D289,87023
3551,407008025,DIANO ARENTINO,IM,,D293,18013
3552,407008515,DIANO BORELLO,IM,,,
3553,407008516,DIANO CALDERINA,IM,,,
3554,407008026,DIANO CASTELLO,IM,,D296,18013
3555,401004080,DIANO D'ALBA,CN,,D291,12055
3556,407008027,DIANO MARINA,IM,,D297,18013
3557,407008028,DIANO SAN PIETRO,IM,,D298,18013
3558,409048013,DICOMANO,FI,,D299,50062
3559,406030032,DIGNANO,UD,,D300,33030
3560,450501512,DIGNANO D'ISTRIA,PL,,,
3561,404022075,DIMARO,TN,,D302,38025
3562,404022233,DIMARO FOLGARIDA,TN,,,
3563,418079525,DINAMI,CZ,,D303,89833
3564,418102008,DINAMI,VV,,D303,89833
3565,418078049,DIPIGNANO,CS,,D304,87045
3566,416075027,DISO,LE,,D305,73030
3567,401003552,DISSIMO,NO,,,
3568,406032512,DIVACCIA GROTTE DEL TIMAVO,TS,,,
3569,406032513,DIVACCIA SAN CANZIANO,TS,,,
3570,401003060,DIVIGNANO,NO,,D309,28010
3571,403013087,DIZZASCO,CO,,D310,22020
3572,404021028,DOBBIACO,BZ,,D311,39034
3573,406031003,DOBERDO' DEL LAGO,GO,,,
3574,401002514,DOCCIO,VC,,,
3575,401004081,DOGLIANI,CN,,D314,12063
3576,413069029,DOGLIOLA,CH,,D315,66050
3577,406030033,DOGNA,UD,,D316,33010
3578,406031531,DOL GRANDE,GO,,,
3579,406031532,DOL OTTELZA,GO,,,
3580,405023031,DOLCE',VR,,,
3581,407008029,DOLCEACQUA,IM,,D318,18035
3582,407008030,DOLCEDO,IM,,D319,18020
3583,406031530,DOLE,GO,,,
3584,406031004,DOLEGNA DEL COLLIO,GO,,D321,34070
3585,420092017,DOLIANOVA,CA,,D323,09041
3586,405027012,DOLO,VE,,D325,30031
3587,403097031,DOLZAGO,LC,,D327,23843
3588,403013691,DOLZAGO,CO,,D327,23843
3589,418078050,DOMANICO,CS,,D328,87030
3590,403013089,DOMASO,CO,,D329,22013
3591,405025018,DOMEGGE DI CADORE,BL,,D330,32040
3592,415064031,DOMICELLA,AV,,D331,83020
3593,401103028,DOMODOSSOLA,VB,,D332,28845
3594,401003640,DOMODOSSOLA,NO,,D332,28845
3595,420092018,DOMUS DE MARIA,CA,,D333,09010
3596,420092019,DOMUSNOVAS,CA,,D334,09015
3597,420092531,DOMUSNOVAS CANALES,CA,,,
3598,420095501,DOMUSNOVAS CANALES,OR,,,
3599,404022076,DON,TN,,D336,38011
3600,405029020,DONADA,RO,,,
3601,401002551,DONATO,VC,,D339,13893
3602,401096024,DONATO,BI,,D339,13893
3603,403018531,DONELASCO,PV,,,
3604,403013090,DONGO,CO,,D341,22014
3605,420092532,DONIGALA FENUGHEDU,CA,,,
3606,420095502,DONIGALA FENUGHEDU,OR,,,
3607,420092502,DONIGALA SIURGUS,CA,,,
3608,402007023,DONNAS,AO,,D338,11020
3609,420092020,DONORI,CA,,D344,09040
3610,420091017,DORGALI,NU,,D345,08022
3611,403013692,DORIO,CO,,D346,23824
3612,403097032,DORIO,LC,,D346,23824
3613,401003062,DORMELLETTO,NO,,D347,28040
3614,403018061,DORNO,PV,,D348,27020
3615,404022077,DORSINO,TN,,D349,38070
3616,401002552,DORZANO,VC,,D350,13881
3617,401096025,DORZANO,BI,,D350,13881
3618,403020022,DOSOLO,MN,,D351,46030
3619,403016092,DOSSENA,BG,,D352,24010
3620,403019550,DOSSO BAROARDO,CR,,,
3621,403019551,DOSSO DE' FRATI,CR,,,
3622,403013092,DOSSO DEL LIRO,CO,,D355,22010
3623,402007024,DOUES,AO,,D356,11010
3624,408040011,DOVADOLA,FO,,D357,47013
3625,408140011,DOVADOLA,FC,,D357,47013
3626,403019041,DOVERA,CR,,D358,26010
3627,403013572,DOZIO,CO,,,
3628,408037025,DOZZA,BO,,D360,40060
3629,415061033,DRAGONI,CE,,D361,81010
3630,450501513,DRAGUCCIO,PL,,,
3631,403013573,DRANO,CO,,,
3632,418079526,DRAPIA,CZ,,D364,89862
3633,418102009,DRAPIA,VV,,D364,89862
3634,404022078,DRENA,TN,,D365,38074
3635,406030034,DRENCHIA,UD,,D366,33040
3636,403015101,DRESANO,MI,,D367,20070
3637,406031533,DRESENZA,GO,,,
3638,403013093,DREZZO,CO,,D369,22020
3639,403019042,DRIZZONA,CR,,D370,26034
3640,404022079,DRO,TN,,D371,38074
3641,401004082,DRONERO,CN,,D372,12025
3642,401001099,DRUENTO,TO,,D373,10040
3643,401003641,DRUOGNO,NO,,D374,28853
3644,401103029,DRUOGNO,VB,,D374,28853
3645,401001521,DRUSACCO,TO,,,
3646,420091018,DUALCHI,NU,,D376,08010
3647,403014027,DUBINO,SO,,D377,23015
3648,405028106,DUE CARRARE,PD,,M300,35020
3649,403012539,DUE COSSANI,VA,,,
3650,403019552,DUEMIGLIA,CR,,,
3651,405024038,DUEVILLE,VI,,D379,36031
3652,415062027,DUGENTA,BN,,D380,82030
3653,403015578,DUGNANO,MI,,,
3654,406032514,DUINO,TS,,,
3655,406032001,DUINO AURISINA,TS,,,
3656,403012065,DUMENZA,VA,,D384,21010
3657,403012066,DUNO,VA,,D385,21030
3658,415062028,DURAZZANO,BN,,D386,82015
3659,414070022,DURONIA,CB,,C772,86020
3660,401005502,DUSINO,AT,,,
3661,401005052,DUSINO SAN MICHELE,AT,,D388,14010
3662,406032515,DUTTOGLIANO,TS,,,
3663,404022665,DUVREDO,TN,,,
3664,415065050,EBOLI,SA,,D390,84025
3665,403017068,EDOLO,BS,,D391,25048
3666,404021029,EGNA,BZ,,D392,39044
3667,412059502,ELENA,LT,,,
3668,413068018,ELICE,PE,,D394,65010
3669,420091019,ELINI,NU,,D395,08040
3670,404021525,ELLE,BZ,,,
3671,407009512,ELLERA,SV,,,
3672,403097033,ELLO,LC,,D398,23848
3673,403013693,ELLO,CO,,D398,23848
3674,420092108,ELMAS,CA,,D399,09030
3675,450500510,ELSANE,FU,,,
3676,401004083,ELVA,CN,,D401,12020
3677,402007025,EMARESE,AO,,,
3678,409048014,EMPOLI,FI,,D403,50053
3679,403016528,ENDENNA,BG,,,
3680,403016529,ENDINE,BG,,,
3681,403016093,ENDINE GAIANO,BG,,D406,24060
3682,405024039,ENEGO,VI,,D407,36052
3683,406030035,ENEMONZO,UD,,D408,33020
3684,404022544,ENGUISO,TN,,,
3685,419086009,ENNA,EN,,C342,94100
3686,401004084,ENTRACQUE,CN,,D410,12010
3687,403016094,ENTRATICO,BG,,D411,24060
3688,401004085,ENVIE,CN,,D412,12030
3689,404021526,EORES,BZ,,,
3690,417076030,EPISCOPIA,PZ,,D414,85033
3691,405027013,ERACLEA,VE,,D415,30020
3692,403013095,ERBA,CO,,D416,22036
3693,403013574,ERBA INCINO,CO,,,
3694,403017538,ERBANNO,BS,,,
3695,405023032,ERBE',VR,,,
3696,405023033,ERBEZZO,VR,,D420,37020
3697,403017069,ERBUSCO,BS,,D421,25030
3698,416074006,ERCHIE,BR,,D422,72020
3699,415063064,ERCOLANO,NA,,H243,80056
3700,419081008,ERICE,TP,,D423,91016
3701,407009028,ERLI,SV,,D424,17030
3702,450501514,ERPELLE-COSINA,PL,,,
3703,406031534,ERSEL IN MONTE,GO,,,
3704,406093019,ERTO E CASSO,PN,,D426,33080
3705,406030540,ERTO E CASSO,UD,,D426,33080
3706,420090088,ERULA,SS,,M292,07030
3707,403016592,ERVE,BG,,D428,23805
3708,403097034,ERVE,LC,,D428,23805
3709,411043016,ESANATOGLIA,MC,,D429,62024
3710,420091020,ESCALAPLANO,NU,,D430,08043
3711,420091021,ESCOLCA,NU,,D431,08030
3712,420092533,ESCOVEDU,CA,,,
3713,420095503,ESCOVEDU,OR,,,
3714,403017070,ESINE,BS,,D434,25040
3715,403013575,ESINO INFERIORE,CO,,,
3716,403013694,ESINO LARIO,CO,,D436,23825
3717,403097035,ESINO LARIO,LC,,D436,23825
3718,403013576,ESINO SUPERIORE,CO,,,
3719,401003553,ESIO,NO,,,
3720,403016530,ESMATE,BG,,,
3721,412060031,ESPERIA,FR,,D440,03045
3722,420090028,ESPORLATU,SS,,D441,07010
3723,405028037,ESTE,PD,,D442,35042
3724,420091022,ESTERZILI,NU,,D443,08030
3725,402007026,ETROUBLES,AO,,D444,11014
3726,403013097,EUPILIO,CO,,D445,22030
3727,401001100,EXILLES,TO,,D433,10050
3728,401006067,FABBRICA CURONE,AL,,D447,15054
3729,403013577,FABBRICA DURINI,CO,,,
3730,409046012,FABBRICHE DI VALLICO,LU,,D449,55020
3731,409046036,FABBRICHE DI VERGEMOLI,LU,,,
3732,408035021,FABBRICO,RE,,D450,42042
3733,403012542,FABIASCO,VA,,,
3734,411042017,FABRIANO,AN,,D451,60044
3735,412056024,FABRICA DI ROMA,VT,,D452,01034
3736,418102010,FABRIZIA,VV,,D453,89823
3737,418079527,FABRIZIA,CZ,,D453,89823
3738,410055011,FABRO,TR,,D454,05015
3739,406030036,FAEDIS,UD,,D455,33040
3740,404022080,FAEDO,TN,,D457,38010
3741,403014028,FAEDO VALTELLINO,SO,,D456,23020
3742,408039010,FAENZA,RA,,D458,48018
3743,416071023,FAETO,FG,,D459,71020
3744,401001522,FAETTO,TO,,,
3745,406030037,FAGAGNA,UD,,D461,33034
3746,403013098,FAGGETO LARIO,CO,,D462,22020
3747,416073005,FAGGIANO,TA,,D463,74020
3748,413066042,FAGNANO ALTO,AQ,,D465,67020
3749,418078051,FAGNANO CASTELLO,CS,,D464,87013
3750,403012067,FAGNANO OLONA,VA,,D467,21054
3751,403015579,FAGNANO SUL NAVIGLIO,MI,,,
3752,404022081,FAI DELLA PAGANELLA,TN,,D468,38010
3753,415062029,FAICCHIO,BN,,D469,82030
3754,405025019,FALCADE,BL,,D470,32020
3755,415061101,FALCIANO DEL MASSICO,CE,,D471,81030
3756,418078052,FALCONARA ALBANESE,CS,,D473,87030
3757,411042018,FALCONARA MARITTIMA,AN,,D472,60015
3758,419083019,FALCONE,ME,,D474,98060
3759,412056025,FALERIA,VT,,D475,01030
3760,418079047,FALERNA,CZ,,D476,88042
3761,411044018,FALERONE,AP,,D477,63837
3762,411109005,FALERONE,FM,,D477,63837
3763,404022545,FALESINA,TN,,,
3764,413069501,FALLASCOSO,CH,,,
3765,413069104,FALLO,CH,,D480,66040
3766,401103030,FALMENTA,VB,,D481,28827
3767,401003642,FALMENTA,NO,,D481,28827
3768,403013099,FALOPPIO,CO,,D482,22020
3769,412060032,FALVATERRA,FR,,D483,03020
3770,404021030,FALZES,BZ,,D484,39030
3771,406032516,FAMIE,TS,,,
3772,408036011,FANANO,MO,,D486,41021
3773,406093020,FANNA,PN,,D487,33092
3774,406030541,FANNA,UD,,D487,33092
3775,411141013,FANO,PU,,D488,61032
3776,411041013,FANO,PS,,D488,61032
3777,413067024,FANO ADRIANO,TE,,D489,64044
3778,404021527,FAOGNA DI SOTTO,BZ,,,
3779,413069030,FARA FILIORUM PETRI,CH,,D494,66010
3780,403016096,FARA GERA D'ADDA,BG,,D490,24045
3781,412057027,FARA IN SABINA,RI,,D493,02032
3782,401003065,FARA NOVARESE,NO,,D492,28073
3783,403016097,FARA OLIVANA CON SOLA,BG,,D491,24058
3784,413069031,FARA SAN MARTINO,CH,,D495,66015
3785,405024040,FARA VICENTINO,VI,,D496,36030
3786,417076031,FARDELLA,PZ,,D497,85034
3787,403017539,FARFENGO,BS,,,
3788,401004086,FARIGLIANO,CN,,D499,12060
3789,403019553,FARINATE,CR,,,
3790,413068019,FARINDOLA,PE,,D501,65010
3791,408033019,FARINI,PC,,D502,29023
3792,412056026,FARNESE,VT,,D503,01010
3793,405025020,FARRA D'ALPAGO,BL,,D506,32016
3794,405026026,FARRA DI SOLIGO,TV,,D505,31010
3795,406031005,FARRA D'ISONZO,GO,,D504,34072
3796,450501515,FASANA,PL,,,
3797,416074007,FASANO,BR,,D508,72015
3798,407010022,FASCIA,GE,,D509,16020
3799,409050014,FAUGLIA,PI,,D510,56043
3800,401004087,FAULE,CN,,D511,12030
3801,407010023,FAVALE DI MALVARO,GE,,D512,16040
3802,419084017,FAVARA,AG,,D514,92026
3803,405027503,FAVARO VENETO,VE,,,
3804,404022082,FAVER,TN,,D516,38030
3805,403017540,FAVERZANO,BS,,,
3806,419081009,FAVIGNANA,TP,,D518,91023
3807,401001101,FAVRIA,TO,,D520,10083
3808,401001523,FAVRIA-OGLIANICO,TO,,,
3809,404022666,FAVRIO,TN,,,
3810,401004088,FEISOGLIO,CN,,D523,12050
3811,401001102,FELETTO,TO,,D524,10080
3812,406030506,FELETTO UMBERTO,UD,,,
3813,408034013,FELINO,PR,,D526,43035
3814,415065051,FELITTO,SA,,D527,84055
3815,401006068,FELIZZANO,AL,,D528,15023
3816,403020023,FELONICA,MN,,D529,46022
3817,405025021,FELTRE,BL,,D530,32032
3818,403013100,FENEGRO',CO,,,
3819,401001103,FENESTRELLE,TO,,D532,10060
3820,403019554,FENGO,CR,,,
3821,411041503,FENIGLI,PS,,,
3822,401001524,FENILE,TO,,,
3823,401001525,FENILS,TO,,,
3824,402007027,FENIS,AO,,,
3825,410055012,FERENTILLO,TR,,D538,05034
3826,412060033,FERENTINO,FR,,D539,03013
3827,419089008,FERLA,SR,,D540,96010
3828,411141014,FERMIGNANO,PU,,D541,61033
3829,411041014,FERMIGNANO,PS,,D541,61033
3830,411109006,FERMO,FM,,D542,63900
3831,411044019,FERMO,AP,,D542,63900
3832,403012068,FERNO,VA,,D543,21010
3833,418079048,FEROLETO ANTICO,CZ,,D544,88040
3834,418080032,FEROLETO DELLA CHIESA,RC,,D545,89050
3835,417077008,FERRANDINA,MT,,D547,75013
3836,408038008,FERRARA,FE,,D548,4412x
3837,405023034,FERRARA DI MONTE BALDO,VR,,D549,37020
3838,414070023,FERRAZZANO,CB,,D550,86010
3839,403012069,FERRERA DI VARESE,VA,,D551,21030
3840,403018062,FERRERA ERBOGNONE,PV,,D552,27032
3841,401005053,FERRERE,AT,,D554,14012
3842,408033020,FERRIERE,PC,,D555,29024
3843,401002515,FERRUTA,VC,,,
3844,418080033,FERRUZZANO,RC,,D557,89030
3845,415061505,FERTILIA,CE,,,
3846,412057028,FIAMIGNANO,RI,,D560,02023
3847,401001104,FIANO,TO,,D562,10070
3848,412058036,FIANO ROMANO,RM,,D561,00065
3849,450501516,FIANONA,PL,,,
3850,411043017,FIASTRA,MC,,D564,62035
3851,404022083,FIAVE',TN,,,
3852,419082035,FICARAZZI,PA,,D567,90010
3853,405029021,FICAROLO,RO,,D568,45036
3854,419083020,FICARRA,ME,,D569,98062
3855,410055013,FICULLE,TR,,D570,05016
3856,408034014,FIDENZA,PR,,B034,43036
3857,404021031,FIE' ALLO SCILIAR,BZ,,,
3858,404022084,FIERA DI PRIMIERO,TN,,D572,38054
3859,404022085,FIEROZZO,TN,,D573,38050
3860,403019043,FIESCO,CR,,D574,26010
3861,409048015,FIESOLE,FI,,D575,50014
3862,403017071,FIESSE,BS,,D576,25020
3863,405027014,FIESSO D'ARTICO,VE,,D578,30032
3864,405029022,FIESSO UMBERTIANO,RO,,D577,45024
3865,403015580,FIGINO DI MILANO,MI,,,
3866,403013101,FIGINO SERENZA,CO,,D579,22060
3867,409048052,FIGLINE E INCISA VALDARNO,FI,,,
3868,409048016,FIGLINE VALDARNO,FI,,D583,50063
3869,418078053,FIGLINE VEGLIATURO,CS,,D582,87050
3870,420092534,FIGU,CA,,,
3871,420095504,FIGU,OR,,,
3872,412058037,FILACCIANO,RM,,D586,00060
3873,418079528,FILADELFIA,CZ,,D587,89814
3874,418102011,FILADELFIA,VV,,D587,89814
3875,403016098,FILAGO,BG,,D588,24040
3876,418102012,FILANDARI,VV,,D589,89841
3877,418079529,FILANDARI,CZ,,D589,89841
3878,409045006,FILATTIERA,MS,,D590,54023
3879,412060034,FILETTINO,FR,,D591,03010
3880,413069032,FILETTO,CH,,D592,66030
3881,417076032,FILIANO,PZ,,D593,85020
3882,403018063,FILIGHERA,PV,,D594,27010
3883,414070521,FILIGNANO,CB,,D595,86074
3884,414094019,FILIGNANO,IS,,D595,86074
3885,418079530,FILOGASO,CZ,,D596,89843
3886,418102013,FILOGASO,VV,,D596,89843
3887,411042019,FILOTTRANO,AN,,D597,60024
3888,407009513,FINALBORGO,SV,,,
3889,408036012,FINALE EMILIA,MO,,D599,41034
3890,407009029,FINALE LIGURE,SV,,D600,17024
3891,407009514,FINALMARINA,SV,,,
3892,407009515,FINALPIA,SV,,,
3893,401003554,FINERO,NO,,,
3894,403016099,FINO DEL MONTE,BG,,D604,24020
3895,403013102,FINO MORNASCO,CO,,D605,22073
3896,403016100,FIORANO AL SERIO,BG,,D606,24020
3897,401001105,FIORANO CANAVESE,TO,,D608,10010
3898,408036013,FIORANO MODENESE,MO,,D607,41042
3899,411043018,FIORDIMONTE,MC,,D609,62035
3900,408033021,FIORENZUOLA D'ARDA,PC,,D611,29017
3901,411041504,FIORENZUOLA DI FOCARA,PS,,,
3902,409048017,FIRENZE,FI,,D612,50100
3903,409048018,FIRENZUOLA,FI,,D613,50033
3904,418078054,FIRMO,CS,,D614,87010
3905,408038027,FISCAGLIA,FE,,,
3906,415065052,FISCIANO,SA,,D615,84084
3907,404022546,FISTO,TN,,,
3908,412060035,FIUGGI,FR,,A310,03014
3909,408036014,FIUMALBO,MO,,D617,41022
3910,408040501,FIUMANA,FO,,,
3911,418080034,FIUMARA,RC,,D619,89050
3912,450500511,FIUME,FU,,,
3913,406030542,FIUME VENETO,UD,,D621,33080
3914,406093021,FIUME VENETO,PN,,D621,33080
3915,419083021,FIUMEDINISI,ME,,D622,98022
3916,418078055,FIUMEFREDDO BRUZIO,CS,,D624,87030
3917,419087016,FIUMEFREDDO DI SICILIA,CT,,D623,95013
3918,403016531,FIUMENERO,BG,,,
3919,406030038,FIUMICELLO,UD,,D627,33050
3920,403017541,FIUMICELLO URAGO,BS,,,
3921,406030190,FIUMICELLO VILLA VICENTINA,UD,,,
3922,412058120,FIUMICINO,RM,,M297,00054
3923,411043019,FIUMINATA,MC,,D628,62025
3924,409045007,FIVIZZANO,MS,,D629,54013
3925,406030039,FLAIBANO,UD,,D630,33030
3926,404022086,FLAVON,TN,,D631,38010
3927,401002516,FLECCHIA,VC,,,
3928,404021528,FLERES,BZ,,,
3929,403017072,FLERO,BS,,D634,25020
3930,419083022,FLORESTA,ME,,D635,98030
3931,419089009,FLORIDIA,SR,,D636,96014
3932,420090029,FLORINAS,SS,,D637,07030
3933,415064032,FLUMERI,AV,,D638,83040
3934,420092021,FLUMINIMAGGIORE,CA,,D639,09010
3935,420091023,FLUSSIO,NU,,D640,08010
3936,401002057,FOBELLO,VC,,D641,13025
3937,407010508,FOCE,GE,,,
3938,416071024,FOGGIA,FG,,D643,7112x
3939,415062030,FOGLIANISE,BN,,D644,82030
3940,406031006,FOGLIANO REDIPUGLIA,GO,,D645,34070
3941,401001106,FOGLIZZO,TO,,D646,10090
3942,415065503,FOGNA,SA,,,
3943,404021529,FOIANA,BZ,,,
3944,409051018,FOIANO DELLA CHIANA,AR,,D649,52045
3945,415062031,FOIANO DI VAL FORTORE,BN,,D650,82020
3946,404022607,FOLAS-REVIAN,TN,,,
3947,404022087,FOLGARIA,TN,,D651,38064
3948,411044020,FOLIGNANO,AP,,D652,63084
3949,410054018,FOLIGNO,PG,,D653,06034
3950,405026027,FOLLINA,TV,,D654,31051
3951,407011013,FOLLO,SP,,D655,19020
3952,409053009,FOLLONICA,GR,,D656,58022
3953,401003555,FOLSOGNO,NO,,,
3954,403017542,FOLZANO,BS,,,
3955,401003556,FOMARCO,NO,,,
3956,403015724,FOMBIO,MI,,D660,26861
3957,403098026,FOMBIO,LO,,D660,26861
3958,419083023,FONDACHELLI-FANTINA,ME,,D661,98050
3959,412059007,FONDI,LT,,D662,04022
3960,404022088,FONDO,TN,,D663,38013
3961,403016532,FONDRA,BG,,,
3962,420091024,FONNI,NU,,D665,08023
3963,402007028,FONTAINEMORE,AO,,D666,11020
3964,450500512,FONTANA DEL CONTE,FU,,,
3965,412060036,FONTANA LIRI,FR,,D667,03035
3966,406030543,FONTANAFREDDA,UD,,D670,33074
3967,406093022,FONTANAFREDDA,PN,,D670,33074
3968,415064033,FONTANAROSA,AV,,D671,83040
3969,408037026,FONTANELICE,BO,,D668,40025
3970,403016101,FONTANELLA,BG,,D672,24056
3971,408034015,FONTANELLATO,PR,,D673,43012
3972,405026028,FONTANELLE,TV,,D674,31043
3973,401003066,FONTANETO D'AGOGNA,NO,,D675,28010
3974,401002058,FONTANETTO PO,VC,,D676,13040
3975,407010024,FONTANIGORDA,GE,,D677,16023
3976,401005054,FONTANILE,AT,,D678,14044
3977,405028038,FONTANIVA,PD,,D679,35014
3978,405026029,FONTE,TV,,D680,31010
3979,412058122,FONTE NUOVA,RM,,M309,00013
3980,413066043,FONTECCHIO,AQ,,D681,67020
3981,412060037,FONTECHIARI,FR,,D682,03030
3982,415061034,FONTEGRECA,CE,,D683,81014
3983,403016102,FONTENO,BG,,D684,24060
3984,408034016,FONTEVIVO,PR,,D685,43010
3985,405025022,FONZASO,BL,,D686,32030
3986,403018532,FOPPA,PV,,,
3987,403016103,FOPPOLO,BG,,D688,24010
3988,412057029,FORANO,RI,,D689,02044
3989,411044021,FORCE,AP,,D691,63086
3990,403019555,FORCELLO,CR,,,
3991,415062032,FORCHIA,BN,,D693,82011
3992,403014029,FORCOLA,SO,,D694,23010
3993,420092535,FORDONGIANUS,CA,,D695,09083
3994,420095020,FORDONGIANUS,OR,,D695,09083
3995,417076033,FORENZA,PZ,,D696,85023
3996,401001526,FORESTO DI SUSA,TO,,,
3997,401002517,FORESTO SESIA,VC,,,
3998,403016104,FORESTO SPARSO,BG,,D697,24060
3999,406030137,FORGARIA NEL FRIULI,UD,,D700,33030
4000,415064034,FORINO,AV,,D701,83020
4001,415063031,FORIO,NA,,D702,80075
4002,408040012,FORLI',FO,,,
4003,408140012,FORLI',FC,,,
4004,414094020,FORLI' DEL SANNIO,IS,,,
4005,414070920,FORLI' DEL SANNIO,CB,,,
4006,408140013,FORLIMPOPOLI,FC,,D705,47034
4007,408040013,FORLIMPOPOLI,FO,,D705,47034
4008,401003643,FORMAZZA,NO,,D706,28863
4009,401103031,FORMAZZA,VB,,D706,28863
4010,412058038,FORMELLO,RM,,D707,00060
4011,412059008,FORMIA,LT,,D708,04023
4012,415061035,FORMICOLA,CE,,D709,81040
4013,403019044,FORMIGARA,CR,,D710,26020
4014,408036015,FORMIGINE,MO,,D711,41043
4015,401002059,FORMIGLIANA,VC,,D712,13030
4016,408038009,FORMIGNANA,FE,,D713,44035
4017,404022089,FORNACE,TN,,D714,38040
4018,414094021,FORNELLI,IS,,D715,86070
4019,414070522,FORNELLI,CB,,D715,86070
4020,401003557,FORNERO,NO,,,
4021,406030040,FORNI AVOLTRI,UD,,D718,33020
4022,406030041,FORNI DI SOPRA,UD,,D719,33024
4023,406030042,FORNI DI SOTTO,UD,,D720,33020
4024,405024503,FORNI IN VAL D'ASTICO,VI,,,
4025,404022547,FORNO,TN,,,
4026,401003558,FORNO,NO,,,
4027,401001527,FORNO ALPI GRAIE,TO,,,
4028,401001107,FORNO CANAVESE,TO,,D725,10084
4029,405025024,FORNO DI ZOLDO,BL,,D726,32012
4030,408034017,FORNOVO DI TARO,PR,,D728,43045
4031,403016105,FORNOVO SAN GIOVANNI,BG,,D727,24040
4032,401006512,FOROTONDO,AL,,,
4033,409046013,FORTE DEI MARMI,LU,,D730,55042
4034,404021032,FORTEZZA,BZ,,D731,39045
4035,403018064,FORTUNAGO,PV,,D732,27040
4036,419083024,FORZA D'AGRO',ME,,,
4037,409046014,FOSCIANDORA,LU,,D734,55020
4038,409045008,FOSDINOVO,MS,,D735,54035
4039,413066044,FOSSA,AQ,,D736,67020
4040,403019556,FOSSA GUAZZONA,CR,,,
4041,413069033,FOSSACESIA,CH,,D738,66022
4042,405027015,FOSSALTA DI PIAVE,VE,,D740,30020
4043,405027016,FOSSALTA DI PORTOGRUARO,VE,,D741,30025
4044,414070024,FOSSALTO,CB,,D737,86020
4045,401004089,FOSSANO,CN,,D742,12045
4046,403018533,FOSSARMATO,PV,,,
4047,410054019,FOSSATO DI VICO,PG,,D745,06022
4048,418079052,FOSSATO SERRALTA,CZ,,D744,88050
4049,401003559,FOSSENO,NO,,,
4050,405027017,FOSSO',VE,,,
4051,411041015,FOSSOMBRONE,PS,,D749,61034
4052,411141015,FOSSOMBRONE,PU,,D749,61034
4053,405024041,FOZA,VI,,D750,36010
4054,401004090,FRABOSA SOPRANA,CN,,D751,12082
4055,401004091,FRABOSA SOTTANA,CN,,D752,12083
4056,403019557,FRACCHIA,CR,,,
4057,401006069,FRACONALTO,AL,,D559,15060
4058,416073006,FRAGAGNANO,TA,,D754,74022
4059,415062033,FRAGNETO L'ABATE,BN,,D755,82020
4060,415062034,FRAGNETO MONFORTE,BN,,D756,82020
4061,413069034,FRAINE,CH,,D757,66050
4062,407011014,FRAMURA,SP,,D758,19014
4063,413069035,FRANCAVILLA AL MARE,CH,,D763,66023
4064,418079531,FRANCAVILLA ANGITOLA,CZ,,D762,89815
4065,418102014,FRANCAVILLA ANGITOLA,VV,,D762,89815
4066,401006070,FRANCAVILLA BISIO,AL,,D759,15060
4067,411044022,FRANCAVILLA D'ETE,AP,,D760,63816
4068,411109007,FRANCAVILLA D'ETE,FM,,D760,63816
4069,419083025,FRANCAVILLA DI SICILIA,ME,,D765,98034
4070,416074008,FRANCAVILLA FONTANA,BR,,D761,72021
4071,417076034,FRANCAVILLA IN SINNI,PZ,,D766,85034
4072,418078056,FRANCAVILLA MARITTIMA,CS,,D764,87072
4073,418079532,FRANCICA,CZ,,D767,89851
4074,418102015,FRANCICA,VV,,D767,89851
4075,419089010,FRANCOFONTE,SR,,D768,96015
4076,415061036,FRANCOLISE,CE,,D769,81050
4077,401006071,FRASCARO,AL,,D770,15010
4078,403018065,FRASCAROLO,PV,,D771,27030
4079,401006513,FRASCATA,AL,,,
4080,412058039,FRASCATI,RM,,D773,00044
4081,418078057,FRASCINETO,CS,,D774,87010
4082,404022090,FRASSILONGO,TN,,D775,38050
4083,405029023,FRASSINELLE POLESINE,RO,,D776,45030
4084,401006072,FRASSINELLO MONFERRATO,AL,,D777,15035
4085,401006514,FRASSINELLO-OLIVOLA,AL,,,
4086,401001528,FRASSINERE,TO,,,
4087,401006073,FRASSINETO PO,AL,,D780,15040
4088,401001108,FRASSINETTO,TO,,D781,10080
4089,401004092,FRASSINO,CN,,D782,12020
4090,408036016,FRASSINORO,MO,,D783,41044
4091,412057030,FRASSO SABINO,RI,,D785,02030
4092,415062035,FRASSO TELESINO,BN,,D784,82030
4093,405029024,FRATTA POLESINE,RO,,D788,45025
4094,410054020,FRATTA TODINA,PG,,D787,06054
4095,415063032,FRATTAMAGGIORE,NA,,D789,80027
4096,415063033,FRATTAMINORE,NA,,D790,80020
4097,411041016,FRATTE ROSA,PS,,D791,61040
4098,411141016,FRATTE ROSA,PU,,D791,61040
4099,404022548,FRAVEGGIO,TN,,,
4100,419083026,FRAZZANO',ME,,,
4101,405026030,FREGONA,TV,,D794,31010
4102,403016533,FREROLA,BG,,,
4103,413069036,FRESAGRANDINARIA,CH,,D796,66050
4104,401006074,FRESONARA,AL,,D797,15064
4105,415064035,FRIGENTO,AV,,D798,83040
4106,415061037,FRIGNANO,CE,,D799,81030
4107,415061506,FRIGNANO MAGGIORE,CE,,,
4108,401005055,FRINCO,AT,,D802,14030
4109,413069037,FRISA,CH,,D803,66030
4110,406030544,FRISANCO,UD,,D804,33080
4111,406093024,FRISANCO,PN,,D804,33080
4112,401001109,FRONT,TO,,D805,10070
4113,403017543,FRONTIGNANO,BS,,,
4114,411141017,FRONTINO,PU,,D807,61021
4115,411041017,FRONTINO,PS,,D807,61021
4116,411041018,FRONTONE,PS,,D808,61040
4117,411141018,FRONTONE,PU,,D808,61040
4118,411041505,FRONTONE-SERRA,PS,,,
4119,412060038,FROSINONE,FR,,D810,03100
4120,414070523,FROSOLONE,CB,,D811,86095
4121,414094022,FROSOLONE,IS,,D811,86095
4122,401001110,FROSSASCO,TO,,D812,10060
4123,401006075,FRUGAROLO,AL,,D813,15065
4124,401006076,FUBINE,AL,,D814,15043
4125,401006976,FUBINE MONFERRATO,AL,,,
4126,409048019,FUCECCHIO,FI,,D815,50054
4127,403016534,FUIPIANO AL BREMBO,BG,,,
4128,403016106,FUIPIANO VALLE IMAGNA,BG,,D817,24030
4129,405023035,FUMANE,VR,,D818,37022
4130,412060039,FUMONE,FR,,D819,03010
4131,404021530,FUNDRES,BZ,,,
4132,404021033,FUNES,BZ,,D821,39040
4133,403015581,FURATO,MI,,,
4134,413069038,FURCI,CH,,D823,66050
4135,419083027,FURCI SICULO,ME,,D824,98023
4136,419083028,FURNARI,ME,,D825,98054
4137,415065053,FURORE,SA,,D826,84010
4138,420092022,FURTEI,CA,,D827,09040
4139,418078058,FUSCALDO,CS,,D828,87024
4140,408039011,FUSIGNANO,RA,,D829,48010
4141,403014030,FUSINE,SO,,D830,23010
4142,406030507,FUSINE IN VALROMANA,UD,,,
4143,415065054,FUTANI,SA,,D832,84050
4144,403019558,GABBIONETA,CR,,,
4145,403019045,GABBIONETA BINANUOVA,CR,,,
4146,401006077,GABIANO,AL,,D835,15020
4147,411141019,GABICCE MARE,PU,,D836,61011
4148,411041019,GABICCE MARE,PS,,D836,61011
4149,406031535,GABRIA,GO,,,
4150,406031536,GABROVIZZA,GO,,,
4151,402007029,GABY,AO,,D839,11020
4152,403019559,GADESCO,CR,,,
4153,403019046,GADESCO PIEVE DELMONA,CR,,,
4154,420091025,GADONI,NU,,D842,08030
4155,412059009,GAETA,LT,,D843,04024
4156,419083029,GAGGI,ME,,D844,98030
4157,403015103,GAGGIANO,MI,,D845,20083
4158,403013579,GAGGINO,CO,,,
4159,408037027,GAGGIO MONTANO,BO,,D847,40041
4160,401096026,GAGLIANICO,BI,,D848,13894
4161,401002553,GAGLIANICO,VC,,D848,13894
4162,413066045,GAGLIANO ATERNO,AQ,,D850,67020
4163,419086010,GAGLIANO CASTELFERRATO,EN,,D849,94010
4164,416075028,GAGLIANO DEL CAPO,LE,,D851,73034
4165,418079055,GAGLIATO,CZ,,D852,88060
4166,411043020,GAGLIOLE,MC,,D853,62022
4167,405026031,GAIARINE,TV,,D854,31018
4168,405029025,GAIBA,RO,,D855,45030
4169,401004093,GAIOLA,CN,,D856,12010
4170,401004507,GAIOLA-MOIOLA,CN,,,
4171,409052013,GAIOLE IN CHIANTI,SI,,D858,53013
4172,420091026,GAIRO,NU,,D859,08040
4173,404021034,GAIS,BZ,,D860,39030
4174,419083030,GALATI MAMERTINO,ME,,D861,98070
4175,416075029,GALATINA,LE,,D862,73013
4176,416075030,GALATONE,LE,,D863,73044
4177,418080035,GALATRO,RC,,D864,89054
4178,403097036,GALBIATE,LC,,D865,23851
4179,403013695,GALBIATE,CO,,D865,23851
4180,415065504,GALDO,SA,,,
4181,408140014,GALEATA,FC,,D867,47010
4182,408040014,GALEATA,FO,,D867,47010
4183,403098027,GALGAGNANO,LO,,D868,26832
4184,403015725,GALGAGNANO,MI,,D868,26832
4185,403012070,GALLARATE,VA,,D869,21013
4186,412056027,GALLESE,VT,,D870,01035
4187,401003068,GALLIATE,NO,,D872,28066
4188,403012071,GALLIATE LOMBARDO,VA,,D871,21020
4189,403018066,GALLIAVOLA,PV,,D873,27034
4190,409046015,GALLICANO,LU,,D874,55027
4191,412058040,GALLICANO NEL LAZIO,RM,,D875,00010
4192,417076035,GALLICCHIO,PZ,,D876,85010
4193,418080505,GALLICO,RC,,,
4194,408037028,GALLIERA,BO,,D878,40015
4195,405028039,GALLIERA VENETA,PD,,D879,35015
4196,418080506,GALLINA,RC,,,
4197,412060040,GALLINARO,FR,,D881,03040
4198,405024042,GALLIO,VI,,D882,36032
4199,416075031,GALLIPOLI,LE,,D883,73014
4200,415061038,GALLO MATESE,CE,,D884,81010
4201,419083031,GALLODORO,ME,,D885,98030
4202,415061039,GALLUCCIO,CE,,D886,81044
4203,409048502,GALLUZZO,FI,,,
4204,420091027,GALTELLI',NU,,,
4205,405028040,GALZIGNANO TERME,PD,,D889,35030
4206,401006078,GAMALERO,AL,,D890,15010
4207,403017073,GAMBARA,BS,,D891,25020
4208,403018067,GAMBARANA,PV,,D892,27030
4209,405027504,GAMBARARE,VE,,,
4210,401004094,GAMBASCA,CN,,D894,12030
4211,409048020,GAMBASSI TERME,FI,,D895,50050
4212,414070025,GAMBATESA,CB,,D896,86013
4213,405024043,GAMBELLARA,VI,,D897,36053
4214,413069039,GAMBERALE,CH,,D898,66040
4215,408140015,GAMBETTOLA,FC,,D899,47035
4216,408040015,GAMBETTOLA,FO,,D899,47035
4217,403019560,GAMBINA BARCHETTI,CR,,,
4218,403018068,GAMBOLO',PV,,,
4219,405024044,GAMBUGLIANO,VI,,D902,36050
4220,403016107,GANDELLINO,BG,,D903,24020
4221,403019561,GANDINI,CR,,,
4222,403016108,GANDINO,BG,,D905,24024
4223,403016109,GANDOSSO,BG,,D906,24060
4224,419082036,GANGI,PA,,D907,90024
4225,403012543,GARABIOLO,VA,,,
4226,417077009,GARAGUSO,MT,,D909,75010
4227,401006079,GARBAGNA,AL,,D910,15050
4228,401003069,GARBAGNA NOVARESE,NO,,D911,28070
4229,403015105,GARBAGNATE MILANESE,MI,,D912,20024
4230,403013696,GARBAGNATE MONASTERO,CO,,D913,23846
4231,403097037,GARBAGNATE MONASTERO,LC,,D913,23846
4232,403015582,GARBATOLA,MI,,,
4233,405023036,GARDA,VR,,D915,37016
4234,404022549,GARDOLO,TN,,,
4235,403017074,GARDONE RIVIERA,BS,,D917,25083
4236,403017075,GARDONE VAL TROMPIA,BS,,D918,25063
4237,403015583,GAREGNANO,MI,,,
4238,401004095,GARESSIO,CN,,D920,12075
4239,401003070,GARGALLO,NO,,D921,28010
4240,406031537,GARGARO,GO,,,
4241,404021035,GARGAZZONE,BZ,,D923,39010
4242,403017076,GARGNANO,BS,,D924,25084
4243,403018069,GARLASCO,PV,,D925,27026
4244,403097038,GARLATE,LC,,D926,23852
4245,403013697,GARLATE,CO,,D926,23852
4246,407009030,GARLENDA,SV,,D927,17033
4247,404022091,GARNIGA,TN,,,
4248,404022991,GARNIGA TERME,TN,,D928,38060
4249,420090502,GAROFAI,SS,,,
4250,403013106,GARZENO,CO,,D930,22010
4251,401001111,GARZIGLIANA,TO,,D931,10060
4252,418079056,GASPERINA,CZ,,D932,88060
4253,401001112,GASSINO TORINESE,TO,,D933,10090
4254,408035022,GATTATICO,RE,,D934,42043
4255,408040016,GATTEO,FO,,D935,47043
4256,408140016,GATTEO,FC,,D935,47043
4257,403015584,GATTERA MAIOCCA,MI,,,
4258,401003071,GATTICO,NO,,D937,28013
4259,401003166,GATTICO-VERUNO,NO,,,
4260,401002061,GATTINARA,VC,,D938,13045
4261,401001529,GAUNA,TO,,,
4262,403017077,GAVARDO,BS,,D940,25085
4263,401006080,GAVAZZANA,AL,,D941,15063
4264,405029026,GAVELLO,RO,,D942,45010
4265,403016110,GAVERINA TERME,BG,,D943,24060
4266,401006081,GAVI,AL,,D944,15066
4267,412058041,GAVIGNANO,RM,,D945,00030
4268,403012072,GAVIRATE,VA,,D946,21026
4269,420091028,GAVOI,NU,,D947,08020
4270,409053010,GAVORRANO,GR,,D948,58023
4271,403020024,GAZOLDO DEGLI IPPOLITI,MN,,D949,46040
4272,403012544,GAZZADA,VA,,,
4273,403012073,GAZZADA SCHIANNO,VA,,D951,21045
4274,403016111,GAZZANIGA,BG,,D952,24025
4275,408035501,GAZZANO,RE,,,
4276,407008517,GAZZELLI,IM,,,
4277,405028041,GAZZO,PD,,D956,35010
4278,403019562,GAZZO,CR,,D956,35010
4279,405023037,GAZZO VERONESE,VR,,D957,37060
4280,408033022,GAZZOLA,PC,,D958,29010
4281,403020025,GAZZUOLO,MN,,D959,46010
4282,419085007,GELA,CL,,D960,93012
4283,408099004,GEMMANO,RN,,D961,47855
4284,408040509,GEMMANO,FO,,D961,47855
4285,406030043,GEMONA DEL FRIULI,UD,,D962,33013
4286,403012074,GEMONIO,VA,,D963,21036
4287,412058042,GENAZZANO,RM,,D964,00030
4288,411042020,GENGA,AN,,D965,60040
4289,403019047,GENIVOLTA,CR,,D966,26020
4290,401004096,GENOLA,CN,,D967,12040
4291,420091029,GENONI,NU,,D968,08030
4292,407010025,GENOVA,GE,,D969,16100
4293,407010507,GENOVA-CORNIGLIANO,GE,,,
4294,407010514,GENOVA-PEGLI,GE,,,
4295,407010516,GENOVA-PRA,GE,,,
4296,407010519,GENOVA-RIVAROLO,GE,,,
4297,407010527,GENOVA-SESTRI PONENTE,GE,,,
4298,407010531,GENOVA-VOLTRI,GE,,,
4299,420092023,GENURI,CA,,D970,09020
4300,417076036,GENZANO DI LUCANIA,PZ,,D971,85013
4301,412058043,GENZANO DI ROMA,RM,,D972,00045
4302,403018070,GENZONE,PV,,D973,27014
4303,403013107,GERA LARIO,CO,,D974,22010
4304,418080036,GERACE,RC,,D975,89040
4305,419082037,GERACI SICULO,PA,,D977,90010
4306,412058044,GERANO,RM,,D978,00025
4307,403019563,GERE DEL PESCE,CR,,,
4308,403018071,GERENZAGO,PV,,D980,27010
4309,403012075,GERENZANO,VA,,D981,21040
4310,420091030,GERGEI,NU,,D982,08030
4311,401001113,GERMAGNANO,TO,,D983,10070
4312,401003644,GERMAGNO,NO,,D984,28887
4313,401103032,GERMAGNO,VB,,D984,28887
4314,403013580,GERMANEDO,CO,,,
4315,403013108,GERMASINO,CO,,,
4316,403012076,GERMIGNAGA,VA,,D987,21010
4317,418102016,GEROCARNE,VV,,D988,89831
4318,418079533,GEROCARNE,CZ,,D988,89831
4319,403014031,GEROLA ALTA,SO,,D990,23010
4320,403017544,GEROLANUOVA,BS,,,
4321,403016112,GEROSA,BG,,D991,24010
4322,403018534,GERRE CHIOZZO,PV,,,
4323,403019048,GERRE DE' CAPRIOLI,CR,,D993,26040
4324,420092024,GESICO,CA,,D994,09040
4325,403015106,GESSATE,MI,,D995,20060
4326,413069040,GESSOPALENA,CH,,D996,66010
4327,420092025,GESTURI,CA,,D997,09020
4328,415064036,GESUALDO,AV,,D998,83040
4329,403017078,GHEDI,BS,,D999,25016
4330,401003073,GHEMME,NO,,E001,28074
4331,401003560,GHEVIO,NO,,,
4332,401003645,GHIFFA,NO,,E003,28823
4333,401103033,GHIFFA,VB,,E003,28823
4334,420092536,GHILARZA,CA,,E004,09074
4335,420095021,GHILARZA,OR,,E004,09074
4336,420095505,GHILARZA-ABBASANTA,OR,,,
4337,420092537,GHILARZA-ABBASANTA,CA,,,
4338,403016113,GHISALBA,BG,,E006,24050
4339,401002062,GHISLARENGO,VC,,E007,13030
4340,405029027,GIACCIANO CON BARUCHELLA,RO,,E008,45020
4341,401001114,GIAGLIONE,TO,,E009,10050
4342,403017079,GIANICO,BS,,E010,25040
4343,410054021,GIANO DELL'UMBRIA,PG,,E012,06030
4344,415061040,GIANO VETUSTO,CE,,E011,81042
4345,419082038,GIARDINELLO,PA,,E013,90040
4346,419083032,GIARDINI-NAXOS,ME,,E014,98035
4347,401006082,GIAROLE,AL,,E015,15036
4348,419088004,GIARRATANA,RG,,E016,97010
4349,419087017,GIARRE,CT,,E017,95014
4350,420090030,GIAVE,SS,,E019,07010
4351,401001115,GIAVENO,TO,,E020,10094
4352,405026032,GIAVERA DEL MONTELLO,TV,,E021,31040
4353,420092026,GIBA,CA,,E022,09010
4354,419081010,GIBELLINA,TP,,E023,91024
4355,401002554,GIFFLENGA,VC,,E024,13874
4356,401096027,GIFFLENGA,BI,,E024,13874
4357,418080037,GIFFONE,RC,,E025,89020
4358,415065055,GIFFONI SEI CASALI,SA,,E026,84090
4359,415065056,GIFFONI VALLE PIANA,SA,,E027,84095
4360,401103034,GIGNESE,VB,,E028,28836
4361,401003646,GIGNESE,NO,,E028,28836
4362,402007030,GIGNOD,AO,,E029,11010
4363,414070026,GILDONE,CB,,E030,86010
4364,418079058,GIMIGLIANO,CZ,,E031,88045
4365,450501517,GIMINO,PL,,,
4366,417076099,GINESTRA,PZ,,E033,85020
4367,415062036,GINESTRA DEGLI SCHIAVONI,BN,,E034,82020
4368,411041506,GINESTRETO,PS,,,
4369,416073007,GINOSA,TA,,E036,74013
4370,415065057,GIOI,SA,,E037,84056
4371,413066046,GIOIA DEI MARSI,AQ,,E040,67055
4372,416072021,GIOIA DEL COLLE,BA,,E038,70023
4373,415061041,GIOIA SANNITICA,CE,,E039,81010
4374,418080038,GIOIA TAURO,RC,,E041,89013
4375,406031538,GIOIACI,GO,,,
4376,418080039,GIOIOSA IONICA,RC,,E044,89042
4377,419083033,GIOIOSA MAREA,ME,,E043,98063
4378,410055014,GIOVE,TR,,E045,05024
4379,403018535,GIOVENZANO,PV,,,
4380,416072022,GIOVINAZZO,BA,,E047,70054
4381,404022092,GIOVO,TN,,E048,38030
4382,420091031,GIRASOLE,NU,,E049,08040
4383,418079059,GIRIFALCO,CZ,,E050,88024
4384,403013109,GIRONICO,CO,,E051,22020
4385,413069041,GISSI,CH,,E052,66052
4386,416075032,GIUGGIANELLO,LE,,E053,73030
4387,415063034,GIUGLIANO IN CAMPANIA,NA,,E054,80014
4388,419082039,GIULIANA,PA,,E055,90030
4389,412060041,GIULIANO DI ROMA,FR,,E057,03020
4390,413069042,GIULIANO TEATINO,CH,,E056,66010
4391,413067025,GIULIANOVA,TE,,E058,64021
4392,409046016,GIUNCUGNANO,LU,,E059,55030
4393,415065058,GIUNGANO,SA,,E060,84050
4394,416075033,GIURDIGNANO,LE,,E061,73020
4395,403018072,GIUSSAGO,PV,,E062,27010
4396,403108024,GIUSSANO,MB,,E063,20833
4397,403015107,GIUSSANO,MI,,E063,20833
4398,407009031,GIUSTENICE,SV,,E064,17027
4399,404022093,GIUSTINO,TN,,E065,38086
4400,407009032,GIUSVALLA,SV,,E066,17010
4401,401001116,GIVOLETTO,TO,,E067,10040
4402,418079060,GIZZERIA,CZ,,E068,88040
4403,404021036,GLORENZA,BZ,,E069,39020
4404,405026033,GODEGA DI SANT'URBANO,TV,,E071,31010
4405,404022667,GODENZO,TN,,,
4406,403018073,GODIASCO,PV,,E072,27052
4407,403018973,GODIASCO SALICE TERME,PV,,,
4408,406031539,GODOVICI,GO,,,
4409,419082040,GODRANO,PA,,E074,90030
4410,403017545,GOGLIONE SOPRA,BS,,,
4411,403017546,GOGLIONE SOTTO,BS,,,
4412,403018536,GOIDO,PV,,,
4413,403020026,GOITO,MN,,E078,46044
4414,403012077,GOLASECCA,VA,,E079,21010
4415,408034503,GOLESE,PR,,,
4416,403018074,GOLFERENZO,PV,,E081,27047
4417,420090083,GOLFO ARANCI,SS,,M274,07020
4418,403019049,GOMBITO,CR,,E082,26020
4419,406030044,GONARS,UD,,E083,33050
4420,420092027,GONI,CA,,E084,09040
4421,420092028,GONNESA,CA,,E086,09010
4422,420092538,GONNOSCODINA,CA,,E087,09090
4423,420095022,GONNOSCODINA,OR,,E087,09090
4424,420092029,GONNOSFANADIGA,CA,,E085,09035
4425,420092539,GONNOSNO',CA,,,
4426,420095023,GONNOSNO',OR,,,
4427,420095024,GONNOSTRAMATZA,OR,,E088,09093
4428,420092540,GONNOSTRAMATZA,CA,,E088,09093
4429,403020027,GONZAGA,MN,,E089,46023
4430,403014032,GORDONA,SO,,E090,23020
4431,412058045,GORGA,RM,,E091,00030
4432,405026034,GORGO AL MONTICANO,TV,,E092,31040
4433,417077010,GORGOGLIONE,MT,,E093,75010
4434,403015108,GORGONZOLA,MI,,E094,20064
4435,406031540,GORIANO,GO,,,
4436,413066047,GORIANO SICOLI,AQ,,E096,67030
4437,413066504,GORIANO VALLI,AQ,,,
4438,406031007,GORIZIA,GO,,E098,34170
4439,403012078,GORLA MAGGIORE,VA,,E101,21050
4440,403012079,GORLA MINORE,VA,,E102,21055
4441,403015585,GORLA PRECOTTO,MI,,,
4442,403016114,GORLAGO,BG,,E100,24060
4443,403016115,GORLE,BG,,E103,24020
4444,403012545,GORNATE SUPERIORE,VA,,,
4445,403012080,GORNATE-OLONA,VA,,E104,21040
4446,403016116,GORNO,BG,,E106,24020
4447,408038025,GORO,FE,,E107,44020
4448,407009516,GORRA,SV,,,
4449,407010026,GORRETO,GE,,E109,16020
4450,401004508,GORRINO,CN,,,
4451,401004097,GORZEGNO,CN,,E111,12070
4452,403017547,GORZONE,BS,,,
4453,405025025,GOSALDO,BL,,E113,32020
4454,408033023,GOSSOLENGO,PC,,E114,29020
4455,401004098,GOTTASECCA,CN,,E115,12070
4456,403017080,GOTTOLENGO,BS,,E116,25023
4457,403013581,GOTTRO,CO,,,
4458,401004099,GOVONE,CN,,E118,12040
4459,406031541,GOZZA,GO,,,
4460,401003076,GOZZANO,NO,,E120,28024
4461,406031542,GRACOVA SERRAVALLE,GO,,,
4462,411041020,GRADARA,PS,,E122,61012
4463,411141020,GRADARA,PU,,E122,61012
4464,403019564,GRADELLA,CR,,,
4465,406031008,GRADISCA D'ISONZO,GO,,E124,34072
4466,406031009,GRADO,GO,,E125,34073
4467,412056028,GRADOLI,VT,,E126,01010
4468,403015726,GRAFFIGNANA,MI,,E127,26813
4469,403098028,GRAFFIGNANA,LO,,E127,26813
4470,412056029,GRAFFIGNANO,VT,,E128,01020
4471,401002555,GRAGLIA,VC,,E130,13895
4472,401096028,GRAGLIA,BI,,E130,13895
4473,401003561,GRAGLIA PIANA,NO,,,
4474,415063035,GRAGNANO,NA,,E131,80054
4475,408033024,GRAGNANO TREBBIENSE,PC,,E132,29010
4476,419087018,GRAMMICHELE,CT,,E133,95042
4477,401005056,GRANA,AT,,E134,14031
4478,401005956,GRANA MONFERRATO,AT,,,
4479,408037029,GRANAGLIONE,BO,,E135,40045
4480,408037030,GRANAROLO DELL'EMILIA,BO,,E136,40057
4481,403015586,GRANCINO,MI,,,
4482,405024045,GRANCONA,VI,,E138,36040
4483,403013110,GRANDATE,CO,,E139,22070
4484,403013582,GRANDOLA,CO,,,
4485,403013111,GRANDOLA ED UNITI,CO,,E141,22010
4486,419083034,GRANITI,ME,,E142,98036
4487,401003077,GRANOZZO CON MONTICELLO,NO,,E143,28060
4488,403012081,GRANTOLA,VA,,E144,21030
4489,405028042,GRANTORTO,PD,,E145,35010
4490,405028043,GRANZE,PD,,E146,35040
4491,417077011,GRASSANO,MT,,E147,75014
4492,403016117,GRASSOBBIO,BG,,E148,24050
4493,419082041,GRATTERI,PA,,E149,90010
4494,404022094,GRAUNO,TN,,E150,38030
4495,403013112,GRAVEDONA,CO,,,
4496,403013249,GRAVEDONA ED UNITI,CO,,M315,22015
4497,403018075,GRAVELLONA LOMELLINA,PV,,E152,27020
4498,401103035,GRAVELLONA TOCE,VB,,E153,28883
4499,401003647,GRAVELLONA TOCE,NO,,E153,28883
4500,401001117,GRAVERE,TO,,E154,10050
4501,419087019,GRAVINA DI CATANIA,CT,,E156,95030
4502,416072023,GRAVINA IN PUGLIA,BA,,E155,70024
4503,403015587,GRAZZANELLO,MI,,,
4504,415061042,GRAZZANISE,CE,,E158,81046
4505,401005057,GRAZZANO BADOGLIO,AT,,E159,14035
4506,412057031,GRECCIO,RI,,E160,02045
4507,415064037,GRECI,AV,,E161,83030
4508,403015588,GRECO MILANESE,MI,,,
4509,401002065,GREGGIO,VC,,E163,13030
4510,401006083,GREMIASCO,AL,,E164,15056
4511,402007031,GRESSAN,AO,,E165,11020
4512,402007502,GRESSONEY,AO,,,
4513,402007032,GRESSONEY-LA-TRINITE',AO,,,
4514,402007033,GRESSONEY-SAINT-JEAN,AO,,E168,11025
4515,409048021,GREVE IN CHIANTI,FI,,E169,50022
4516,403015110,GREZZAGO,MI,,E170,20056
4517,405023038,GREZZANA,VR,,E171,37023
4518,403013113,GRIANTE,CO,,E172,22011
4519,415061043,GRICIGNANO DI AVERSA,CE,,E173,81030
4520,404021531,GRIES,BZ,,,
4521,403016535,GRIGNANO,BG,,,
4522,405029509,GRIGNANO DI POLESINE,RO,,,
4523,401003079,GRIGNASCO,NO,,E177,28075
4524,404022095,GRIGNO,TN,,E178,38055
4525,406030045,GRIMACCO,UD,,E179,33040
4526,418078059,GRIMALDI,CS,,E180,87034
4527,404021532,GRIMALDO,BZ,,,
4528,401004100,GRINZANE CAVOUR,CN,,E182,12060
4529,450501518,GRISIGNANA,PL,,,
4530,405024046,GRISIGNANO DI ZOCCO,VI,,E184,36040
4531,418078060,GRISOLIA,CS,,E185,87020
4532,418078502,GRISOLIA CIPOLLINA,CS,,,
4533,408037031,GRIZZANA MORANDI,BO,,E187,40030
4534,401006084,GROGNARDO,AL,,E188,15010
4535,403016118,GROMO,BG,,E189,24020
4536,403013583,GRONA,CO,,,
4537,401006085,GRONDONA,AL,,E191,15060
4538,403016119,GRONE,BG,,E192,24060
4539,403019050,GRONTARDO,CR,,E193,26044
4540,403019565,GRONTORTO,CR,,,
4541,403018076,GROPELLO CAIROLI,PV,,E195,27027
4542,408033025,GROPPARELLO,PC,,E196,29025
4543,403015589,GROPPELLO D'ADDA,MI,,,
4544,401006515,GROPPO,AL,,,
4545,401001118,GROSCAVALLO,TO,,E199,10070
4546,403014033,GROSIO,SO,,E200,23033
4547,403014034,GROSOTTO,SO,,E201,23034
4548,409053011,GROSSETO,GR,,E202,58100
4549,401001119,GROSSO,TO,,E203,10070
4550,412058046,GROTTAFERRATA,RM,,E204,00046
4551,416073008,GROTTAGLIE,TA,,E205,74023
4552,415064038,GROTTAMINARDA,AV,,E206,83035
4553,411044023,GROTTAMMARE,AP,,E207,63066
4554,411044024,GROTTAZZOLINA,AP,,E208,63844
4555,411109008,GROTTAZZOLINA,FM,,E208,63844
4556,419084018,GROTTE,AG,,E209,92020
4557,412056030,GROTTE DI CASTRO,VT,,E210,01025
4558,412056503,GROTTE DI SANTO STEFANO,VT,,,
4559,418080040,GROTTERIA,RC,,E212,89043
4560,417077012,GROTTOLE,MT,,E213,75010
4561,415064039,GROTTOLELLA,AV,,E214,83010
4562,405027018,GRUARO,VE,,E215,30020
4563,401001120,GRUGLIASCO,TO,,E216,10095
4564,403019051,GRUMELLO CREMONESE ED UNITI,CR,,E217,26023
4565,403016536,GRUMELLO DEI ZANCHI,BG,,,
4566,403016120,GRUMELLO DEL MONTE,BG,,E219,24064
4567,403016537,GRUMELLO DEL PIANO,BG,,,
4568,417076037,GRUMENTO NOVA,PZ,,E221,85050
4569,404022096,GRUMES,TN,,E222,38030
4570,404022550,GRUMO,TN,,,
4571,416072024,GRUMO APPULA,BA,,E223,70025
4572,415063036,GRUMO NEVANO,NA,,E224,80028
4573,405024047,GRUMOLO DELLE ABBADESSE,VI,,E226,36040
4574,416075034,GUAGNANO,LE,,E227,73010
4575,411043021,GUALDO,MC,,E228,62020
4576,410054022,GUALDO CATTANEO,PG,,E229,06035
4577,410054023,GUALDO TADINO,PG,,E230,06023
4578,403018537,GUALDRASCO,PV,,,
4579,408035023,GUALTIERI,RE,,E232,42044
4580,419083035,GUALTIERI SICAMINO',ME,,,
4581,420092030,GUAMAGGIORE,CA,,E234,09040
4582,403013114,GUANZATE,CO,,E235,22070
4583,412060042,GUARCINO,FR,,E236,03016
4584,405029028,GUARDA VENETA,RO,,E240,45030
4585,401002066,GUARDABOSONE,VC,,E237,13010
4586,403015727,GUARDAMIGLIO,MI,,E238,26862
4587,403098029,GUARDAMIGLIO,LO,,E238,26862
4588,418079061,GUARDAVALLE,CZ,,E239,88065
4589,410055015,GUARDEA,TR,,E241,05025
4590,415064040,GUARDIA LOMBARDI,AV,,E245,83040
4591,417076038,GUARDIA PERTICARA,PZ,,E246,85010
4592,418078061,GUARDIA PIEMONTESE,CS,,E242,87020
4593,418078503,GUARDIA PIEMONTESE TERME,CS,,,
4594,415062037,GUARDIA SANFRAMONDI,BN,,E249,82034
4595,413069043,GUARDIAGRELE,CH,,E243,66016
4596,414070027,GUARDIALFIERA,CB,,E244,86030
4597,414070028,GUARDIAREGIA,CB,,E248,86014
4598,409050015,GUARDISTALLO,PI,,E250,56040
4599,401004101,GUARENE,CN,,E251,12050
4600,420092031,GUASILA,CA,,E252,09040
4601,408035024,GUASTALLA,RE,,E253,42016
4602,403015590,GUAZZINA,MI,,,
4603,401006086,GUAZZORA,AL,,E255,15050
4604,410054024,GUBBIO,PG,,E256,06024
4605,403015112,GUDO VISCONTI,MI,,E258,20088
4606,404021533,GUDON,BZ,,,
4607,414070029,GUGLIONESI,CB,,E259,86034
4608,403015591,GUGNANO,MI,,,
4609,403020028,GUIDIZZOLO,MN,,E261,46040
4610,419083503,GUIDOMANDRI,ME,,,
4611,412058047,GUIDONIA MONTECELIO,RM,,E263,00012
4612,408036017,GUIGLIA,MO,,E264,41052
4613,413069044,GUILMI,CH,,E266,66050
4614,403018538,GUINZANO,PV,,,
4615,403012546,GURONE,VA,,,
4616,401103036,GURRO,VB,,E269,28828
4617,401003648,GURRO,NO,,E269,28828
4618,420092032,GUSPINI,CA,,E270,09036
4619,403017081,GUSSAGO,BS,,E271,25064
4620,403019052,GUSSOLA,CR,,E272,26040
4621,402007034,HONE,AO,,E273,11020
4622,418080507,IATRINOLI,RC,,,
4623,404022551,IAVRE',TN,,,
4624,406031543,IDRESCA D'ISONZO,GO,,,
4625,406031544,IDRIA,GO,,,
4626,406031545,IDRIA DI SOTTO,GO,,,
4627,403017082,IDRO,BS,,E280,25074
4628,420092033,IGLESIAS,CA,,E281,09016
4629,401004102,IGLIANO,CN,,E282,12060
4630,420091032,ILBONO,NU,,E283,08040
4631,405023039,ILLASI,VR,,E284,37031
4632,420090031,ILLORAI,SS,,E285,07010
4633,403013584,IMBERIDO,CO,,,
4634,403013698,IMBERSAGO,CO,,E287,23898
4635,403097039,IMBERSAGO,LC,,E287,23898
4636,404022097,IMER,TN,,E288,38050
4637,408037032,IMOLA,BO,,E289,40026
4638,407008031,IMPERIA,IM,,E290,18100
4639,409048022,IMPRUNETA,FI,,E291,50023
4640,403012082,INARZO,VA,,E292,21020
4641,403013585,INCINO,CO,,,
4642,403015592,INCIRANO,MI,,,
4643,409048023,INCISA IN VAL D'ARNO,FI,,E296,50064
4644,401005058,INCISA SCAPACCINO,AT,,E295,14045
4645,403017083,INCUDINE,BS,,E297,25040
4646,403013586,INDOVERO,CO,,,
4647,403012083,INDUNO OLONA,VA,,E299,21056
4648,403015593,INDUNO TICINO,MI,,,
4649,401001121,INGRIA,TO,,E301,10080
4650,403013587,INTIMIANO,CO,,,
4651,401003562,INTRA,NO,,,
4652,401003649,INTRAGNA,NO,,E304,28816
4653,401103037,INTRAGNA,VB,,E304,28816
4654,403013699,INTROBIO,CO,,E305,23815
4655,403097040,INTROBIO,LC,,E305,23815
4656,402007035,INTROD,AO,,E306,11010
4657,413066048,INTRODACQUA,AQ,,E307,67030
4658,403013700,INTROZZO,CO,,E308,23835
4659,403097041,INTROZZO,LC,,E308,23835
4660,403013118,INVERIGO,CO,,E309,22044
4661,403018077,INVERNO E MONTELEONE,PV,,E310,27010
4662,401001122,INVERSO PINASCA,TO,,E311,10060
4663,401001530,INVERSO PORTE,TO,,,
4664,403015113,INVERUNO,MI,,E313,20010
4665,401003082,INVORIO,NO,,E314,28045
4666,401003563,INVORIO INFERIORE,NO,,,
4667,401003564,INVORIO SUPERIORE,NO,,,
4668,403015114,INZAGO,MI,,E317,20065
4669,403017548,INZINO,BS,,,
4670,406030508,IOANNIS,UD,,,
4671,418102017,IONADI,VV,,E321,89851
4672,418079534,IONADI,CZ,,E321,89851
4673,419087501,IONIA,CT,,,
4674,406030509,IPPLIS,UD,,,
4675,420091033,IRGOLI,NU,,E323,08020
4676,420091501,IRGOLI DI GALTELLI,NU,,,
4677,403017084,IRMA,BS,,E325,25061
4678,417077013,IRSINA,MT,,E326,75022
4679,401004103,ISASCA,CN,,E327,12020
4680,418079063,ISCA SULLO IONIO,CZ,,E328,88060
4681,415063037,ISCHIA,NA,,E329,80077
4682,404022552,ISCHIA,TN,,E329,80077
4683,412056031,ISCHIA DI CASTRO,VT,,E330,01010
4684,416071025,ISCHITELLA,FG,,E332,71010
4685,403017085,ISEO,BS,,E333,25049
4686,404022098,ISERA,TN,,E334,38060
4687,414094023,ISERNIA,IS,,E335,86170
4688,414070524,ISERNIA,CB,,E335,86170
4689,420091034,ISILI,NU,,E336,08033
4690,420092114,ISILI,CA,,E336,08033
4691,419082042,ISNELLO,PA,,E337,90010
4692,403015594,ISOLA BALBA,MI,,,
4693,403013588,ISOLA COMACINA,CO,,,
4694,401005059,ISOLA D'ASTI,AT,,E338,14057
4695,407010027,ISOLA DEL CANTONE,GE,,E341,16017
4696,409053012,ISOLA DEL GIGLIO,GR,,E348,58012
4697,413067026,ISOLA DEL GRAN SASSO D'ITALIA,TE,,E343,64045
4698,412060043,ISOLA DEL LIRI,FR,,E340,03036
4699,411141021,ISOLA DEL PIANO,PU,,E351,61030
4700,411041021,ISOLA DEL PIANO,PS,,E351,61030
4701,405023040,ISOLA DELLA SCALA,VR,,E349,37063
4702,419082043,ISOLA DELLE FEMMINE,PA,,E350,90040
4703,418101013,ISOLA DI CAPO RIZZUTO,KR,,E339,88841
4704,418079535,ISOLA DI CAPO RIZZUTO,CZ,,E339,88841
4705,411041507,ISOLA DI FANO,PS,,,
4706,403016121,ISOLA DI FONDRA,BG,,E353,24010
4707,450501519,ISOLA D'ISTRIA,PL,,,
4708,403019053,ISOLA DOVARESE,CR,,E356,26031
4709,403019566,ISOLA PESCAROLI,CR,,,
4710,405023041,ISOLA RIZZA,VR,,E358,37050
4711,401003565,ISOLA SAN GIULIO,NO,,,
4712,401006087,ISOLA SANT'ANTONIO,AL,,E360,15050
4713,405024048,ISOLA VICENTINA,VI,,E354,36033
4714,401001123,ISOLABELLA,TO,,E345,10046
4715,407008032,ISOLABONA,IM,,E346,18035
4716,416071026,ISOLE TREMITI,FG,,E363,71040
4717,401002518,ISOLELLA,VC,,,
4718,403019567,ISOLELLO,CR,,,
4719,403017086,ISORELLA,BS,,E364,25010
4720,415065059,ISPANI,SA,,E365,84050
4721,419088005,ISPICA,RG,,E366,97014
4722,403012084,ISPRA,VA,,E367,21027
4723,404021513,ISSENGO,BZ,,,
4724,401001124,ISSIGLIO,TO,,E368,10080
4725,402007036,ISSIME,AO,,E369,11020
4726,403016122,ISSO,BG,,E370,24040
4727,402007037,ISSOGNE,AO,,E371,11020
4728,405026035,ISTRANA,TV,,E373,31036
4729,419083036,ITALA,ME,,E374,98025
4730,412059010,ITRI,LT,,E375,04020
4731,420090032,ITTIREDDU,SS,,E376,07010
4732,420090033,ITTIRI,SS,,E377,07044
4733,404022099,IVANO-FRACENA,TN,,E378,38059
4734,401001125,IVREA,TO,,E379,10015
4735,403019054,IZANO,CR,,E380,26010
4736,418079065,JACURSO,CZ,,E274,88020
4737,414070030,JELSI,CB,,E381,86015
4738,412058048,JENNE,RM,,E382,00020
4739,403012547,JERAGO,VA,,,
4740,403012548,JERAGO CON BESNATE,VA,,,
4741,403012549,JERAGO CON BESNATE ED ORAGO,VA,,,
4742,403012085,JERAGO CON ORAGO,VA,,E386,21040
4743,420091035,JERZU,NU,,E387,08044
4744,411042021,JESI,AN,,E388,60035
4745,405027019,JESOLO,VE,,C388,30016
4746,408038010,JOLANDA DI SAVOIA,FE,,E320,44037
4747,418079536,JOPPOLO,CZ,,E389,89863
4748,418102018,JOPPOLO,VV,,E389,89863
4749,419084019,JOPPOLO GIANCAXIO,AG,,E390,92010
4750,402007038,JOVENCAN,AO,,E391,11020
4751,401001126,LA CASSA,TO,,E394,10040
4752,401001127,LA LOGGIA,TO,,E423,10040
4753,420090035,LA MADDALENA,SS,,E425,07024
4754,402007039,LA MAGDELEINE,AO,,A308,11020
4755,401004105,LA MORRA,CN,,E430,12064
4756,402007040,LA SALLE,AO,,E458,11015
4757,407011015,LA SPEZIA,SP,,E463,19100
4758,402007041,LA THUILE,AO,,E470,11016
4759,404021117,LA VALLE,BZ,,E491,39030
4760,405025027,LA VALLE AGORDINA,BL,,E490,32020
4761,403097092,LA VALLETTA BRIANZA,LC,,,
4762,412058049,LABICO,RM,,E392,00030
4763,412057032,LABRO,RI,,E393,02010
4764,403015115,LACCHIARELLA,MI,,E395,20084
4765,415063038,LACCO AMENO,NA,,E396,80076
4766,415064041,LACEDONIA,AV,,E397,83046
4767,404021037,LACES,BZ,,E398,39021
4768,404021534,LACINIGO,BZ,,,
4769,420091036,LACONI,NU,,E400,08034
4770,412058116,LADISPOLI,RM,,M212,00055
4771,420090034,LAERRU,SS,,E401,07030
4772,418080041,LAGANADI,RC,,E402,89050
4773,405024049,LAGHI,VI,,E403,36010
4774,406030510,LAGLESIE SAN LEOPOLDO,UD,,,
4775,403013119,LAGLIO,CO,,E405,22010
4776,401004104,LAGNASCO,CN,,E406,12030
4777,418078062,LAGO,CS,,E407,87035
4778,417076039,LAGONEGRO,PZ,,E409,85042
4779,408038011,LAGOSANTO,FE,,E410,44023
4780,450502501,LAGOSTA,ZA,,,
4781,404022668,LAGUNA'-MUSTE',TN,,,
4782,404021038,LAGUNDO,BZ,,E412,39022
4783,407009033,LAIGUEGLIA,SV,,E414,17053
4784,403015116,LAINATE,MI,,E415,20020
4785,403013120,LAINO,CO,,E416,22020
4786,418078063,LAINO BORGO,CS,,E417,87014
4787,418078504,LAINO BRUZIO,CS,,,
4788,418078064,LAINO CASTELLO,CS,,E419,87015
4789,404021039,LAION,BZ,,E420,39040
4790,404021040,LAIVES,BZ,,E421,39055
4791,409050016,LAJATICO,PI,,E413,56030
4792,403016123,LALLIO,BG,,E422,24040
4793,413069045,LAMA DEI PELIGNI,CH,,E424,66010
4794,408036018,LAMA MOCOGNO,MO,,E426,41023
4795,403015595,LAMBRATE,MI,,,
4796,403013121,LAMBRUGO,CO,,E428,22045
4797,418079160,LAMEZIA TERME,CZ,,M208,88046
4798,405025026,LAMON,BL,,E429,32033
4799,419084020,LAMPEDUSA E LINOSA,AG,,E431,92010
4800,409047005,LAMPORECCHIO,PT,,E432,51035
4801,401002067,LAMPORO,VC,,E433,13046
4802,404021041,LANA,BZ,,E434,39011
4803,413069046,LANCIANO,CH,,E435,66034
4804,401003083,LANDIONA,NO,,E436,28064
4805,403018078,LANDRIANO,PV,,E437,27015
4806,408034018,LANGHIRANO,PR,,E438,43013
4807,403018079,LANGOSCO,PV,,E439,27030
4808,450501520,LANISCHIE,PL,,,
4809,420091037,LANUSEI,NU,,E441,08045
4810,412058050,LANUVIO,RM,,C767,00040
4811,419083504,LANZA,ME,,,
4812,403014036,LANZADA,SO,,E443,23020
4813,403013122,LANZO D'INTELVI,CO,,E444,22024
4814,401001128,LANZO TORINESE,TO,,E445,10074
4815,403013589,LAORCA,CO,,,
4816,411109009,LAPEDONA,FM,,E447,63823
4817,411044025,LAPEDONA,AP,,E447,63823
4818,415064042,LAPIO,AV,,E448,83030
4819,404021535,LAPPAGO,BZ,,,
4820,418078065,LAPPANO,CS,,E450,87050
4821,413066049,L'AQUILA,AQ,,A345,67100
4822,409047006,LARCIANO,PT,,E451,51036
4823,404022100,LARDARO,TN,,E452,38087
4824,403015596,LARDERA,MI,,,
4825,403018080,LARDIRAGO,PV,,E454,27016
4826,409050017,LARI,PI,,E455,56035
4827,412058115,LARIANO,RM,,M207,00040
4828,404022669,LARIDO,TN,,,
4829,414070031,LARINO,CB,,E456,86035
4830,420092034,LAS PLASSAS,CA,,E464,09020
4831,404021042,LASA,BZ,,E457,39023
4832,419082044,LASCARI,PA,,E459,90010
4833,406032517,LASE,TS,,,
4834,404022670,LASES,TN,,,
4835,404022101,LASINO,TN,,E461,38076
4836,403013123,LASNIGO,CO,,E462,22030
4837,405024050,LASTEBASSE,VI,,E465,36040
4838,409048024,LASTRA A SIGNA,FI,,E466,50055
4839,412056032,LATERA,VT,,E467,01010
4840,409051019,LATERINA,AR,,E468,52020
4841,409051042,LATERINA PERGINE VALDARNO,AR,,,
4842,416073009,LATERZA,TA,,E469,74014
4843,416074009,LATIANO,BR,,E471,72022
4844,412059011,LATINA,LT,,E472,04100
4845,406030046,LATISANA,UD,,E473,33053
4846,417076040,LATRONICO,PZ,,E474,85043
4847,418078066,LATTARICO,CS,,E475,87010
4848,406030047,LAUCO,UD,,E476,33029
4849,404021536,LAUDES,BZ,,,
4850,450500513,LAURANA,FU,,,
4851,415065060,LAUREANA CILENTO,SA,,E480,84050
4852,418080042,LAUREANA DI BORRELLO,RC,,E479,89023
4853,404021043,LAUREGNO,BZ,,E481,39040
4854,417076041,LAURENZANA,PZ,,E482,85014
4855,417076042,LAURIA,PZ,,E483,85044
4856,401001129,LAURIANO,TO,,E484,10020
4857,415065061,LAURINO,SA,,E485,84057
4858,415065062,LAURITO,SA,,E486,84050
4859,415064043,LAURO,AV,,E487,83023
4860,407010028,LAVAGNA,GE,,E488,16033
4861,405023042,LAVAGNO,VR,,E489,37030
4862,404022102,LAVARONE,TN,,E492,38046
4863,417076043,LAVELLO,PZ,,E493,85024
4864,403012086,LAVENA-PONTE TRESA,VA,,,
4865,403012550,LAVENO,VA,,,
4866,403012087,LAVENO-MOMBELLO,VA,,E496,21014
4867,403017087,LAVENONE,BS,,E497,25074
4868,415065063,LAVIANO,SA,,E498,84020
4869,407008518,LAVINA,IM,,,
4870,404022103,LAVIS,TN,,E500,38015
4871,404021537,LAZFONS,BZ,,,
4872,405023043,LAZISE,VR,,E502,37017
4873,403108025,LAZZATE,MB,,E504,20824
4874,403015117,LAZZATE,MI,,E504,20824
4875,416075035,LECCE,LE,,E506,73100
4876,413066050,LECCE NEI MARSI,AQ,,E505,67050
4877,403013701,LECCO,CO,,E507,23900
4878,403097042,LECCO,LC,,E507,23900
4879,406031546,LEDINE,GO,,,
4880,404022229,LEDRO,TN,,M313,38067
4881,403016124,LEFFE,BG,,E509,24026
4882,403012088,LEGGIUNO,VA,,E510,21038
4883,403012551,LEGGIUNO-SANGIANO,VA,,,
4884,405023044,LEGNAGO,VR,,E512,37045
4885,409048503,LEGNAIA,FI,,,
4886,403015118,LEGNANO,MI,,E514,20025
4887,405028044,LEGNARO,PD,,E515,35020
4888,404022553,LEGOS,TN,,,
4889,420091038,LEI,NU,,E517,08010
4890,401001130,LEINI,TO,,E518,10040
4891,407010029,LEIVI,GE,,E519,16040
4892,401001131,LEMIE,TO,,E520,10070
4893,403013590,LEMNA,CO,,,
4894,405029029,LENDINARA,RO,,E522,45026
4895,419083037,LENI,ME,,E523,98050
4896,403016125,LENNA,BG,,E524,24010
4897,403013125,LENNO,CO,,E525,22016
4898,403017088,LENO,BS,,E526,25024
4899,412059012,LENOLA,LT,,E527,04025
4900,401002068,LENTA,VC,,E528,13035
4901,403015119,LENTATE SUL SEVESO,MI,,E530,20823
4902,403108054,LENTATE SUL SEVESO,MB,,E530,20823
4903,413069047,LENTELLA,CH,,E531,66050
4904,405025028,LENTIAI,BL,,C562,32020
4905,419089011,LENTINI,SR,,E532,96016
4906,404022554,LENZIMA,TN,,,
4907,404022555,LENZUMO,TN,,,
4908,412057033,LEONESSA,RI,,E535,02016
4909,419086011,LEONFORTE,EN,,E536,94013
4910,416073010,LEPORANO,TA,,E537,74020
4911,416075036,LEQUILE,LE,,E538,73010
4912,401004106,LEQUIO BERRIA,CN,,E540,12050
4913,401004107,LEQUIO TANARO,CN,,E539,12060
4914,419082045,LERCARA FRIDDI,PA,,E541,90025
4915,407011016,LERICI,SP,,E542,19032
4916,401006088,LERMA,AL,,E543,15070
4917,401003084,LESA,NO,,E544,28040
4918,401003566,LESA-BELGIRATE,NO,,,
4919,401004108,LESEGNO,CN,,E546,12076
4920,408034019,LESIGNANO DE' BAGNI,PR,,E547,43037
4921,416071027,LESINA,FG,,E549,71010
4922,403015120,LESMO,MI,,E550,20855
4923,403108026,LESMO,MB,,E550,20855
4924,401001132,LESSOLO,TO,,E551,10010
4925,401002556,LESSONA,VC,,E552,13853
4926,401096085,LESSONA,BI,,E552,13853
4927,401096029,LESSONA,BI,,E552,13853
4928,406030048,LESTIZZA,UD,,E553,33050
4929,415061044,LETINO,CE,,E554,81010
4930,419083505,LETOIANNI GALLODORO,ME,,,
4931,419083038,LETOJANNI,ME,,E555,98037
4932,415063039,LETTERE,NA,,E557,80050
4933,413068020,LETTOMANOPPELLO,PE,,E558,65020
4934,413069048,LETTOPALENA,CH,,E559,66010
4935,407011017,LEVANTO,SP,,E560,19015
4936,403019568,LEVATA,CR,,,
4937,403016126,LEVATE,BG,,E562,24040
4938,416075037,LEVERANO,LE,,E563,73045
4939,401004109,LEVICE,CN,,E564,12070
4940,404022104,LEVICO TERME,TN,,E565,38056
4941,401001133,LEVONE,TO,,E566,10070
4942,403017549,LEVRANGE,BS,,,
4943,403013591,LEZZA,CO,,,
4944,403013126,LEZZENO,CO,,E569,22025
4945,415061045,LIBERI,CE,,E570,81040
4946,419083039,LIBRIZZI,ME,,E571,98064
4947,406031547,LIBUSSINA,GO,,,
4948,419084021,LICATA,AG,,E573,92027
4949,409045009,LICCIANA NARDI,MS,,E574,54016
4950,403019569,LICENGO,CR,,,
4951,412058051,LICENZA,RM,,E576,00026
4952,415063503,LICIGNANO DI NAPOLI,NA,,,
4953,419087020,LICODIA EUBEA,CT,,E578,95040
4954,403018539,LICONASCO,PV,,,
4955,415065505,LICUSATI,SA,,,
4956,403097043,LIERNA,LC,,E581,23827
4957,403013702,LIERNA,CO,,E581,23827
4958,403013592,LIETO COLLE,CO,,,
4959,401002070,LIGNANA,VC,,E583,13034
4960,406030049,LIGNANO-SABBIADORO,UD,,,
4961,408035025,LIGONCHIO,RE,,E585,42039
4962,406030050,LIGOSULLO,UD,,E586,33020
4963,402007042,LILLIANES,AO,,E587,11020
4964,405025029,LIMANA,BL,,E588,32020
4965,415062038,LIMATOLA,BN,,E589,82030
4966,418079537,LIMBADI,CZ,,E590,89844
4967,418102019,LIMBADI,VV,,E590,89844
4968,403108027,LIMBIATE,MB,,E591,20812
4969,403015121,LIMBIATE,MI,,E591,20812
4970,405028045,LIMENA,PD,,E592,35010
4971,403013128,LIMIDO COMASCO,CO,,E593,22070
4972,419083040,LIMINA,ME,,E594,98030
4973,403015597,LIMITO,MI,,,
4974,401004110,LIMONE PIEMONTE,CN,,E597,12015
4975,403017089,LIMONE SUL GARDA,BS,,E596,25010
4976,403013593,LIMONTA,CO,,,
4977,414070032,LIMOSANO,CB,,E599,86022
4978,403018081,LINAROLO,PV,,E600,27010
4979,403015598,LINATE AL LAMBRO,MI,,,
4980,419087021,LINGUAGLOSSA,CT,,E602,95015
4981,407008519,LINGUEGLIETTA,IM,,,
4982,403013594,LINZANICO,CO,,,
4983,415064044,LIONI,AV,,E605,83047
4984,419083041,LIPARI,ME,,E606,98055
4985,403013129,LIPOMO,CO,,E607,22030
4986,403018082,LIRIO,PV,,E608,27040
4987,403012552,LISANZA,VA,,,
4988,403015122,LISCATE,MI,,E610,20060
4989,413069049,LISCIA,CH,,E611,66050
4990,411044504,LISCIANO DEL TRONTO,AP,,,
4991,410054025,LISCIANO NICCONE,PG,,E613,06060
4992,404022105,LISIGNAGO,TN,,E614,38030
4993,401004111,LISIO,CN,,E615,12070
4994,403012553,LISSAGO,VA,,,
4995,403015123,LISSONE,MI,,E617,20851
4996,403108028,LISSONE,MB,,E617,20851
4997,403017550,LIVEMMO,BS,,,
4998,415063040,LIVERI,NA,,E620,80030
4999,403014037,LIVIGNO,SO,,E621,23030
5000,405025030,LIVINALLONGO DEL COL DI LANA,BL,,E622,32020
5001,404022106,LIVO,TN,,E624,38020
5002,403013130,LIVO,CO,,E624,38020
5003,409049009,LIVORNO,LI,,E625,57100
5004,401002071,LIVORNO FERRARIS,VC,,E626,13046
5005,403098030,LIVRAGA,LO,,E627,26814
5006,403015728,LIVRAGA,MI,,E627,26814
5007,404022556,LIZZANA,TN,,,
5008,416075038,LIZZANELLO,LE,,E629,73023
5009,416073011,LIZZANO,TA,,E630,74020
5010,408037033,LIZZANO IN BELVEDERE,BO,,A771,40042
5011,403016538,LIZZOLA,BG,,,
5012,407009034,LOANO,SV,,E632,17025
5013,401005060,LOAZZOLO,AT,,E633,14051
5014,419083506,LOCADI,ME,,,
5015,401001134,LOCANA,TO,,E635,10080
5016,401002519,LOCARNO,VC,,,
5017,403016539,LOCATE BERGAMASCO,BG,,,
5018,403015125,LOCATE DI TRIULZI,MI,,E639,20085
5019,403013131,LOCATE VARESINO,CO,,E638,22070
5020,403016127,LOCATELLO,BG,,E640,24030
5021,406031548,LOCAVIZZA DI AIDUSSINA,GO,,,
5022,406031549,LOCAVIZZA DI CANALE,GO,,,
5023,404022557,LOCCA,TN,,,
5024,420091039,LOCERI,NU,,E644,08040
5025,416072025,LOCOROTONDO,BA,,E645,70010
5026,418080043,LOCRI,RC,,D976,89044
5027,420091040,LOCULI,NU,,E646,08020
5028,420091041,LODE',NU,,,
5029,403098031,LODI,LO,,E648,26900
5030,403015729,LODI,MI,,E648,26900
5031,403015730,LODI VECCHIO,MI,,E651,26855
5032,403098032,LODI VECCHIO,LO,,E651,26855
5033,420091104,LODINE,NU,,E649,08020
5034,407009517,LODISIO,SV,,,
5035,403017090,LODRINO,BS,,E652,25060
5036,404022558,LODRONE,TN,,,
5037,403017091,LOGRATO,BS,,E654,25030
5038,408037034,LOIANO,BO,,E655,40050
5039,420090084,LOIRI PORTO SAN PAOLO,SS,,M275,07020
5040,403097044,LOMAGNA,LC,,E656,23871
5041,403013703,LOMAGNA,CO,,E656,23871
5042,403013595,LOMANIGA,CO,,,
5043,404022107,LOMASO,TN,,,
5044,403013133,LOMAZZO,CO,,E659,22074
5045,401001135,LOMBARDORE,TO,,E660,10040
5046,401001136,LOMBRIASCO,TO,,E661,10040
5047,403018083,LOMELLO,PV,,E662,27034
5048,404022559,LON,TN,,,
5049,404022671,LONA,TN,,,
5050,404022108,LONA-LASES,TN,,E664,38040
5051,403012089,LONATE CEPPINO,VA,,E665,21050
5052,403012090,LONATE POZZOLO,VA,,E666,21015
5053,403017092,LONATO,BS,,,
5054,403017992,LONATO DEL GARDA,BS,,M312,25017
5055,409048025,LONDA,FI,,E668,50060
5056,414070525,LONGANO,CB,,E669,86090
5057,414094024,LONGANO,IS,,E669,86090
5058,403019570,LONGARDORE,CR,,,
5059,405024051,LONGARE,VI,,E671,36023
5060,405025031,LONGARONE,BL,,E672,32013
5061,405025071,LONGARONE,BL,,E672,32013
5062,403017093,LONGHENA,BS,,E673,25030
5063,419083042,LONGI,ME,,E674,98070
5064,408040018,LONGIANO,FO,,E675,47020
5065,408140018,LONGIANO,FC,,E675,47020
5066,404021538,LONGIARU',BZ,,,
5067,418078067,LONGOBARDI,CS,,E677,87030
5068,418078068,LONGOBUCCO,CS,,E678,87066
5069,403013134,LONGONE AL SEGRINO,CO,,E679,22030
5070,412057034,LONGONE SABINO,RI,,E681,02020
5071,405024052,LONIGO,VI,,E682,36045
5072,401001137,LORANZE',TO,,,
5073,405028046,LOREGGIA,PD,,E684,35010
5074,401003650,LOREGLIA,NO,,E685,28893
5075,401103038,LOREGLIA,VB,,E685,28893
5076,403016540,LORENTINO,BG,,,
5077,405025032,LORENZAGO DI CADORE,BL,,E687,32040
5078,409050018,LORENZANA,PI,,E688,56043
5079,405029030,LOREO,RO,,E689,45017
5080,411042022,LORETO,AN,,E690,60025
5081,413068021,LORETO APRUTINO,PE,,E691,65014
5082,405026036,LORIA,TV,,E692,31037
5083,409051020,LORO CIUFFENNA,AR,,E693,52024
5084,411043022,LORO PICENO,MC,,E694,62020
5085,407010030,LORSICA,GE,,E695,16045
5086,406031550,LOSE,GO,,,
5087,416072504,LOSETO,BA,,,
5088,403017094,LOSINE,BS,,E698,25050
5089,401004509,LOTTULO,CN,,,
5090,420091042,LOTZORAI,NU,,E700,08040
5091,403017551,LOVENO GRUMELLO,BS,,,
5092,403013596,LOVENO SOPRA MENAGGIO,CO,,,
5093,404022560,LOVER,TN,,,
5094,403016128,LOVERE,BG,,E704,24065
5095,403014038,LOVERO,SO,,E705,23030
5096,403017095,LOZIO,BS,,E706,25040
5097,403012091,LOZZA,VA,,E707,21040
5098,403012554,LOZZO,VA,,,
5099,405028047,LOZZO ATESTINO,PD,,E709,35034
5100,405025033,LOZZO DI CADORE,BL,,E708,32040
5101,401002072,LOZZOLO,VC,,E711,13045
5102,401006089,LU,AL,,E712,15040
5103,401006193,LU E CUCCARO MONFERRATO,AL,,,
5104,412056033,LUBRIANO,VT,,E713,01020
5105,409046017,LUCCA,LU,,E715,55100
5106,419084022,LUCCA SICULA,AG,,E714,92010
5107,416071028,LUCERA,FG,,E716,71036
5108,403015599,LUCERNATE,MI,,,
5109,409051021,LUCIGNANO,AR,,E718,52046
5110,407008033,LUCINASCO,IM,,E719,18020
5111,406031551,LUCINICO,GO,,,
5112,403013597,LUCINO,CO,,,
5113,414070033,LUCITO,CB,,E722,86030
5114,413066051,LUCO DEI MARSI,AQ,,E723,67056
5115,413066052,LUCOLI,AQ,,E724,67045
5116,403017552,LUDRIANO,BS,,,
5117,408033026,LUGAGNANO VAL D'ARDA,PC,,E726,29018
5118,401001138,LUGNACCO,TO,,E727,10080
5119,410055016,LUGNANO IN TEVERINA,TR,,E729,05020
5120,408039012,LUGO,RA,,E730,48022
5121,405024053,LUGO DI VICENZA,VI,,E731,36030
5122,406031552,LUICO,GO,,,
5123,403019571,LUIGNANO,CR,,,
5124,403012092,LUINO,VA,,E734,21016
5125,403013135,LUISAGO,CO,,E735,22070
5126,420091043,LULA,NU,,E736,08020
5127,407010031,LUMARZO,GE,,E737,16024
5128,403017096,LUMEZZANE,BS,,E738,25065
5129,403017553,LUMEZZANE PIEVE,BS,,,
5130,403017554,LUMEZZANE SAN SEBASTIANO,BS,,,
5131,403017555,LUMEZZANE SANT'APOLLONIO,BS,,,
5132,420092035,LUNAMATRONA,CA,,E742,09022
5133,411041022,LUNANO,PS,,E743,61026
5134,411141022,LUNANO,PU,,E743,61026
5135,404022561,LUNDO,TN,,,
5136,403018084,LUNGAVILLA,PV,,B387,27053
5137,418078069,LUNGRO,CS,,E745,87010
5138,407011920,LUNI,SP,,,
5139,415064045,LUOGOSANO,AV,,E746,83040
5140,420090036,LUOGOSANTO,SS,,E747,07020
5141,414070034,LUPARA,CB,,E748,86030
5142,403013136,LURAGO D'ERBA,CO,,E749,22040
5143,403013137,LURAGO MARINONE,CO,,E750,22070
5144,403016129,LURANO,BG,,E751,24050
5145,420090037,LURAS,SS,,E752,07025
5146,403013138,LURATE CACCIVIO,CO,,E753,22075
5147,415061046,LUSCIANO,CE,,E754,81030
5148,415061507,LUSCIANO E DUCENTA,CE,,,
5149,401001531,LUSERNA,TO,,E757,38040
5150,404022109,LUSERNA,TN,,E757,38040
5151,401001139,LUSERNA SAN GIOVANNI,TO,,E758,10062
5152,401001140,LUSERNETTA,TO,,E759,10060
5153,406030051,LUSEVERA,UD,,E760,33010
5154,405029031,LUSIA,RO,,E761,45020
5155,405024054,LUSIANA,VI,,E762,36046
5156,405024127,LUSIANA CONCO,VI,,,
5157,401001141,LUSIGLIE',TO,,,
5158,404021044,LUSON,BZ,,E764,39040
5159,450501521,LUSSINGRANDE,PL,,,
5160,450501522,LUSSINPICCOLO,PL,,,
5161,415065064,LUSTRA,SA,,E767,84050
5162,404021539,LUTAGO,BZ,,,
5163,403012093,LUVINATE,VA,,E769,21020
5164,403016130,LUZZANA,BG,,E770,24069
5165,415062504,LUZZANO,BN,,,
5166,408035026,LUZZARA,RE,,E772,42045
5167,418078070,LUZZI,CS,,E773,87040
5168,401003567,LUZZOGNO,NO,,,
5169,403012094,MACCAGNO,VA,,E775,21010
5170,403012142,MACCAGNO CON PINO E VEDDASCA,VA,,,
5171,403012555,MACCAGNO INFERIORE,VA,,,
5172,403015731,MACCASTORNA,MI,,E777,26843
5173,403098033,MACCASTORNA,LO,,E777,26843
5174,414094025,MACCHIA D'ISERNIA,IS,,E778,86070
5175,414070526,MACCHIA D'ISERNIA,CB,,E778,86070
5176,414070035,MACCHIA VALFORTORE,CB,,E780,86040
5177,414070527,MACCHIAGODENA,CB,,E779,86096
5178,414094026,MACCHIAGODENA,IS,,E779,86096
5179,403013598,MACCIO,CO,,,
5180,401001142,MACELLO,TO,,E782,10060
5181,411043023,MACERATA,MC,,E783,62100
5182,415061047,MACERATA CAMPANIA,CE,,E784,81047
5183,411041023,MACERATA FELTRIA,PS,,E785,61023
5184,411141023,MACERATA FELTRIA,PU,,E785,61023
5185,403015129,MACHERIO,MI,,E786,20846
5186,403108029,MACHERIO,MB,,E786,20846
5187,403017097,MACLODIO,BS,,E787,25030
5188,420091044,MACOMER,NU,,E788,08015
5189,401004112,MACRA,CN,,E789,12020
5190,401003651,MACUGNAGA,NO,,E790,28876
5191,401103039,MACUGNAGA,VB,,E790,28876
5192,415061048,MADDALONI,CE,,E791,81024
5193,403017556,MADERNO,BS,,,
5194,403014035,MADESIMO,SO,,E342,23024
5195,404022672,MADICE,TN,,,
5196,403019055,MADIGNANO,CR,,E793,26020
5197,403016131,MADONE,BG,,E794,24040
5198,401103040,MADONNA DEL SASSO,VB,,E795,28894
5199,401003652,MADONNA DEL SASSO,NO,,E795,28894
5200,404022562,MADRANO,TN,,,
5201,404022563,MADRUZZO,TN,,,
5202,404022243,MADRUZZO,TN,,,
5203,412059013,MAENZA,LT,,E798,04010
5204,414070036,MAFALDA,CB,,E799,86030
5205,403017098,MAGASA,BS,,E800,25080
5206,403015130,MAGENTA,MI,,E801,20013
5207,403013599,MAGGIANICO,CO,,,
5208,401003088,MAGGIORA,NO,,E803,28014
5209,403018085,MAGHERNO,PV,,E804,27010
5210,410054026,MAGIONE,PG,,E805,06063
5211,418079068,MAGISANO,CZ,,E806,88050
5212,401004113,MAGLIANO ALFIERI,CN,,E809,12050
5213,401004114,MAGLIANO ALPI,CN,,E808,12060
5214,413066053,MAGLIANO DE' MARSI,AQ,,E811,67062
5215,411109010,MAGLIANO DI TENNA,FM,,E807,63832
5216,411044026,MAGLIANO DI TENNA,AP,,E807,63832
5217,409053013,MAGLIANO IN TOSCANA,GR,,E810,58051
5218,412058052,MAGLIANO ROMANO,RM,,E813,00060
5219,412057035,MAGLIANO SABINA,RI,,E812,02046
5220,415065065,MAGLIANO VETERE,SA,,E814,84050
5221,416075039,MAGLIE,LE,,E815,73024
5222,407009035,MAGLIOLO,SV,,E816,17020
5223,401001143,MAGLIONE,TO,,E817,10030
5224,403020029,MAGNACAVALLO,MN,,E818,46020
5225,403015131,MAGNAGO,MI,,E819,20020
5226,401096030,MAGNANO,BI,,E821,13887
5227,401002557,MAGNANO,VC,,E821,13887
5228,406030052,MAGNANO IN RIVIERA,UD,,E820,33010
5229,403017557,MAGNO SOPRA INZINO,BS,,,
5230,401003568,MAGOGNINO,NO,,,
5231,420091045,MAGOMADAS,NU,,E825,08010
5232,404022564,MAGRAS,TN,,,
5233,404022565,MAGRE',TN,,,
5234,404021045,MAGRE' SULLA STRADA DEL VINO,BZ,,,
5235,405024504,MAGRE VICENTINO,VI,,,
5236,403013139,MAGREGLIO,CO,,E830,22030
5237,404021540,MAIA ALTA,BZ,,,
5238,404021541,MAIA BASSA,BZ,,,
5239,418079069,MAIDA,CZ,,E834,88025
5240,418078071,MAIERA',CS,,,
5241,418079538,MAIERATO,CZ,,E836,89843
5242,418102020,MAIERATO,VV,,E836,89843
5243,411042023,MAIOLATI SPONTINI,AN,,E837,60030
5244,411041024,MAIOLO,PS,,E838,47862
5245,408099022,MAIOLO,RN,,E838,47862
5246,411141024,MAIOLO,PU,,E838,47862
5247,415065066,MAIORI,SA,,E839,84010
5248,403098034,MAIRAGO,LO,,E840,26825
5249,403015732,MAIRAGO,MI,,E840,26825
5250,403017099,MAIRANO,BS,,E841,25030
5251,407011018,MAISSANA,SP,,E842,19010
5252,406030053,MAJANO,UD,,E833,33030
5253,404022673,MALA,TN,,,
5254,403019056,MALAGNINO,CR,,E843,26030
5255,408037035,MALALBERGO,BO,,E844,40051
5256,405027505,MALAMOCCO,VE,,,
5257,406030511,MALBORGHETTO,UD,,,
5258,406030054,MALBORGHETTO-VALBRUNA,UD,,,
5259,405023045,MALCESINE,VR,,E848,37018
5260,406032518,MALCHINA,TS,,,
5261,404022110,MALE',TN,,,
5262,403017100,MALEGNO,BS,,E851,25053
5263,403015733,MALEO,MI,,E852,26847
5264,403098035,MALEO,LO,,E852,26847
5265,401103041,MALESCO,VB,,E853,28854
5266,401003653,MALESCO,NO,,E853,28854
5267,419087022,MALETTO,CT,,E854,95035
5268,419083043,MALFA,ME,,E855,98050
5269,403012095,MALGESSO,VA,,E856,21020
5270,404022566,MALGOLO,TN,,,
5271,403097045,MALGRATE,LC,,E858,23864
5272,403013704,MALGRATE,CO,,E858,23864
5273,418078072,MALITO,CS,,E859,87030
5274,407009036,MALLARE,SV,,E860,17045
5275,404021542,MALLES,BZ,,,
5276,404021046,MALLES VENOSTA,BZ,,E862,39024
5277,403012096,MALNATE,VA,,E863,21046
5278,405024055,MALO,VI,,E864,36034
5279,403017101,MALONNO,BS,,E865,25040
5280,404022111,MALOSCO,TN,,E866,38013
5281,401004510,MALPOTREMO,CN,,,
5282,411044027,MALTIGNANO,AP,,E868,63085
5283,419083044,MALVAGNA,ME,,E869,98030
5284,401006090,MALVICINO,AL,,E870,15015
5285,401006517,MALVINO,AL,,,
5286,418078073,MALVITO,CS,,E872,87010
5287,418080044,MAMMOLA,RC,,E873,89045
5288,420091046,MAMOIADA,NU,,E874,08024
5289,409053014,MANCIANO,GR,,E875,58014
5290,419083045,MANDANICI,ME,,E876,98020
5291,420092036,MANDAS,CA,,E877,09040
5292,418078074,MANDATORICCIO,CS,,E878,87060
5293,412058053,MANDELA,RM,,B632,00020
5294,403013705,MANDELLO DEL LARIO,CO,,E879,23826
5295,403097046,MANDELLO DEL LARIO,LC,,E879,23826
5296,401003090,MANDELLO VITTA,NO,,E880,28060
5297,403018540,MANDRINO,PV,,,
5298,416073012,MANDURIA,TA,,E882,74024
5299,403017102,MANERBA DEL GARDA,BS,,E883,25080
5300,403017103,MANERBIO,BS,,E884,25025
5301,416071029,MANFREDONIA,FG,,E885,71043
5302,403018541,MANGIALUPO,PV,,,
5303,401004115,MANGO,CN,,E887,12056
5304,418078075,MANGONE,CS,,E888,87050
5305,419087057,MANIACE,CT,,M283,95030
5306,406093025,MANIAGO,PN,,E889,33085
5307,406030545,MANIAGO,UD,,E889,33085
5308,401001532,MANIGLIA,TO,,,
5309,415064046,MANOCALZATI,AV,,E891,83030
5310,413068022,MANOPPELLO,PE,,E892,65024
5311,405026037,MANSUE',TV,,,
5312,401004116,MANTA,CN,,E894,12030
5313,404021543,MANTANA,BZ,,,
5314,403014039,MANTELLO,SO,,E896,23016
5315,403020030,MANTOVA,MN,,E897,46100
5316,404022567,MANZANO,TN,,E899,33044
5317,406030055,MANZANO,UD,,E899,33044
5318,412058054,MANZIANA,RM,,E900,00066
5319,403016132,MAPELLO,BG,,E901,24030
5320,401001316,MAPPANO,TO,,,
5321,420090038,MARA,SS,,E902,07010
5322,420092037,MARACALAGONIS,CA,,E903,09040
5323,408036019,MARANELLO,MO,,E904,41053
5324,404022568,MARANO,TN,,,
5325,415063041,MARANO DI NAPOLI,NA,,E906,80016
5326,405023046,MARANO DI VALPOLICELLA,VR,,E911,37020
5327,412058055,MARANO EQUO,RM,,E908,00020
5328,406030056,MARANO LAGUNARE,UD,,E910,33050
5329,418078076,MARANO MARCHESATO,CS,,E914,87040
5330,418078077,MARANO PRINCIPATO,CS,,E915,87040
5331,408036020,MARANO SUL PANARO,MO,,E905,41054
5332,401003091,MARANO TICINO,NO,,E907,28040
5333,405024056,MARANO VICENTINO,VI,,E912,36035
5334,412059503,MARANOLA,LT,,,
5335,404021544,MARANZA,BZ,,,
5336,401005061,MARANZANA,AT,,E917,14040
5337,407010510,MARASSI,GE,,,
5338,417076044,MARATEA,PZ,,E919,85046
5339,403015600,MARCALLO,MI,,,
5340,403015134,MARCALLO CON CASONE,MI,,E921,20010
5341,403020031,MARCARIA,MN,,E922,46010
5342,418079071,MARCEDUSA,CZ,,E923,88050
5343,412058056,MARCELLINA,RM,,E924,00010
5344,418079072,MARCELLINARA,CZ,,E925,88044
5345,405023509,MARCELLISE,VR,,,
5346,412057036,MARCETELLI,RI,,E927,02020
5347,403017104,MARCHENO,BS,,E928,25060
5348,403012097,MARCHIROLO,VA,,E929,21030
5349,409049010,MARCIANA,LI,,E930,57030
5350,409049011,MARCIANA MARINA,LI,,E931,57033
5351,415061049,MARCIANISE,CE,,E932,81025
5352,409051022,MARCIANO DELLA CHIANA,AR,,E933,52047
5353,403018086,MARCIGNAGO,PV,,E934,27020
5354,404022569,MARCO,TN,,,
5355,405027020,MARCON,VE,,E936,30020
5356,401001533,MARCORENGO,TO,,,
5357,404021047,MAREBBE,BZ,,E938,39030
5358,401004117,MARENE,CN,,E939,12030
5359,405026038,MARENO DI PIAVE,TV,,E940,31010
5360,401001144,MARENTINO,TO,,E941,10020
5361,450501523,MARESEGO,PL,,,
5362,404021545,MARETA,BZ,,,
5363,401005062,MARETTO,AT,,E944,14018
5364,401004118,MARGARITA,CN,,E945,12040
5365,416071030,MARGHERITA DI SAVOIA,FG,,E946,76016
5366,416110005,MARGHERITA DI SAVOIA,BT,,E946,76016
5367,403013706,MARGNO,CO,,E947,23832
5368,403097047,MARGNO,LC,,E947,23832
5369,404022570,MARGONE,TN,,,
5370,403020032,MARIANA MANTOVANA,MN,,E949,46010
5371,403016541,MARIANO AL BREMBO,BG,,,
5372,403013143,MARIANO COMENSE,CO,,E951,22066
5373,406031010,MARIANO DEL FRIULI,GO,,E952,34070
5374,419085008,MARIANOPOLI,CL,,E953,93010
5375,415063042,MARIGLIANELLA,NA,,E954,80030
5376,415063043,MARIGLIANO,NA,,E955,80034
5377,418080045,MARINA DI GIOIOSA IONICA,RC,,E956,89046
5378,419082046,MARINEO,PA,,E957,90035
5379,412058057,MARINO,RM,,E958,00047
5380,404021048,MARLENGO,BZ,,E959,39020
5381,409047007,MARLIANA,PT,,E960,51010
5382,403017105,MARMENTINO,BS,,E961,25060
5383,403020033,MARMIROLO,MN,,E962,46045
5384,401004119,MARMORA,CN,,E963,12020
5385,401005503,MARMORITO,AT,,,
5386,403012098,MARNATE,VA,,E965,21050
5387,407008520,MARO CASTELLO,IM,,,
5388,403017106,MARONE,BS,,E967,25054
5389,418080046,MAROPATI,RC,,E968,89020
5390,408034504,MARORE,PR,,,
5391,405024057,MAROSTICA,VI,,E970,36063
5392,409048026,MARRADI,FI,,E971,50034
5393,420092541,MARRUBIU,CA,,E972,09094
5394,420095025,MARRUBIU,OR,,E972,09094
5395,401004120,MARSAGLIA,CN,,E973,12060
5396,419081011,MARSALA,TP,,E974,91025
5397,410054027,MARSCIANO,PG,,E975,06055
5398,417076045,MARSICO NUOVO,PZ,,E976,85052
5399,417076046,MARSICOVETERE,PZ,,E977,85050
5400,412056034,MARTA,VT,,E978,01010
5401,416075040,MARTANO,LE,,E979,73025
5402,405027021,MARTELLAGO,VE,,E980,30030
5403,404021049,MARTELLO,BZ,,E981,39020
5404,406030057,MARTIGNACCO,UD,,E982,33035
5405,403019057,MARTIGNANA DI PO,CR,,E983,26040
5406,416075041,MARTIGNANO,LE,,E984,73020
5407,416073013,MARTINA FRANCA,TA,,E986,74015
5408,407009518,MARTINA OLBA,SV,,,
5409,403016133,MARTINENGO,BG,,E987,24057
5410,401004121,MARTINIANA PO,CN,,E988,12030
5411,413067047,MARTINSICURO,TE,,E989,64014
5412,418079073,MARTIRANO,CZ,,E990,88040
5413,418079074,MARTIRANO LOMBARDO,CZ,,E991,88040
5414,420090039,MARTIS,SS,,E992,07030
5415,418080047,MARTONE,RC,,E993,89040
5416,403015734,MARUDO,MI,,E994,26866
5417,403098036,MARUDO,LO,,E994,26866
5418,416073014,MARUGGIO,TA,,E995,74020
5419,408037036,MARZABOTTO,BO,,B689,40043
5420,403019572,MARZALENGO,CR,,,
5421,403018087,MARZANO,PV,,E999,27010
5422,415061050,MARZANO APPIO,CE,,E998,81035
5423,415064047,MARZANO DI NOLA,AV,,E997,83020
5424,418078078,MARZI,CS,,F001,87050
5425,403012099,MARZIO,VA,,F002,21030
5426,420092103,MASAINAS,CA,,M270,09010
5427,403015136,MASATE,MI,,F003,20060
5428,419087023,MASCALI,CT,,F004,95016
5429,419087024,MASCALUCIA,CT,,F005,95030
5430,417076047,MASCHITO,PZ,,F006,85020
5431,403015601,MASCIAGO MILANESE,MI,,,
5432,403012100,MASCIAGO PRIMO,VA,,F007,21030
5433,405026039,MASER,TV,,F009,31010
5434,401103042,MASERA,VB,,F010,28855
5435,401003654,MASERA,NO,,F010,28855
5436,405028048,MASERA' DI PADOVA,PD,,,
5437,405026040,MASERADA SUL PIAVE,TV,,F012,31052
5438,405028049,MASI,PD,,F013,35040
5439,404022571,MASI DI VIGO,TN,,,
5440,408038012,MASI TORELLO,FE,,F016,44020
5441,401006091,MASIO,AL,,F015,15024
5442,403013144,MASLIANICO,CO,,F017,22026
5443,403012556,MASNAGO,VA,,,
5444,405024058,MASON VICENTINO,VI,,F019,36064
5445,407010032,MASONE,GE,,F020,16010
5446,409045010,MASSA,MS,,F023,54100
5447,413066054,MASSA D'ALBE,AQ,,F022,67050
5448,415063092,MASSA DI SOMMA,NA,,M289,80040
5449,409047008,MASSA E COZZILE,PT,,F025,51010
5450,411044028,MASSA FERMANA,AP,,F021,63834
5451,411109011,MASSA FERMANA,FM,,F021,63834
5452,408039013,MASSA LOMBARDA,RA,,F029,48024
5453,415063044,MASSA LUBRENSE,NA,,F030,80061
5454,409053015,MASSA MARITTIMA,GR,,F032,58024
5455,410054028,MASSA MARTANA,PG,,F024,06056
5456,405029510,MASSA SUPERIORE,RO,,,
5457,408038013,MASSAFISCAGLIA,FE,,,
5458,416073015,MASSAFRA,TA,,F027,74016
5459,403098037,MASSALENGO,LO,,F028,26815
5460,403015735,MASSALENGO,MI,,F028,26815
5461,420092542,MASSAMA,CA,,,
5462,420095506,MASSAMA,OR,,,
5463,405028050,MASSANZAGO,PD,,F033,35010
5464,403016542,MASSARI-MELZI,BG,,,
5465,409046018,MASSAROSA,LU,,F035,55054
5466,401096031,MASSAZZA,BI,,F037,13873
5467,401002558,MASSAZZA,VC,,F037,13873
5468,409052501,MASSE DI CITTA',SI,,,
5469,409052502,MASSE DI SAN MARTINO,SI,,,
5470,409052503,MASSE DI SIENA,SI,,,
5471,401001145,MASSELLO,TO,,F041,10060
5472,401002559,MASSERANO,VC,,F042,13866
5473,401096032,MASSERANO,BI,,F042,13866
5474,411044029,MASSIGNANO,AP,,F044,63061
5475,404022112,MASSIMENO,TN,,F045,38086
5476,407009037,MASSIMINO,SV,,F046,12071
5477,401003093,MASSINO VISCONTI,NO,,F047,28040
5478,401003655,MASSIOLA,NO,,F048,28895
5479,401103043,MASSIOLA,VB,,F048,28895
5480,404022572,MASTELLINA,TN,,,
5481,420092543,MASULLAS,CA,,F050,09090
5482,420095026,MASULLAS,OR,,F050,09090
5483,411043024,MATELICA,MC,,F051,62024
5484,417077014,MATERA,MT,,F052,75100
5485,401001146,MATHI,TO,,F053,10075
5486,416075042,MATINO,LE,,F054,73046
5487,414070037,MATRICE,CB,,F055,86030
5488,404022573,MATTARELLO,TN,,,
5489,450500514,MATTERIA,FU,,,
5490,401001147,MATTIE,TO,,F058,10050
5491,416071031,MATTINATA,FG,,F059,71030
5492,450500515,MATTUGLIE,FU,,,
5493,419081012,MAZARA DEL VALLO,TP,,F061,91026
5494,404021546,MAZIA,BZ,,,
5495,403017107,MAZZANO,BS,,F063,25080
5496,412058058,MAZZANO ROMANO,RM,,F064,00060
5497,419085009,MAZZARINO,CL,,F065,93013
5498,419083046,MAZZARRA' SANT'ANDREA,ME,,,
5499,419087056,MAZZARRONE,CT,,M271,95040
5500,401001148,MAZZE',TO,,,
5501,404022113,MAZZIN,TN,,F068,38030
5502,403014040,MAZZO DI VALTELLINA,SO,,F070,23030
5503,403015602,MAZZO MILANESE,MI,,,
5504,403016543,MAZZOLENI E FALGHERA,BG,,,
5505,403017558,MAZZUNNO,BS,,,
5506,401001149,MEANA DI SUSA,TO,,F074,10050
5507,420091047,MEANA SARDO,NU,,F073,08030
5508,401001534,MEANO,TO,,,
5509,404022574,MEANO,TN,,,
5510,404022575,MECHEL,TN,,,
5511,403108030,MEDA,MB,,F078,20821
5512,403015138,MEDA,MI,,F078,20821
5513,406031553,MEDANA,GO,,,
5514,403018088,MEDE,PV,,F080,27035
5515,406031011,MEDEA,GO,,F081,34076
5516,408034020,MEDESANO,PR,,F082,43014
5517,408037037,MEDICINA,BO,,F083,40059
5518,403015139,MEDIGLIA,MI,,F084,20060
5519,403016250,MEDOLAGO,BG,,F085,24030
5520,403020034,MEDOLE,MN,,F086,46046
5521,408036021,MEDOLLA,MO,,F087,41036
5522,405026041,MEDUNA DI LIVENZA,TV,,F088,31040
5523,406030546,MEDUNO,UD,,F089,33092
5524,406093026,MEDUNO,PN,,F089,33092
5525,405028051,MEGLIADINO SAN FIDENZIO,PD,,F091,35040
5526,405028052,MEGLIADINO SAN VITALE,PD,,F092,35040
5527,401003095,MEINA,NO,,F093,28046
5528,405025034,MEL,BL,,F094,32026
5529,405029032,MELARA,RO,,F095,45037
5530,401006092,MELAZZO,AL,,F096,15010
5531,408040019,MELDOLA,FO,,F097,47014
5532,408140019,MELDOLA,FC,,F097,47014
5533,407010033,MELE,GE,,F098,16010
5534,403015603,MELEGNANELLO,MI,,,
5535,403015140,MELEGNANO,MI,,F100,20077
5536,416075043,MELENDUGNO,LE,,F101,73026
5537,403015736,MELETI,MI,,F102,26843
5538,403098038,MELETI,LO,,F102,26843
5539,401001535,MELEZET,TO,,,
5540,417076048,MELFI,PZ,,F104,85025
5541,418080048,MELICUCCA',RC,,,
5542,418080049,MELICUCCO,RC,,F106,89020
5543,419089012,MELILLI,SR,,F107,96010
5544,418101014,MELISSA,KR,,F108,88814
5545,418079539,MELISSA,CZ,,F108,88814
5546,416075044,MELISSANO,LE,,F109,73040
5547,415063045,MELITO DI NAPOLI,NA,,F111,80017
5548,418080050,MELITO DI PORTO SALVO,RC,,F112,89063
5549,415064048,MELITO IRPINO,AV,,F110,83030
5550,415062039,MELIZZANO,BN,,F113,82030
5551,401004122,MELLE,CN,,F114,12020
5552,403014041,MELLO,SO,,F115,23010
5553,416075045,MELPIGNANO,LE,,F117,73020
5554,404021050,MELTINA,BZ,,F118,39010
5555,403015142,MELZO,MI,,F119,20066
5556,403013145,MENAGGIO,CO,,F120,22017
5557,403014042,MENAROLA,SO,,F121,23020
5558,404022674,MENAS,TN,,,
5559,403018089,MENCONICO,PV,,F122,27050
5560,407008034,MENDATICA,IM,,F123,18025
5561,407008521,MENDATICA-MONTEGROSSO,IM,,,
5562,418078079,MENDICINO,CS,,F125,87040
5563,419084023,MENFI,AG,,F126,92013
5564,412058059,MENTANA,RM,,F127,00013
5565,401001536,MENTOULLES,TO,,,
5566,403012557,MENZAGO,VA,,,
5567,405027022,MEOLO,VE,,F130,30020
5568,401006093,MERANA,AL,,F131,15010
5569,404021051,MERANO,BZ,,F132,39012
5570,403097048,MERATE,LC,,F133,23807
5571,403013707,MERATE,CO,,F133,23807
5572,403012101,MERCALLO,VA,,F134,21020
5573,411141025,MERCATELLO SUL METAURO,PU,,F135,61040
5574,411041025,MERCATELLO SUL METAURO,PS,,F135,61040
5575,411041026,MERCATINO CONCA,PS,,F136,61013
5576,411141026,MERCATINO CONCA,PU,,F136,61013
5577,415065067,MERCATO SAN SEVERINO,SA,,F138,84085
5578,408140020,MERCATO SARACENO,FC,,F139,47025
5579,408040020,MERCATO SARACENO,FO,,F139,47025
5580,401001150,MERCENASCO,TO,,F140,10010
5581,415064049,MERCOGLIANO,AV,,F141,83013
5582,403015604,MERCUGNANO,MI,,,
5583,401003569,MERCURAGO,NO,,,
5584,406030058,MERETO DI TOMBA,UD,,F144,33036
5585,411042024,MERGO,AN,,F145,60030
5586,401003656,MERGOZZO,NO,,F146,28802
5587,401103044,MERGOZZO,VB,,F146,28802
5588,419083047,MERI',ME,,,
5589,405028053,MERLARA,PD,,F148,35040
5590,403015737,MERLINO,MI,,F149,26833
5591,403098039,MERLINO,LO,,F149,26833
5592,406031554,MERNA,GO,,,
5593,403013147,MERONE,CO,,F151,22046
5594,416074010,MESAGNE,BR,,F152,72023
5595,403014043,MESE,SO,,F153,23020
5596,403012102,MESENZANA,VA,,F154,21030
5597,403015144,MESERO,MI,,F155,20010
5598,408038014,MESOLA,FE,,F156,44026
5599,418079540,MESORACA,CZ,,F157,88838
5600,418101015,MESORACA,KR,,F157,88838
5601,419083048,MESSINA,ME,,F158,98100
5602,405027506,MESTRE,VE,,,
5603,404022576,MESTRIAGO,TN,,,
5604,405028054,MESTRINO,PD,,F161,35035
5605,415063046,META,NA,,F162,80062
5606,403015605,METTONE,MI,,,
5607,401001151,MEUGLIANO,TO,,F164,10080
5608,403015145,MEZZAGO,MI,,F165,20883
5609,403108031,MEZZAGO,MB,,F165,20883
5610,404022114,MEZZANA,TN,,F168,38020
5611,403018090,MEZZANA BIGLI,PV,,F170,27030
5612,403015606,MEZZANA CASATI,MI,,,
5613,401096033,MEZZANA MORTIGLIENGO,BI,,F167,13831
5614,401002560,MEZZANA MORTIGLIENGO,VC,,F167,13831
5615,403018091,MEZZANA RABATTONE,PV,,F171,27030
5616,403012558,MEZZANA SUPERIORE,VA,,,
5617,405023047,MEZZANE DI SOTTO,VR,,F172,37030
5618,407010034,MEZZANEGO,GE,,F173,16046
5619,408034021,MEZZANI,PR,,F174,43055
5620,403018092,MEZZANINO,PV,,F175,27040
5621,404022115,MEZZANO,TN,,F176,38050
5622,404022577,MEZZANO IMER,TN,,,
5623,403018542,MEZZANO PARPANESE,PV,,,
5624,403015607,MEZZANO PASSONE,MI,,,
5625,403018543,MEZZANO SICCOMARIO,PV,,,
5626,403013148,MEZZEGRA,CO,,F181,22010
5627,401001152,MEZZENILE,TO,,F182,10070
5628,404022116,MEZZOCORONA,TN,,F183,38016
5629,419082047,MEZZOJUSO,PA,,F184,90030
5630,404022578,MEZZOLAGO,TN,,,
5631,403016134,MEZZOLDO,BG,,F186,24010
5632,404022117,MEZZOLOMBARDO,TN,,F187,38017
5633,401003097,MEZZOMERICO,NO,,F188,28040
5634,401002561,MIAGLIANO,VC,,F189,13816
5635,401096034,MIAGLIANO,BI,,F189,13816
5636,405026042,MIANE,TV,,F190,31050
5637,401003098,MIASINO,NO,,F191,28010
5638,401003657,MIAZZINA,NO,,F192,28817
5639,401103045,MIAZZINA,VB,,F192,28817
5640,412057037,MICIGLIANO,RI,,F193,02010
5641,416075046,MIGGIANO,LE,,F194,73035
5642,401003570,MIGIANDONE,NO,,,
5643,413069050,MIGLIANICO,CH,,F196,66010
5644,415064503,MIGLIANO,AV,,,
5645,408038015,MIGLIARINO,FE,,F198,44027
5646,408038026,MIGLIARO,FE,,F199,44020
5647,418079077,MIGLIERINA,CZ,,F200,88040
5648,417077015,MIGLIONICO,MT,,F201,75010
5649,407010035,MIGNANEGO,GE,,F202,16018
5650,415061051,MIGNANO MONTE LUNGO,CE,,F203,81049
5651,403015608,MIGNETE,MI,,,
5652,403015146,MILANO,MI,,F205,20100
5653,419083049,MILAZZO,ME,,F206,98057
5654,419085010,MILENA,CL,,E618,93010
5655,418079541,MILETO,CZ,,F207,89852
5656,418102021,MILETO,VV,,F207,89852
5657,420092544,MILIS,CA,,F208,09070
5658,420095027,MILIS,OR,,F208,09070
5659,419087025,MILITELLO IN VAL DI CATANIA,CT,,F209,95043
5660,419083050,MILITELLO ROSMARINO,ME,,F210,98070
5661,404021547,MILLAN-SARNESS,BZ,,,
5662,401001537,MILLAURES,TO,,,
5663,407009038,MILLESIMO,SV,,F213,17017
5664,419087026,MILO,CT,,F214,95010
5665,403017559,MILZANELLO,BS,,,
5666,403017108,MILZANO,BS,,F216,25020
5667,419087027,MINEO,CT,,F217,95044
5668,405023048,MINERBE,VR,,F218,37046
5669,408037038,MINERBIO,BO,,F219,40061
5670,416075047,MINERVINO DI LECCE,LE,,F221,73027
5671,416072026,MINERVINO MURGE,BA,,F220,76013
5672,416110006,MINERVINO MURGE,BT,,F220,76013
5673,403013600,MINOPRIO,CO,,,
5674,415065068,MINORI,SA,,F223,84010
5675,412059014,MINTURNO,LT,,F224,04026
5676,409046019,MINUCCIANO,LU,,F225,55034
5677,407009039,MIOGLIA,SV,,F226,17040
5678,404022579,MIOLA,TN,,,
5679,406030512,MIONE,UD,,,
5680,405027023,MIRA,VE,,F229,30034
5681,415064050,MIRABELLA ECLANO,AV,,F230,83036
5682,419087028,MIRABELLA IMBACCARI,CT,,F231,95040
5683,408038016,MIRABELLO,FE,,F235,44043
5684,403019573,MIRABELLO CIRIA,CR,,,
5685,403013578,MIRABELLO COMASCO,CO,,,
5686,403018544,MIRABELLO ED UNITI DI PAVIA,PV,,,
5687,401006094,MIRABELLO MONFERRATO,AL,,F232,15040
5688,403015609,MIRABELLO SAN BERNARDINO,MI,,,
5689,414070038,MIRABELLO SANNITICO,CB,,F233,86010
5690,403018093,MIRADOLO TERME,PV,,F238,27010
5691,414070528,MIRANDA,CB,,F239,86080
5692,414094027,MIRANDA,IS,,F239,86080
5693,408036022,MIRANDOLA,MO,,F240,41037
5694,405027024,MIRANO,VE,,F241,30035
5695,419083051,MIRTO,ME,,F242,98070
5696,408040510,MISANO ADRIATICO,FO,,F244,47843
5697,408099005,MISANO ADRIATICO,RN,,F244,47843
5698,403016135,MISANO DI GERA D'ADDA,BG,,F243,24040
5699,403018545,MISANO OLONA,PV,,,
5700,419081025,MISILISCEMI,TP,,,
5701,419082048,MISILMERI,PA,,F246,90036
5702,403108032,MISINTO,MB,,F247,20826
5703,403015147,MISINTO,MI,,F247,20826
5704,403013708,MISSAGLIA,CO,,F248,23873
5705,403097049,MISSAGLIA,LC,,F248,23873
5706,417076049,MISSANELLO,PZ,,F249,85010
5707,419087029,MISTERBIANCO,CT,,F250,95045
5708,419083052,MISTRETTA,ME,,F251,98073
5709,405023510,MIZZOLE,VR,,,
5710,407008522,MOANO,IM,,,
5711,401005063,MOASCA,AT,,F254,14050
5712,401001538,MOCCHIE,TO,,,
5713,407010036,MOCONESI,GE,,F256,16047
5714,408036023,MODENA,MO,,F257,4112x
5715,419088006,MODICA,RG,,F258,97015
5716,408040022,MODIGLIANA,FO,,F259,47015
5717,408140022,MODIGLIANA,FC,,F259,47015
5718,420091048,MODOLO,NU,,F261,08019
5719,416072027,MODUGNO,BA,,F262,70026
5720,404022118,MOENA,TN,,F263,38035
5721,404022580,MOERNA,TN,,,
5722,403097050,MOGGIO,LC,,F265,23817
5723,403013709,MOGGIO,CO,,F265,23817
5724,406030059,MOGGIO UDINESE,UD,,F266,33015
5725,403020035,MOGLIA,MN,,F267,46024
5726,411043025,MOGLIANO,MC,,F268,62010
5727,405026043,MOGLIANO VENETO,TV,,F269,31021
5728,420092545,MOGORELLA,CA,,F270,09080
5729,420095028,MOGORELLA,OR,,F270,09080
5730,420095029,MOGORO,OR,,F272,09095
5731,420092546,MOGORO,CA,,F272,09095
5732,403013601,MOIANA,CO,,,
5733,415062040,MOIANO,BN,,F274,82010
5734,406030060,MOIMACCO,UD,,F275,33040
5735,419083053,MOIO ALCANTARA,ME,,F277,98030
5736,403016136,MOIO DE' CALVI,BG,,F276,24010
5737,415065069,MOIO DELLA CIVITELLA,SA,,F278,84060
5738,401004123,MOIOLA,CN,,F279,12010
5739,416072028,MOLA DI BARI,BA,,F280,70042
5740,401006095,MOLARE,AL,,F281,15074
5741,407010511,MOLASSANA,GE,,,
5742,409046020,MOLAZZANA,LU,,F283,55020
5743,416072029,MOLFETTA,BA,,F284,70056
5744,403013602,MOLINA,CO,,,
5745,413066055,MOLINA ATERNO,AQ,,M255,67020
5746,404022119,MOLINA DI LEDRO,TN,,,
5747,415062041,MOLINARA,BN,,F287,82020
5748,408037039,MOLINELLA,BO,,F288,40062
5749,403016544,MOLINI DI COLOGNOLA,BG,,,
5750,407008035,MOLINI DI TRIORA,IM,,F290,18010
5751,404021548,MOLINI DI TURES,BZ,,,
5752,401006518,MOLINO ALZANO,AL,,,
5753,401006096,MOLINO DEI TORTI,AL,,F293,15050
5754,414070039,MOLISE,CB,,F294,86020
5755,417076050,MOLITERNO,PZ,,F295,85047
5756,404022581,MOLLARO,TN,,,
5757,401002078,MOLLIA,VC,,F297,13020
5758,401001539,MOLLIERES,TO,,,
5759,401006519,MOLO DI BORBERA,AL,,,
5760,418080051,MOLOCHIO,RC,,F301,89010
5761,407008524,MOLTEDO SUPERIORE,IM,,,
5762,403013710,MOLTENO,CO,,F304,23847
5763,403097051,MOLTENO,LC,,F304,23847
5764,403013152,MOLTRASIO,CO,,F305,22010
5765,405024059,MOLVENA,VI,,F306,36060
5766,404022120,MOLVENO,TN,,F307,38018
5767,401005064,MOMBALDONE,AT,,F308,14050
5768,401004124,MOMBARCARO,CN,,F309,12070
5769,411141027,MOMBAROCCIO,PU,,F310,61024
5770,411041027,MOMBAROCCIO,PS,,F310,61024
5771,401005065,MOMBARUZZO,AT,,F311,14046
5772,401004125,MOMBASIGLIO,CN,,F312,12070
5773,401001153,MOMBELLO DI TORINO,TO,,F315,10020
5774,403012559,MOMBELLO LAGO MAGGIORE,VA,,,
5775,401006097,MOMBELLO MONFERRATO,AL,,F313,15020
5776,401005066,MOMBERCELLI,AT,,F316,14047
5777,401003100,MOMO,NO,,F317,28015
5778,401001154,MOMPANTERO,TO,,F318,10059
5779,412057038,MOMPEO,RI,,F319,02040
5780,401006098,MOMPERONE,AL,,F320,15050
5781,403017560,MOMPIANO,BS,,,
5782,414070040,MONACILIONI,CB,,F322,86040
5783,401005067,MONALE,AT,,F323,14013
5784,418080052,MONASTERACE,RC,,F324,89040
5785,401005068,MONASTERO BORMIDA,AT,,F325,14058
5786,401001155,MONASTERO DI LANZO,TO,,F327,10070
5787,401004126,MONASTERO DI VASCO,CN,,F326,12080
5788,401004127,MONASTEROLO CASOTTO,CN,,F329,12080
5789,403016137,MONASTEROLO DEL CASTELLO,BG,,F328,24060
5790,401004128,MONASTEROLO DI SAVIGLIANO,CN,,F330,12030
5791,401001540,MONASTEROLO TORINESE,TO,,,
5792,405026044,MONASTIER DI TREVISO,TV,,F332,31050
5793,420092038,MONASTIR,CA,,F333,09023
5794,403012560,MONATE,VA,,,
5795,401001156,MONCALIERI,TO,,F335,10024
5796,401005069,MONCALVO,AT,,F336,14036
5797,401001157,MONCENISIO,TO,,D553,10050
5798,401006099,MONCESTINO,AL,,F337,15020
5799,401004129,MONCHIERO,CN,,F338,12060
5800,408034022,MONCHIO DELLE CORTI,PR,,F340,43010
5801,404022121,MONCLASSICO,TN,,F341,38020
5802,401002079,MONCRIVELLO,VC,,F342,13040
5803,403015611,MONCUCCO DI MONZA,MI,,,
5804,401005070,MONCUCCO TORINESE,AT,,F343,14024
5805,403015610,MONCUCCO VECCHIO,MI,,,
5806,408099006,MONDAINO,RN,,F346,47836
5807,408040511,MONDAINO,FO,,F346,47836
5808,411041028,MONDAVIO,PS,,F347,61040
5809,411141028,MONDAVIO,PU,,F347,61040
5810,411141029,MONDOLFO,PU,,F348,61037
5811,411041029,MONDOLFO,PS,,F348,61037
5812,403013603,MONDONICO,CO,,,
5813,401006520,MONDONIO,AL,,,
5814,401004130,MONDOVI',CN,,,
5815,415061052,MONDRAGONE,CE,,F352,81034
5816,401001541,MONDRONE,TO,,,
5817,407010037,MONEGLIA,GE,,F354,16030
5818,401004131,MONESIGLIO,CN,,F355,12077
5819,406031012,MONFALCONE,GO,,F356,34074
5820,401004132,MONFORTE D'ALBA,CN,,F358,12065
5821,419083054,MONFORTE SAN GIORGIO,ME,,F359,98041
5822,405026045,MONFUMO,TV,,F360,31010
5823,401005071,MONGARDINO,AT,,F361,14040
5824,404021549,MONGHEZZO DI FUORI,BZ,,,
5825,408037040,MONGHIDORO,BO,,F363,40063
5826,418102022,MONGIANA,VV,,F364,89823
5827,418079542,MONGIANA,CZ,,F364,89823
5828,401006100,MONGIARDINO LIGURE,AL,,F365,15060
5829,403015612,MONGIARDINO SILLARO,MI,,,
5830,419083055,MONGIUFFI MELIA,ME,,F368,98030
5831,401002562,MONGRANDO,VC,,F369,13888
5832,401096035,MONGRANDO,BI,,F369,13888
5833,418078080,MONGRASSANO,CS,,F370,87040
5834,404021052,MONGUELFO,BZ,,,
5835,404021952,MONGUELFO-TESIDO,BZ,,F371,39035
5836,403013153,MONGUZZO,CO,,F372,22040
5837,403017109,MONIGA DEL GARDA,BS,,F373,25080
5838,401006101,MONLEALE,AL,,F374,15059
5839,403017110,MONNO,BS,,F375,25040
5840,416072030,MONOPOLI,BA,,F376,70043
5841,419082049,MONREALE,PA,,F377,90046
5842,406032002,MONRUPINO,TS,,F378,34016
5843,411044030,MONSAMPIETRO MORICO,AP,,F379,63842
5844,411109012,MONSAMPIETRO MORICO,FM,,F379,63842
5845,411044031,MONSAMPOLO DEL TRONTO,AP,,F380,63077
5846,411042025,MONSANO,AN,,F381,60030
5847,405028055,MONSELICE,PD,,F382,35043
5848,420092109,MONSERRATO,CA,,F383,09042
5849,409047009,MONSUMMANO TERME,PT,,F384,51015
5850,401004133,MONTA',CN,,,
5851,401005072,MONTABONE,AT,,F386,14040
5852,401006102,MONTACUTO,AL,,F387,15050
5853,411044505,MONTACUTO,AP,,F387,15050
5854,411044506,MONTADAMO,AP,,,
5855,401005073,MONTAFIA,AT,,F390,14014
5856,414070041,MONTAGANO,CB,,F391,86023
5857,404021053,MONTAGNA,BZ,,F392,39040
5858,403014044,MONTAGNA IN VALTELLINA,SO,,F393,23020
5859,404021953,MONTAGNA SULLA STRADA DEL VINO,BZ,,,
5860,405028056,MONTAGNANA,PD,,F394,35044
5861,419083056,MONTAGNAREALE,ME,,F395,98060
5862,404022122,MONTAGNE,TN,,F396,38070
5863,415064051,MONTAGUTO,AV,,F397,83030
5864,409048027,MONTAIONE,FI,,F398,50050
5865,419083057,MONTALBANO ELICONA,ME,,F400,98065
5866,417077016,MONTALBANO JONICO,MT,,F399,75023
5867,409052037,MONTALCINO,SI,,F402,53024
5868,409052014,MONTALCINO,SI,,F402,53024
5869,401006103,MONTALDEO,AL,,F403,15060
5870,401006104,MONTALDO BORMIDA,AL,,F404,15010
5871,401004134,MONTALDO DI MONDOVI',CN,,,
5872,401004135,MONTALDO ROERO,CN,,F408,12040
5873,401005074,MONTALDO SCARAMPI,AT,,F409,14048
5874,401001158,MONTALDO TORINESE,TO,,F407,10020
5875,409047010,MONTALE,PT,,F410,51037
5876,401001159,MONTALENGHE,TO,,F411,10090
5877,401006521,MONTALERO,AL,,,
5878,411041508,MONTALFOGLIO,PS,,,
5879,419084024,MONTALLEGRO,AG,,F414,92010
5880,407008068,MONTALTO CARPASIO,IM,,,
5881,411044032,MONTALTO DELLE MARCHE,AP,,F415,63068
5882,412056035,MONTALTO DI CASTRO,VT,,F419,01014
5883,401001160,MONTALTO DORA,TO,,F420,10016
5884,407008036,MONTALTO LIGURE,IM,,F406,18010
5885,403018094,MONTALTO PAVESE,PV,,F417,27040
5886,411041509,MONTALTO TARUGO,PS,,,
5887,418078081,MONTALTO UFFUGO,CS,,F416,87046
5888,403019574,MONTANARA,CR,,,
5889,401001161,MONTANARO,TO,,F422,10017
5890,403015738,MONTANASO LOMBARDO,MI,,F423,26836
5891,403098040,MONTANASO LOMBARDO,LO,,F423,26836
5892,401004136,MONTANERA,CN,,F424,12040
5893,415065070,MONTANO ANTILIA,SA,,F426,84060
5894,403013604,MONTANO COMASCO,CO,,,
5895,403013154,MONTANO LUCINO,CO,,F427,22070
5896,411044033,MONTAPPONE,AP,,F428,63835
5897,411109013,MONTAPPONE,FM,,F428,63835
5898,414094028,MONTAQUILA,IS,,F429,86070
5899,414070529,MONTAQUILA,CB,,F429,86070
5900,412057039,MONTASOLA,RI,,F430,02040
5901,404021550,MONTASSILONE,BZ,,,
5902,418079080,MONTAURO,CZ,,F432,88060
5903,413069051,MONTAZZOLI,CH,,F433,66030
5904,409053016,MONTE ARGENTARIO,GR,,F437,58019
5905,403018546,MONTE BOLOGNOLA,PV,,,
5906,410054029,MONTE CASTELLO DI VIBIO,PG,,F456,06057
5907,411043027,MONTE CAVALLO,MC,,F460,62036
5908,411141031,MONTE CERIGNONE,PU,,F467,61010
5909,411041031,MONTE CERIGNONE,PS,,F467,61010
5910,408040512,MONTE COLOMBO,FO,,F476,47854
5911,408099007,MONTE COLOMBO,RN,,F476,47854
5912,412058060,MONTE COMPATRI,RM,,F477,00040
5913,403019058,MONTE CREMASCO,CR,,F434,26010
5914,450501524,MONTE DI CAPODISTRIA,PL,,,
5915,405024063,MONTE DI MALO,VI,,F486,36030
5916,404021551,MONTE DI MEZZODI',BZ,,,
5917,415063047,MONTE DI PROCIDA,NA,,F488,80070
5918,404021552,MONTE DI TRAMONTANA,BZ,,,
5919,411109016,MONTE GIBERTO,FM,,F517,63846
5920,411044039,MONTE GIBERTO,AP,,F517,63846
5921,411141035,MONTE GRIMANO,PU,,,
5922,411041035,MONTE GRIMANO,PS,,,
5923,411041935,MONTE GRIMANO TERME,PS,,F524,61010
5924,411141935,MONTE GRIMANO TERME,PU,,F524,61010
5925,403017111,MONTE ISOLA,BS,,F532,25050
5926,403016593,MONTE MARENZO,BG,,F561,23804
5927,403097052,MONTE MARENZO,LC,,F561,23804
5928,411041514,MONTE MONTANARO,PS,,,
5929,403013605,MONTE OLIMPINO,CO,,,
5930,401003571,MONTE OSSOLANO,NO,,,
5931,411041038,MONTE PORZIO,PS,,F589,61040
5932,411141038,MONTE PORZIO,PU,,F589,61040
5933,412058064,MONTE PORZIO CATONE,RM,,F590,00040
5934,411109021,MONTE RINALDO,FM,,F599,63852
5935,411044046,MONTE RINALDO,AP,,F599,63852
5936,411042029,MONTE ROBERTO,AN,,F600,60030
5937,412056037,MONTE ROMANO,VT,,F603,01010
5938,412059015,MONTE SAN BIAGIO,LT,,F616,04020
5939,404021556,MONTE SAN CANDIDO,BZ,,,
5940,415065075,MONTE SAN GIACOMO,SA,,F618,84030
5941,412060044,MONTE SAN GIOVANNI CAMPANO,FR,,F620,03025
5942,412057043,MONTE SAN GIOVANNI IN SABINA,RI,,F619,02040
5943,411043031,MONTE SAN GIUSTO,MC,,F621,62015
5944,411043032,MONTE SAN MARTINO,MC,,F622,62020
5945,411109023,MONTE SAN PIETRANGELI,FM,,F626,63815
5946,411044048,MONTE SAN PIETRANGELI,AP,,F626,63815
5947,408037042,MONTE SAN PIETRO,BO,,F627,40050
5948,409051025,MONTE SAN SAVINO,AR,,F628,52048
5949,411042030,MONTE SAN VITO,AN,,F634,60037
5950,406031556,MONTE SAN VITO,GO,,F634,60037
5951,410054508,MONTE SANTA MARIA IN SABINA,PG,,,
5952,410054032,MONTE SANTA MARIA TIBERINA,PG,,F629,06010
5953,416071033,MONTE SANT'ANGELO,FG,,F631,71037
5954,406031558,MONTE URABICE,GO,,,
5955,411044049,MONTE URANO,AP,,F653,63813
5956,411109024,MONTE URANO,FM,,F653,63813
5957,411109025,MONTE VIDON COMBATTE,FM,,F664,63847
5958,411044050,MONTE VIDON COMBATTE,AP,,F664,63847
5959,411044051,MONTE VIDON CORRADO,AP,,F665,63836
5960,411109026,MONTE VIDON CORRADO,FM,,F665,63836
5961,403018095,MONTEBELLO DELLA BATTAGLIA,PV,,F440,27054
5962,413068023,MONTEBELLO DI BERTONA,PE,,F441,65010
5963,418080053,MONTEBELLO IONICO,RC,,D746,89064
5964,411041510,MONTEBELLO METAURENSE,PS,,,
5965,413069009,MONTEBELLO SUL SANGRO,CH,,B268,66040
5966,405024060,MONTEBELLO VICENTINO,VI,,F442,36054
5967,405026046,MONTEBELLUNA,TV,,F443,31044
5968,407010038,MONTEBRUNO,GE,,F445,16025
5969,401003521,MONTEBUGLIO,NO,,,
5970,412057040,MONTEBUONO,RI,,F446,02040
5971,411044507,MONTECALVO DEL CASTELLANO,AP,,,
5972,411141030,MONTECALVO IN FOGLIA,PU,,F450,61020
5973,411041030,MONTECALVO IN FOGLIA,PS,,F450,61020
5974,415064052,MONTECALVO IRPINO,AV,,F448,83037
5975,403018096,MONTECALVO VERSIGGIA,PV,,F449,27047
5976,409048504,MONTECALVOLI,FI,,,
5977,409046021,MONTECARLO,LU,,F452,55015
5978,411042026,MONTECAROTTO,AN,,F453,60036
5979,411043026,MONTECASSIANO,MC,,F454,62010
5980,401006105,MONTECASTELLO,AL,,F455,15040
5981,410055017,MONTECASTRILLI,TR,,F457,05026
5982,409050019,MONTECATINI VAL DI CECINA,PI,,F458,56040
5983,409047501,MONTECATINI VAL DI NIEVOLE,PT,,,
5984,409047011,MONTECATINI-TERME,PT,,A561,51016
5985,405023049,MONTECCHIA DI CROSARA,VR,,F461,37030
5986,410055018,MONTECCHIO,TR,,F462,05020
5987,408035027,MONTECCHIO EMILIA,RE,,F463,42027
5988,405024061,MONTECCHIO MAGGIORE,VI,,F464,36075
5989,405024062,MONTECCHIO PRECALCINO,VI,,F465,36030
5990,412058501,MONTECELIO,RM,,,
5991,404021553,MONTECHIARO,BZ,,,
5992,401006106,MONTECHIARO D'ACQUI,AL,,F469,15010
5993,401005075,MONTECHIARO D'ASTI,AT,,F468,14025
5994,401006522,MONTECHIARO DENICE,AL,,,
5995,408034023,MONTECHIARUGOLO,PR,,F473,43022
5996,411041032,MONTECICCARDO,PS,,F474,61024
5997,411141032,MONTECICCARDO,PU,,F474,61024
5998,414070042,MONTECILFONE,CB,,F475,86032
5999,411141033,MONTECOPIOLO,PU,,F478,61014
6000,411099030,MONTECOPIOLO,RN,,F478,61014
6001,411041033,MONTECOPIOLO,PS,,F478,61014
6002,415065071,MONTECORICE,SA,,F479,84060
6003,415065072,MONTECORVINO PUGLIANO,SA,,F480,84090
6004,415065073,MONTECORVINO ROVELLA,SA,,F481,84096
6005,411043028,MONTECOSARO,MC,,F482,62010
6006,401103046,MONTECRESTESE,VB,,F483,28864
6007,401003658,MONTECRESTESE,NO,,F483,28864
6008,408036024,MONTECRETO,MO,,F484,41025
6009,411044034,MONTEDINOVE,AP,,F487,63069
6010,419085011,MONTEDORO,CL,,F489,93010
6011,411041511,MONTEFABBRI,PS,,,
6012,415064053,MONTEFALCIONE,AV,,F491,83030
6013,410054030,MONTEFALCO,PG,,F492,06036
6014,411044035,MONTEFALCONE APPENNINO,AP,,F493,63855
6015,411109014,MONTEFALCONE APPENNINO,FM,,F493,63855
6016,415062042,MONTEFALCONE DI VAL FORTORE,BN,,F494,82025
6017,414070043,MONTEFALCONE NEL SANNIO,CB,,F495,86033
6018,411043029,MONTEFANO,MC,,F496,62010
6019,411141034,MONTEFELCINO,PU,,F497,61030
6020,411041034,MONTEFELCINO,PS,,F497,61030
6021,413069052,MONTEFERRANTE,CH,,F498,66040
6022,412056036,MONTEFIASCONE,VT,,F499,01027
6023,413067027,MONTEFINO,TE,,F500,64030
6024,408099008,MONTEFIORE CONCA,RN,,F502,47834
6025,408040513,MONTEFIORE CONCA,FO,,F502,47834
6026,411044036,MONTEFIORE DELL'ASO,AP,,F501,63062
6027,408036025,MONTEFIORINO,MO,,F503,41045
6028,412058061,MONTEFLAVIO,RM,,F504,00010
6029,404021554,MONTEFONTANA,BZ,,,
6030,415065074,MONTEFORTE CILENTO,SA,,F507,84060
6031,405023050,MONTEFORTE D'ALPONE,VR,,F508,37032
6032,415064054,MONTEFORTE IRPINO,AV,,F506,83024
6033,411044037,MONTEFORTINO,AP,,F509,63858
6034,411109015,MONTEFORTINO,FM,,F509,63858
6035,410055019,MONTEFRANCO,TR,,F510,05030
6036,415064055,MONTEFREDANE,AV,,F511,83030
6037,415064056,MONTEFUSCO,AV,,F512,83030
6038,410055020,MONTEGABBIONE,TR,,F513,05010
6039,405024064,MONTEGALDA,VI,,F514,36047
6040,405024065,MONTEGALDELLA,VI,,F515,36047
6041,411044038,MONTEGALLO,AP,,F516,63094
6042,401006107,MONTEGIOCO,AL,,F518,15050
6043,418078082,MONTEGIORDANO,CS,,F519,87070
6044,411044040,MONTEGIORGIO,AP,,F520,63833
6045,411109017,MONTEGIORGIO,FM,,F520,63833
6046,410055506,MONTEGIOVE,TR,,,
6047,411109018,MONTEGRANARO,FM,,F522,63812
6048,411044041,MONTEGRANARO,AP,,F522,63812
6049,407008523,MONTEGRAZIE,IM,,,
6050,408040514,MONTEGRIDOLFO,FO,,F523,47837
6051,408099009,MONTEGRIDOLFO,RN,,F523,47837
6052,403012561,MONTEGRINO,VA,,,
6053,403012103,MONTEGRINO - VALTRAVAGLIA,VA,,,
6054,401005076,MONTEGROSSO D'ASTI,AT,,F527,14048
6055,407008037,MONTEGROSSO PIAN LATTE,IM,,F528,18025
6056,405028057,MONTEGROTTO TERME,PD,,F529,35036
6057,411041512,MONTEGUIDUCCIO,PS,,,
6058,416073016,MONTEIASI,TA,,F531,74020
6059,411041036,MONTELABBATE,PS,,F533,61025
6060,411141036,MONTELABBATE,PU,,F533,61025
6061,412058062,MONTELANICO,RM,,F534,00030
6062,413069053,MONTELAPIANO,CH,,F535,66040
6063,411109019,MONTELEONE DI FERMO,FM,,F536,63841
6064,411044042,MONTELEONE DI FERMO,AP,,F536,63841
6065,416071032,MONTELEONE DI PUGLIA,FG,,F538,71020
6066,410054031,MONTELEONE DI SPOLETO,PG,,F540,06045
6067,410055021,MONTELEONE D'ORVIETO,TR,,F543,05017
6068,420090040,MONTELEONE ROCCA DORIA,SS,,F542,07010
6069,412057041,MONTELEONE SABINO,RI,,F541,02033
6070,403018547,MONTELEONE SUI COLLI PAVESI,PV,,,
6071,419082050,MONTELEPRE,PA,,F544,90040
6072,412058063,MONTELIBRETTI,RM,,F545,00010
6073,415064057,MONTELLA,AV,,F546,83048
6074,403016139,MONTELLO,BG,,F547,24060
6075,414070044,MONTELONGO,CB,,F548,86040
6076,411109020,MONTELPARO,FM,,F549,63853
6077,411044043,MONTELPARO,AP,,F549,63853
6078,401004137,MONTELUPO ALBESE,CN,,F550,12050
6079,409048028,MONTELUPO FIORENTINO,FI,,F551,50056
6080,411043030,MONTELUPONE,MC,,F552,62010
6081,411041513,MONTEMAGGIORE,PS,,,
6082,411041037,MONTEMAGGIORE AL METAURO,PS,,F555,61030
6083,411141037,MONTEMAGGIORE AL METAURO,PU,,F555,61030
6084,419082051,MONTEMAGGIORE BELSITO,PA,,F553,90020
6085,401005077,MONTEMAGNO,AT,,F556,14030
6086,401005977,MONTEMAGNO MONFERRATO,AT,,,
6087,401004138,MONTEMALE DI CUNEO,CN,,F558,12025
6088,415064058,MONTEMARANO,AV,,F559,83040
6089,411042027,MONTEMARCIANO,AN,,F560,60018
6090,401006108,MONTEMARZINO,AL,,F562,15050
6091,416073017,MONTEMESOLA,TA,,F563,74020
6092,403013155,MONTEMEZZO,CO,,F564,22010
6093,409051023,MONTEMIGNAIO,AR,,F565,52010
6094,415064059,MONTEMILETTO,AV,,F566,83038
6095,417076051,MONTEMILONE,PZ,,F568,85020
6096,414070045,MONTEMITRO,CB,,F569,86030
6097,411044044,MONTEMONACO,AP,,F570,63088
6098,409048511,MONTEMURLO,FI,,F572,59013
6099,409100003,MONTEMURLO,PO,,F572,59013
6100,417076052,MONTEMURRO,PZ,,F573,85053
6101,406030061,MONTENARS,UD,,F574,33010
6102,403012562,MONTENATE,VA,,,
6103,414070046,MONTENERO DI BISACCIA,CB,,F576,86036
6104,406031555,MONTENERO D'IDRIA,GO,,,
6105,412057042,MONTENERO SABINO,RI,,F579,02040
6106,414094029,MONTENERO VAL COCCHIARA,IS,,F580,86080
6107,414070929,MONTENERO VAL COCCHIARA,CB,,F580,86080
6108,413069054,MONTENERODOMO,CH,,F578,66010
6109,413069055,MONTEODORISIO,CH,,F582,66050
6110,418079081,MONTEPAONE,CZ,,F586,88060
6111,416073018,MONTEPARANO,TA,,F587,74020
6112,404021555,MONTEPONENTE,BZ,,,
6113,411044045,MONTEPRANDONE,AP,,F591,63076
6114,409052015,MONTEPULCIANO,SI,,F592,53045
6115,411042028,MONTERADO,AN,,F593,60010
6116,409051024,MONTERCHI,AR,,F594,52035
6117,413066056,MONTEREALE,AQ,,F595,67015
6118,406093027,MONTEREALE VALCELLINA,PN,,F596,33086
6119,406030547,MONTEREALE VALCELLINA,UD,,F596,33086
6120,408037041,MONTERENZIO,BO,,F597,40050
6121,409052016,MONTERIGGIONI,SI,,F598,53035
6122,414094030,MONTERODUNI,IS,,F601,86075
6123,414070530,MONTERODUNI,CB,,F601,86075
6124,411041515,MONTEROLO,PS,,,
6125,409052017,MONTERONI D'ARBIA,SI,,F605,53014
6126,416075048,MONTERONI DI LECCE,LE,,F604,73047
6127,412056038,MONTEROSI,VT,,F606,01030
6128,407011019,MONTEROSSO AL MARE,SP,,F609,19016
6129,419088007,MONTEROSSO ALMO,RG,,F610,97010
6130,418079543,MONTEROSSO CALABRO,CZ,,F607,89819
6131,418102023,MONTEROSSO CALABRO,VV,,F607,89819
6132,401004139,MONTEROSSO GRANA,CN,,F608,12020
6133,412058065,MONTEROTONDO,RM,,F611,00015
6134,409053027,MONTEROTONDO MARITTIMO,GR,,F612,58025
6135,410055507,MONTERUBBIAGLIO,TR,,,
6136,411109022,MONTERUBBIANO,FM,,F614,63825
6137,411044047,MONTERUBBIANO,AP,,F614,63825
6138,404022582,MONTES,TN,,,
6139,403018548,MONTESANO AL PIANO,PV,,,
6140,416075049,MONTESANO SALENTINO,LE,,F623,73030
6141,415065076,MONTESANO SULLA MARCELLANA,SA,,F625,84033
6142,410054509,MONTESANTO VIGI,PG,,,
6143,415062043,MONTESARCHIO,BN,,F636,82016
6144,417077017,MONTESCAGLIOSO,MT,,F637,75024
6145,403018097,MONTESCANO,PV,,F638,27040
6146,401003659,MONTESCHENO,NO,,F639,28843
6147,401103047,MONTESCHENO,VB,,F639,28843
6148,409050020,MONTESCUDAIO,PI,,F640,56040
6149,408099010,MONTESCUDO,RN,,F641,47854
6150,408040515,MONTESCUDO,FO,,F641,47854
6151,408099029,MONTESCUDO-MONTE COLOMBO,RN,,,
6152,408036026,MONTESE,MO,,F642,41055
6153,411041516,MONTESECCO ANTICO,PS,,,
6154,403018098,MONTESEGALE,PV,,F644,27052
6155,411042501,MONTESICURO,AN,,,
6156,413068024,MONTESILVANO,PE,,F646,65015
6157,413068502,MONTESILVANO MARINA,PE,,,
6158,403015613,MONTESIRO,MI,,,
6159,409048030,MONTESPERTOLI,FI,,F648,50025
6160,406031557,MONTESPINO,GO,,,
6161,401001542,MONTESTRUTTO,TO,,,
6162,401001162,MONTEU DA PO,TO,,F651,10020
6163,401004140,MONTEU ROERO,CN,,F654,12040
6164,404022675,MONTEVACCINO,TN,,,
6165,419084025,MONTEVAGO,AG,,F655,92010
6166,409051026,MONTEVARCHI,AR,,F656,52025
6167,403097053,MONTEVECCHIA,LC,,F657,23874
6168,403013711,MONTEVECCHIA,CO,,F657,23874
6169,411041517,MONTEVECCHIO,PS,,,
6170,408037043,MONTEVEGLIO,BO,,F659,40050
6171,415064060,MONTEVERDE,AV,,F660,83049
6172,409050021,MONTEVERDI MARITTIMO,PI,,F661,56040
6173,405024066,MONTEVIALE,VI,,F662,36050
6174,403012563,MONTEVIASCO,VA,,,
6175,401004141,MONTEZEMOLO,CN,,F666,12070
6176,420090041,MONTI,SS,,F667,07020
6177,408140028,MONTIANO,FC,,F668,47020
6178,408040028,MONTIANO,FO,,F668,47020
6179,403017112,MONTICELLI BRUSATI,BS,,F672,25040
6180,408033027,MONTICELLI D'ONGINA,PC,,F671,29010
6181,403018099,MONTICELLI PAVESE,PV,,F670,27010
6182,403019575,MONTICELLI RIPA D'OGLIO,CR,,,
6183,403097054,MONTICELLO BRIANZA,LC,,F674,23876
6184,403013156,MONTICELLO BRIANZA,CO,,F674,23876
6185,405024067,MONTICELLO CONTE OTTO,VI,,F675,36010
6186,401004142,MONTICELLO D'ALBA,CN,,F669,12066
6187,403017113,MONTICHIARI,BS,,F471,25018
6188,409052018,MONTICIANO,SI,,F676,53015
6189,409053017,MONTIERI,GR,,F677,58026
6190,401005078,MONTIGLIO,AT,,,
6191,401005516,MONTIGLIO MONFERRATO,AT,,M302,14026
6192,409045011,MONTIGNOSO,MS,,F679,54038
6193,403017114,MONTIRONE,BS,,F680,25010
6194,402007043,MONTJOVET,AO,,F367,11020
6195,403019059,MONTODINE,CR,,F681,26010
6196,407010039,MONTOGGIO,GE,,F682,16026
6197,450501525,MONTONA,PL,,,
6198,403012564,MONTONATE,VA,,,
6199,410054033,MONTONE,PG,,F685,06014
6200,412057044,MONTOPOLI DI SABINA,RI,,F687,02034
6201,409050022,MONTOPOLI IN VAL D'ARNO,PI,,F686,56020
6202,403013157,MONTORFANO,CO,,F688,22030
6203,413067028,MONTORIO AL VOMANO,TE,,F690,64046
6204,414070047,MONTORIO NEI FRENTANI,CB,,F689,86040
6205,412058066,MONTORIO ROMANO,RM,,F692,00010
6206,405023511,MONTORIO VERONESE,VR,,,
6207,415064121,MONTORO,AV,,,
6208,415064061,MONTORO INFERIORE,AV,,F693,83025
6209,415064062,MONTORO SUPERIORE,AV,,F694,83026
6210,415062505,MONTORSO,BN,,,
6211,405024068,MONTORSO VICENTINO,VI,,F696,36050
6212,411109027,MONTOTTONE,FM,,F697,63843
6213,411044052,MONTOTTONE,AP,,F697,63843
6214,420091049,MONTRESTA,NU,,F698,08010
6215,401003572,MONTRIGIASCO,NO,,,
6216,416072505,MONTRONE,BA,,,
6217,403018100,MONTU' BECCARIA,PV,,,
6218,403018549,MONTU' BERCHIELLI,PV,,,
6219,403012104,MONVALLE,VA,,F703,21020
6220,403015149,MONZA,MI,,F704,20900
6221,403108033,MONZA,MB,,F704,20900
6222,403020036,MONZAMBANO,MN,,F705,46040
6223,408037044,MONZUNO,BO,,F706,40036
6224,418078083,MORANO CALABRO,CS,,F708,87016
6225,401006109,MORANO SUL PO,AL,,F707,15025
6226,401005079,MORANSENGO,AT,,F709,14023
6227,401005122,MORANSENGO-TONENGO,AT,,,
6228,406031013,MORARO,GO,,F710,34070
6229,403012105,MORAZZONE,VA,,F711,21040
6230,403014045,MORBEGNO,SO,,F712,23017
6231,401006110,MORBELLO,AL,,F713,15010
6232,401002520,MORCA,VC,,,
6233,416075050,MORCIANO DI LEUCA,LE,,F716,73040
6234,408040516,MORCIANO DI ROMAGNA,FO,,F715,47833
6235,408099011,MORCIANO DI ROMAGNA,RN,,F715,47833
6236,415062044,MORCONE,BN,,F717,82026
6237,408037045,MORDANO,BO,,F718,40027
6238,411044508,MOREGNANO,AP,,,
6239,403016140,MORENGO,BG,,F720,24050
6240,420090042,MORES,SS,,F721,07013
6241,411044053,MORESCO,AP,,F722,63826
6242,411109028,MORESCO,FM,,F722,63826
6243,401004143,MORETTA,CN,,F723,12033
6244,408033028,MORFASSO,PC,,F724,29020
6245,405026047,MORGANO,TV,,F725,31050
6246,402007044,MORGEX,AO,,F726,11017
6247,420092547,MORGONGIORI,CA,,F727,09090
6248,420095030,MORGONGIORI,OR,,F727,09090
6249,404022123,MORI,TN,,F728,38065
6250,405026048,MORIAGO DELLA BATTAGLIA,TV,,F729,31010
6251,412058067,MORICONE,RM,,F730,00010
6252,415065077,MORIGERATI,SA,,F731,84030
6253,403015150,MORIMONDO,MI,,D033,20081
6254,413066057,MORINO,AQ,,F732,67050
6255,401001163,MORIONDO TORINESE,TO,,F733,10020
6256,412058068,MORLUPO,RM,,F734,00067
6257,418078084,MORMANNO,CS,,F735,87026
6258,403012106,MORNAGO,VA,,F736,21020
6259,401006111,MORNESE,AL,,F737,15075
6260,403016141,MORNICO AL SERIO,BG,,F738,24050
6261,403018101,MORNICO LOSANA,PV,,F739,27040
6262,412060045,MOROLO,FR,,F740,03017
6263,401002521,MORONDO,VC,,,
6264,403012565,MOROSOLO,VA,,,
6265,401004144,MOROZZO,CN,,F743,12040
6266,415064063,MORRA DE SANCTIS,AV,,F744,83040
6267,411042031,MORRO D'ALBA,AN,,F745,60030
6268,413067029,MORRO D'ORO,TE,,F747,64020
6269,412057045,MORRO REATINO,RI,,F746,02010
6270,414070048,MORRONE DEL SANNIO,CB,,F748,86040
6271,411043033,MORROVALLE,MC,,F749,62010
6272,406030548,MORSANO AL TAGLIAMENTO,UD,,F750,33075
6273,406093028,MORSANO AL TAGLIAMENTO,PN,,F750,33075
6274,401006112,MORSASCO,AL,,F751,15010
6275,403015614,MORSENCHIO,MI,,,
6276,408040502,MORTANO,FO,,,
6277,403018102,MORTARA,PV,,F754,27036
6278,404022583,MORTASO,TN,,,
6279,406030062,MORTEGLIANO,UD,,F756,33050
6280,404021557,MORTER,BZ,,,
6281,403097055,MORTERONE,LC,,F758,23811
6282,403013712,MORTERONE,CO,,F758,23811
6283,408033502,MORTIZZA,PC,,,
6284,406030063,MORUZZO,UD,,F760,33030
6285,403019060,MOSCAZZANO,CR,,F761,26010
6286,415064064,MOSCHIANO,AV,,F762,83020
6287,450500516,MOSCHIENA,FU,,,
6288,413067030,MOSCIANO SANT'ANGELO,TE,,F764,64023
6289,413068025,MOSCUFO,PE,,F765,65010
6290,404021054,MOSO IN PASSIRIA,BZ,,F766,39013
6291,406031014,MOSSA,GO,,F767,34070
6292,405024069,MOSSANO,VI,,F768,36024
6293,401096501,MOSSO,BI,,M304,13822
6294,401096036,MOSSO SANTA MARIA,BI,,,
6295,401002563,MOSSO SANTA MARIA,VC,,,
6296,403019061,MOTTA BALUFFI,CR,,F771,26045
6297,419083058,MOTTA CAMASTRA,ME,,F772,98030
6298,419083059,MOTTA D'AFFERMO,ME,,F773,98070
6299,401002082,MOTTA DEI CONTI,VC,,,
6300,405026049,MOTTA DI LIVENZA,TV,,F770,31045
6301,416071034,MOTTA MONTECORVINO,FG,,F777,71030
6302,403018550,MOTTA SAN DAMIANO,PV,,,
6303,418080054,MOTTA SAN GIOVANNI,RC,,F779,89065
6304,418079083,MOTTA SANTA LUCIA,CZ,,F780,88040
6305,419087030,MOTTA SANT'ANASTASIA,CT,,F781,95040
6306,403015615,MOTTA VIGANA,MI,,,
6307,403015151,MOTTA VISCONTI,MI,,F783,20086
6308,418078085,MOTTAFOLLONE,CS,,F775,87010
6309,401096037,MOTTALCIATA,BI,,F776,13874
6310,401002564,MOTTALCIATA,VC,,F776,13874
6311,403020037,MOTTEGGIANA,MN,,B012,46020
6312,416073019,MOTTOLA,TA,,F784,74017
6313,413069056,MOZZAGROGNA,CH,,F785,66030
6314,403016142,MOZZANICA,BG,,F786,24050
6315,411044509,MOZZANO,AP,,,
6316,403013159,MOZZATE,CO,,F788,22076
6317,405023051,MOZZECANE,VR,,F789,37060
6318,401003573,MOZZIO,NO,,,
6319,403016143,MOZZO,BG,,F791,24030
6320,403017561,MU,BS,,,
6321,411043034,MUCCIA,MC,,F793,62034
6322,403012566,MUCENO,VA,,,
6323,406032003,MUGGIA,TS,,F795,34015
6324,403015616,MUGGIANO,MI,,,
6325,403108034,MUGGIO',MB,,,
6326,403015152,MUGGIO',MI,,,
6327,415064065,MUGNANO DEL CARDINALE,AV,,F798,83027
6328,415063048,MUGNANO DI NAPOLI,NA,,F799,80018
6329,420091502,MULARGIA,NU,,,
6330,403098041,MULAZZANO,LO,,F801,26837
6331,403015739,MULAZZANO,MI,,F801,26837
6332,409045012,MULAZZO,MS,,F802,54026
6333,404021558,MULES,BZ,,,
6334,407010512,MULTEDO,GE,,,
6335,403017115,MURA,BS,,F806,25070
6336,405027507,MURANO,VE,,,
6337,420092039,MURAVERA,CA,,F808,09043
6338,401004145,MURAZZANO,CN,,F809,12060
6339,401004146,MURELLO,CN,,F811,12030
6340,401001543,MURIAGLIO,TO,,,
6341,407009040,MURIALDO,SV,,F813,17013
6342,401006113,MURISENGO,AL,,F814,15020
6343,409052019,MURLO,SI,,F815,53016
6344,416075051,MURO LECCESE,LE,,F816,73036
6345,417076053,MURO LUCANO,PZ,,F817,85054
6346,420090043,MUROS,SS,,F818,07030
6347,403012567,MUSADINO,VA,,,
6348,403017116,MUSCOLINE,BS,,F820,25080
6349,406030513,MUSCOLO-STRASSOLDO,UD,,,
6350,420092040,MUSEI,CA,,F822,09010
6351,413068503,MUSELLARO,PE,,,
6352,408037502,MUSIANO,BO,,,
6353,403012568,MUSIGNANO,VA,,,
6354,405027025,MUSILE DI PIAVE,VE,,F826,30024
6355,403015617,MUSOCCO,MI,,,
6356,403013160,MUSSO,CO,,F828,22010
6357,405024070,MUSSOLENTE,VI,,F829,36065
6358,419085012,MUSSOMELI,CL,,F830,93014
6359,406030064,MUZZANA DEL TURGNANO,UD,,F832,33055
6360,401096038,MUZZANO,BI,,F833,13895
6361,401002565,MUZZANO,VC,,F833,13895
6362,406032519,NACLA SAN MAURIZIO,TS,,,
6363,404022124,NAGO-TORBOLE,TN,,F835,38069
6364,404021055,NALLES,BZ,,F836,39010
6365,404022125,NANNO,TN,,F837,38010
6366,405024071,NANTO,VI,,F838,36024
6367,415063049,NAPOLI,NA,,F839,80100
6368,420092548,NARBOLIA,CA,,F840,09070
6369,420095031,NARBOLIA,OR,,F840,09070
6370,420092041,NARCAO,CA,,F841,09010
6371,416075052,NARDO',LE,,,
6372,418079544,NARDODIPACE,CZ,,F843,89824
6373,418102024,NARDODIPACE,VV,,F843,89824
6374,410055022,NARNI,TR,,F844,05035
6375,419084026,NARO,AG,,F845,92028
6376,401004147,NARZOLE,CN,,F846,12068
6377,407009041,NASINO,SV,,F847,17030
6378,419083060,NASO,ME,,F848,98074
6379,404021056,NATURNO,BZ,,F849,39025
6380,403013606,NAVA,CO,,,
6381,403017117,NAVE,BS,,F851,25075
6382,404022126,NAVE SAN ROCCO,TN,,F853,38010
6383,413066058,NAVELLI,AQ,,F852,67020
6384,403017562,NAVONO,BS,,,
6385,404021559,NAZ,BZ,,,
6386,404021057,NAZ SCIAVES,BZ,,,
6387,412058069,NAZZANO,RM,,F857,00060
6388,407010040,NE,GE,,F858,16040
6389,401003103,NEBBIUNO,NO,,F859,28010
6390,405023512,NEGARINE,VR,,,
6391,405023052,NEGRAR,VR,,F861,37024
6392,405023952,NEGRAR DI VALPOLICELLA,VR,,,
6393,407010041,NEIRONE,GE,,F862,16040
6394,401004148,NEIVE,CN,,F863,12052
6395,403016144,NEMBRO,BG,,F864,24027
6396,412058070,NEMI,RM,,F865,00040
6397,417076054,NEMOLI,PZ,,F866,85040
6398,420092549,NEONELI,CA,,F867,09080
6399,420095032,NEONELI,OR,,F867,09080
6400,412056039,NEPI,VT,,F868,01036
6401,450501526,NERESINE,PL,,,
6402,413067031,NERETO,TE,,F870,64015
6403,412058071,NEROLA,RM,,F871,00017
6404,405026050,NERVESA DELLA BATTAGLIA,TV,,F872,31040
6405,407010513,NERVI,GE,,,
6406,403015154,NERVIANO,MI,,F874,20014
6407,403016545,NESE,BG,,,
6408,412057046,NESPOLO,RI,,F876,02020
6409,403013161,NESSO,CO,,F877,22020
6410,401096039,NETRO,BI,,F878,13896
6411,401002566,NETRO,VC,,F878,13896
6412,412058502,NETTUNIA,RM,,,
6413,412058072,NETTUNO,RM,,F880,00048
6414,416075053,NEVIANO,LE,,F881,73040
6415,408034024,NEVIANO DEGLI ARDUINI,PR,,F882,43024
6416,401004149,NEVIGLIE,CN,,F883,12050
6417,403017118,NIARDO,BS,,F884,25050
6418,408033029,NIBBIANO,PC,,F885,29010
6419,401003104,NIBBIOLA,NO,,F886,28070
6420,403013713,NIBIONNO,CO,,F887,23895
6421,403097056,NIBIONNO,LC,,F887,23895
6422,418079502,NICASTRO,CZ,,,
6423,401001164,NICHELINO,TO,,F889,10042
6424,419087031,NICOLOSI,CT,,F890,95030
6425,403018103,NICORVO,PV,,F891,27020
6426,419086012,NICOSIA,EN,,F892,94014
6427,418102025,NICOTERA,VV,,F893,89844
6428,418079545,NICOTERA,CZ,,F893,89844
6429,401004150,NIELLA BELBO,CN,,F894,12050
6430,401004151,NIELLA TANARO,CN,,F895,12060
6431,403017563,NIGOLINE,BS,,,
6432,403015618,NIGUARDA,MI,,,
6433,406030065,NIMIS,UD,,F898,33045
6434,419085013,NISCEMI,CL,,F899,93015
6435,419086013,NISSORIA,EN,,F900,94010
6436,419083061,NIZZA DI SICILIA,ME,,F901,98026
6437,401005080,NIZZA MONFERRATO,AT,,F902,14049
6438,403012569,NIZZOLINA,VA,,,
6439,405027026,NOALE,VE,,F904,30033
6440,404022584,NOARNA,TN,,,
6441,401001165,NOASCA,TO,,F906,10080
6442,418078086,NOCARA,CS,,F907,87070
6443,413068026,NOCCIANO,PE,,F908,65010
6444,401003574,NOCCO,NO,,,
6445,415065078,NOCERA INFERIORE,SA,,F912,84014
6446,415065079,NOCERA SUPERIORE,SA,,F913,84015
6447,418079087,NOCERA TERINESE,CZ,,F910,88047
6448,410054034,NOCERA UMBRA,PG,,F911,06025
6449,408034025,NOCETO,PR,,F914,43015
6450,416072031,NOCI,BA,,F915,70015
6451,416075054,NOCIGLIA,LE,,F916,73020
6452,417076055,NOEPOLI,PZ,,F917,85035
6453,405023053,NOGARA,VR,,F918,37054
6454,404022585,NOGARE',TN,,,
6455,404022127,NOGAREDO,TN,,F920,38060
6456,405023054,NOGAROLE ROCCA,VR,,F921,37060
6457,405024072,NOGAROLE VICENTINO,VI,,F922,36070
6458,416072032,NOICATTARO,BA,,,
6459,415063050,NOLA,NA,,F924,80035
6460,401001166,NOLE,TO,,F925,10076
6461,407009042,NOLI,SV,,F926,17026
6462,401001167,NOMAGLIO,TO,,F927,10010
6463,404022586,NOMESINO,TN,,,
6464,404022128,NOMI,TN,,F929,38060
6465,408036027,NONANTOLA,MO,,F930,41015
6466,401001168,NONE,TO,,F931,10060
6467,401003660,NONIO,NO,,F932,28891
6468,401103048,NONIO,VB,,F932,28891
6469,420091050,NORAGUGUME,NU,,F933,08010
6470,420092550,NORBELLO,CA,,F934,09070
6471,420095033,NORBELLO,OR,,F934,09070
6472,410054035,NORCIA,PG,,F935,06046
6473,404022587,NORIGLIO,TN,,,
6474,412059016,NORMA,LT,,F937,04010
6475,403019576,NOSADELLO,CR,,,
6476,403015155,NOSATE,MI,,F939,20020
6477,403015619,NOSEDO,MI,,,
6478,413067032,NOTARESCO,TE,,F942,64024
6479,419089013,NOTO,SR,,F943,96017
6480,404021058,NOVA LEVANTE,BZ,,F949,39056
6481,403108035,NOVA MILANESE,MB,,F944,20834
6482,403015156,NOVA MILANESE,MI,,F944,20834
6483,404021059,NOVA PONENTE,BZ,,F950,39050
6484,417077018,NOVA SIRI,MT,,A942,75020
6485,404021560,NOVACELLA,BZ,,,
6486,411141039,NOVAFELTRIA,PU,,F137,47863
6487,411041039,NOVAFELTRIA,PS,,F137,47863
6488,408099023,NOVAFELTRIA,RN,,F137,47863
6489,405024505,NOVALE,VI,,,
6490,404022129,NOVALEDO,TN,,F947,38050
6491,401001169,NOVALESA,TO,,F948,10050
6492,401003106,NOVARA,NO,,F952,28100
6493,419083062,NOVARA DI SICILIA,ME,,F951,98058
6494,401001544,NOVAREGLIA,TO,,,
6495,403013607,NOVATE BRIANZA,CO,,,
6496,403014046,NOVATE MEZZOLA,SO,,F956,23025
6497,403015157,NOVATE MILANESE,MI,,F955,20026
6498,405024073,NOVE,VI,,F957,36055
6499,403013163,NOVEDRATE,CO,,F958,22060
6500,403015620,NOVEGRO,MI,,,
6501,404022253,NOVELLA,TN,,,
6502,408035028,NOVELLARA,RE,,F960,42017
6503,401004152,NOVELLO,CN,,F961,12060
6504,401004511,NOVELLO MONCHIERO,CN,,,
6505,405027027,NOVENTA DI PIAVE,VE,,F963,30020
6506,405028058,NOVENTA PADOVANA,PD,,F962,35027
6507,405024074,NOVENTA VICENTINA,VI,,F964,36025
6508,408036028,NOVI DI MODENA,MO,,F966,41016
6509,401006114,NOVI LIGURE,AL,,F965,15067
6510,415065080,NOVI VELIA,SA,,F967,84060
6511,403015158,NOVIGLIO,MI,,F968,20082
6512,411041518,NOVILARA,PS,,,
6513,416075055,NOVOLI,LE,,F970,73051
6514,403017564,NOZZA,BS,,,
6515,401004153,NUCETTO,CN,,F972,12070
6516,420090503,NUCHIS,SS,,,
6517,420090044,NUGHEDU DI SAN NICOLO',SS,,,
6518,420092551,NUGHEDU SANTA VITTORIA,CA,,F974,09080
6519,420095034,NUGHEDU SANTA VITTORIA,OR,,F974,09080
6520,420090045,NULE,SS,,F976,07010
6521,420090046,NULVI,SS,,F977,07032
6522,411042032,NUMANA,AN,,F978,60026
6523,420091051,NUORO,NU,,F979,08100
6524,420092552,NURACHI,CA,,F980,09070
6525,420095035,NURACHI,OR,,F980,09070
6526,420091052,NURAGUS,NU,,F981,08030
6527,420091053,NURALLAO,NU,,F982,08030
6528,420092042,NURAMINIS,CA,,F983,09024
6529,420092553,NURAXINIEDDU,CA,,,
6530,420095507,NURAXINIEDDU,OR,,,
6531,420095036,NURECI,OR,,F985,09080
6532,420092554,NURECI,CA,,F985,09080
6533,420091054,NURRI,NU,,F986,08035
6534,420092117,NURRI,CA,,F986,08035
6535,402007045,NUS,AO,,F987,11020
6536,415064066,NUSCO,AV,,F988,83051
6537,403017119,NUVOLENTO,BS,,F989,25080
6538,403017120,NUVOLERA,BS,,F990,25080
6539,420092043,NUXIS,CA,,F991,09010
6540,401096040,OCCHIEPPO INFERIORE,BI,,F992,13897
6541,401002567,OCCHIEPPO INFERIORE,VC,,F992,13897
6542,401002568,OCCHIEPPO SUPERIORE,VC,,F993,13898
6543,401096041,OCCHIEPPO SUPERIORE,BI,,F993,13898
6544,405029033,OCCHIOBELLO,RO,,F994,45030
6545,401006115,OCCIMIANO,AL,,F995,15040
6546,413066059,OCRE,AQ,,F996,67040
6547,401006116,ODALENGO GRANDE,AL,,F997,15020
6548,401006117,ODALENGO PICCOLO,AL,,F998,15020
6549,405026051,ODERZO,TV,,F999,31046
6550,403017121,ODOLO,BS,,G001,25076
6551,413066060,OFENA,AQ,,G002,67025
6552,411042033,OFFAGNA,AN,,G003,60020
6553,403019062,OFFANENGO,CR,,G004,26010
6554,411044054,OFFIDA,AP,,G005,63073
6555,403017122,OFFLAGA,BS,,G006,25020
6556,401003661,OGGEBBIO,NO,,G007,28824
6557,401103049,OGGEBBIO,VB,,G007,28824
6558,403012107,OGGIONA CON SANTO STEFANO,VA,,G008,21040
6559,403013714,OGGIONO,CO,,G009,23848
6560,403097057,OGGIONO,LC,,G009,23848
6561,401001170,OGLIANICO,TO,,G010,10080
6562,415065081,OGLIASTRO CILENTO,SA,,G011,84061
6563,403013608,OLATE,CO,,,
6564,407009519,OLBA,SV,,,
6565,420090047,OLBIA,SS,,G015,07026
6566,401002088,OLCENENGO,VC,,G016,13047
6567,403013609,OLCIO,CO,,,
6568,401002089,OLDENICO,VC,,G018,13030
6569,401003108,OLEGGIO,NO,,G019,28047
6570,401003109,OLEGGIO CASTELLO,NO,,G020,28040
6571,403018104,OLEVANO DI LOMELLINA,PV,,G021,27020
6572,412058073,OLEVANO ROMANO,RM,,G022,00035
6573,415065082,OLEVANO SUL TUSCIANO,SA,,G023,84062
6574,401003575,OLGIA,NO,,,
6575,403013610,OLGIATE CALCO,CO,,,
6576,403013165,OLGIATE COMASCO,CO,,G025,22077
6577,403013715,OLGIATE MOLGORA,CO,,G026,23887
6578,403097058,OLGIATE MOLGORA,LC,,G026,23887
6579,403012108,OLGIATE OLONA,VA,,G028,21057
6580,403012570,OLGINASIO,VA,,,
6581,403013716,OLGINATE,CO,,G030,23854
6582,403097059,OLGINATE,LC,,G030,23854
6583,420091055,OLIENA,NU,,G031,08025
6584,403018105,OLIVA GESSI,PV,,G032,27050
6585,418079088,OLIVADI,CZ,,G034,88067
6586,407008525,OLIVASTRI,IM,,,
6587,419083063,OLIVERI,ME,,G036,98060
6588,415065083,OLIVETO CITRA,SA,,G039,84020
6589,410054510,OLIVETO IN SABINA,PG,,,
6590,403097060,OLIVETO LARIO,LC,,G040,23865
6591,403013717,OLIVETO LARIO,CO,,G040,23865
6592,417077019,OLIVETO LUCANO,MT,,G037,75010
6593,407008038,OLIVETTA SAN MICHELE,IM,,G041,18030
6594,401006118,OLIVOLA,AL,,G042,15030
6595,420095037,OLLASTRA SIMAXIS,OR,,,
6596,420091056,OLLOLAI,NU,,G044,08020
6597,402007046,OLLOMONT,AO,,G045,11010
6598,420090048,OLMEDO,SS,,G046,07040
6599,403019063,OLMENETA,CR,,G047,26010
6600,403016145,OLMO AL BREMBO,BG,,G049,24010
6601,401005081,OLMO GENTILE,AT,,G048,14050
6602,403016146,OLTRE IL COLLE,BG,,G050,24013
6603,403016546,OLTREPOVO,BG,,,
6604,404022588,OLTRESARCA,TN,,,
6605,406031559,OLTRESONZIA,GO,,,
6606,403016147,OLTRESSENDA ALTA,BG,,G054,24020
6607,403016547,OLTRESSENDA BASSA,BG,,,
6608,403012571,OLTRONA AL LAGO,VA,,,
6609,403013169,OLTRONA DI SAN MAMETTE,CO,,G056,22070
6610,420091057,OLZAI,NU,,G058,08020
6611,403015621,OMATE,MI,,,
6612,403019577,OMBRIANO,CR,,,
6613,403017123,OME,BS,,G061,25050
6614,401103050,OMEGNA,VB,,G062,28887
6615,401003662,OMEGNA,NO,,G062,28887
6616,415065084,OMIGNANO,SA,,G063,84060
6617,420091058,ONANI,NU,,,
6618,412056040,ONANO,VT,,G065,01010
6619,401004154,ONCINO,CN,,G066,12030
6620,407008526,ONEGLIA,IM,,,
6621,403016148,ONETA,BG,,G068,24020
6622,404021561,ONIES,BZ,,,
6623,420091059,ONIFAI,NU,,G070,08020
6624,420091060,ONIFERI,NU,,G071,08020
6625,403013611,ONNO,CO,,,
6626,403017565,ONO DEGNO,BS,,,
6627,403017124,ONO SAN PIETRO,BS,,G074,25040
6628,403016149,ONORE,BG,,G075,24020
6629,407009043,ONZO,SV,,G076,17037
6630,406031560,OPACCHIASELLA,GO,,,
6631,403015159,OPERA,MI,,G078,20090
6632,413066061,OPI,AQ,,G079,67030
6633,405023055,OPPEANO,VR,,G080,37050
6634,417076056,OPPIDO LUCANO,PZ,,G081,85015
6635,418080055,OPPIDO MAMERTINA,RC,,G082,89014
6636,404021060,ORA,BZ,,G083,39040
6637,420091061,ORANI,NU,,G084,08026
6638,401003576,ORASSO,NO,,,
6639,414070049,ORATINO,CB,,G086,86010
6640,401001171,ORBASSANO,TO,,G087,10043
6641,409053018,ORBETELLO,GR,,G088,58015
6642,411041040,ORCIANO DI PESARO,PS,,G089,61038
6643,411141040,ORCIANO DI PESARO,PU,,G089,61038
6644,409050023,ORCIANO PISANO,PI,,G090,56040
6645,407009520,ORCO,SV,,,
6646,407009044,ORCO FEGLINO,SV,,D522,17024
6647,416071063,ORDONA,FG,,M266,71040
6648,403015622,ORENO,MI,,,
6649,407010042,ORERO,GE,,G093,16040
6650,403016548,OREZZO,BG,,,
6651,405024075,ORGIANO,VI,,G095,36040
6652,420091062,ORGOSOLO,NU,,G097,08027
6653,416074011,ORIA,BR,,G098,72024
6654,403017566,ORIANO,BS,,,
6655,403013612,ORIANO DI BRIANZA,CO,,,
6656,403012572,ORIANO SOPRA TICINO,VA,,,
6657,413066062,ORICOLA,AQ,,G102,67063
6658,403012109,ORIGGIO,VA,,G103,21040
6659,403018551,ORIGIOSO,PV,,,
6660,403012110,ORINO,VA,,G105,21030
6661,403012573,ORINO AZZIO,VA,,,
6662,403016150,ORIO AL SERIO,BG,,G108,24050
6663,401001172,ORIO CANAVESE,TO,,G109,10010
6664,403015740,ORIO LITTA,MI,,G107,26863
6665,403098042,ORIO LITTA,LO,,G107,26863
6666,418078087,ORIOLO,CS,,G110,87073
6667,412056041,ORIOLO ROMANO,VT,,G111,01010
6668,404021562,ORIS,BZ,,,
6669,420092555,ORISTANO,CA,,G113,09170
6670,420095038,ORISTANO,OR,,G113,09170
6671,401004155,ORMEA,CN,,G114,12078
6672,405026052,ORMELLE,TV,,G115,31024
6673,403108036,ORNAGO,MB,,G116,20876
6674,403015161,ORNAGO,MI,,G116,20876
6675,401103051,ORNAVASSO,VB,,G117,28877
6676,401003663,ORNAVASSO,NO,,G117,28877
6677,403016151,ORNICA,BG,,G118,24010
6678,420091063,OROSEI,NU,,G119,08028
6679,420091064,OROTELLI,NU,,G120,08020
6680,415065085,ORRIA,SA,,G121,84060
6681,420091065,ORROLI,NU,,G122,08030
6682,420092118,ORROLI,CA,,G122,08030
6683,405026053,ORSAGO,TV,,G123,31010
6684,401006119,ORSARA BORMIDA,AL,,G124,15010
6685,416071035,ORSARA DI PUGLIA,FG,,G125,71027
6686,403013170,ORSENIGO,CO,,G126,22030
6687,450501527,ORSERA,PL,,,
6688,413069057,ORSOGNA,CH,,G128,66036
6689,418078088,ORSOMARSO,CS,,G129,87020
6690,415061053,ORTA DI ATELLA,CE,,G130,81030
6691,416071036,ORTA NOVA,FG,,G131,71045
6692,401003577,ORTA NOVARESE,NO,,,
6693,401003112,ORTA SAN GIULIO,NO,,G134,28016
6694,420092044,ORTACESUS,CA,,G133,09040
6695,412056042,ORTE,VT,,G135,01028
6696,416075056,ORTELLE,LE,,G136,73030
6697,411044055,ORTEZZANO,AP,,G137,63851
6698,411109029,ORTEZZANO,FM,,G137,63851
6699,418080508,ORTI,RC,,,
6700,409051027,ORTIGNANO RAGGIOLO,AR,,G139,52010
6701,404022676,ORTISE',TN,,,
6702,404021061,ORTISEI,BZ,,G140,39046
6703,413069058,ORTONA,CH,,G141,66026
6704,413066063,ORTONA DEI MARSI,AQ,,G142,67050
6705,407011020,ORTONOVO,SP,,G143,19034
6706,407009045,ORTOVERO,SV,,G144,17037
6707,413066064,ORTUCCHIO,AQ,,G145,67050
6708,420091066,ORTUERI,NU,,G146,08036
6709,420091067,ORUNE,NU,,G147,08020
6710,410055023,ORVIETO,TR,,G148,05018
6711,412057047,ORVINIO,RI,,B595,02035
6712,403017125,ORZINUOVI,BS,,G149,25034
6713,403017126,ORZIVECCHI,BS,,G150,25030
6714,401001173,OSASCO,TO,,G151,10060
6715,401001174,OSASIO,TO,,G152,10040
6716,420090049,OSCHIRI,SS,,G153,07027
6717,420091068,OSIDDA,NU,,G154,08020
6718,407009046,OSIGLIA,SV,,G155,17010
6719,420090050,OSILO,SS,,G156,07033
6720,411042034,OSIMO,AN,,G157,60027
6721,420091069,OSINI,NU,,G158,08040
6722,403016152,OSIO SOPRA,BG,,G159,24040
6723,403016153,OSIO SOTTO,BG,,G160,24046
6724,403012111,OSMATE,VA,,E529,21018
6725,403013718,OSNAGO,CO,,G161,23875
6726,403097061,OSNAGO,LC,,G161,23875
6727,411044510,OSOLI,AP,,,
6728,406030066,OSOPPO,UD,,G163,33010
6729,407008039,OSPEDALETTI,IM,,G164,18014
6730,404022130,OSPEDALETTO,TN,,G168,38050
6731,415064067,OSPEDALETTO D'ALPINOLO,AV,,G165,83014
6732,405028059,OSPEDALETTO EUGANEO,PD,,G167,35045
6733,403098043,OSPEDALETTO LODIGIANO,LO,,G166,26864
6734,403015741,OSPEDALETTO LODIGIANO,MI,,G166,26864
6735,405025035,OSPITALE DI CADORE,BL,,G169,32010
6736,403017127,OSPITALETTO BRESCIANO,BS,,,
6737,403015742,OSSAGO LODIGIANO,MI,,G171,26816
6738,403098044,OSSAGO LODIGIANO,LO,,G171,26816
6739,403019578,OSSALENGO,CR,,,
6740,404022131,OSSANA,TN,,G173,38026
6741,403016549,OSSANESGA,BG,,,
6742,406031561,OSSECCA VITTUGLIA,GO,,,
6743,406031562,OSSEGLIANO SAN MICHELE,GO,,,
6744,450501528,OSSERO,PL,,,
6745,420090051,OSSI,SS,,G178,07045
6746,403017128,OSSIMO,BS,,G179,25050
6747,403019579,OSSOLARO,CR,,,
6748,403015164,OSSONA,MI,,G181,20010
6749,403013172,OSSUCCIO,CO,,G182,22010
6750,401004156,OSTANA,CN,,G183,12030
6751,408038017,OSTELLATO,FE,,G184,44020
6752,403019064,OSTIANO,CR,,G185,26032
6753,403020038,OSTIGLIA,MN,,G186,46035
6754,411042035,OSTRA,AN,,F401,60010
6755,411042036,OSTRA VETERE,AN,,F581,60010
6756,416074012,OSTUNI,BR,,G187,72017
6757,416075057,OTRANTO,LE,,G188,73028
6758,410055024,OTRICOLI,TR,,G189,05030
6759,420091070,OTTANA,NU,,G191,08020
6760,415065086,OTTATI,SA,,G192,84020
6761,415063051,OTTAVIANO,NA,,G190,80044
6762,401006120,OTTIGLIO,AL,,G193,15038
6763,403018106,OTTOBIANO,PV,,G194,27030
6764,408033030,OTTONE,PC,,G195,29026
6765,401001175,OULX,TO,,G196,10056
6766,401006121,OVADA,AL,,G197,15076
6767,406030067,OVARO,UD,,G198,33025
6768,401006122,OVIGLIO,AL,,G199,15026
6769,413066065,OVINDOLI,AQ,,G200,67046
6770,420091071,OVODDA,NU,,G201,08020
6771,402007047,OYACE,AO,,G012,11010
6772,401001176,OZEGNA,TO,,G202,10080
6773,420090052,OZIERI,SS,,G203,07014
6774,408037046,OZZANO DELL'EMILIA,BO,,G205,40064
6775,401006123,OZZANO MONFERRATO,AL,,G204,15039
6776,403015165,OZZERO,MI,,G206,20080
6777,420092045,PABILLONIS,CA,,G207,09030
6778,419083064,PACE DEL MELA,ME,,G209,98042
6779,419081013,PACECO,TP,,G208,91027
6780,413066066,PACENTRO,AQ,,G210,67030
6781,419089014,PACHINO,SR,,G211,96018
6782,410054036,PACIANO,PG,,G212,06060
6783,403017129,PADENGHE SUL GARDA,BS,,G213,25080
6784,404022132,PADERGNONE,TN,,G214,38070
6785,401006124,PADERNA,AL,,G215,15050
6786,403017567,PADERNELLO,BS,,,
6787,403019580,PADERNO CREMONESE,CR,,,
6788,403097062,PADERNO D'ADDA,LC,,G218,23877
6789,403013719,PADERNO D'ADDA,CO,,G218,23877
6790,405026054,PADERNO DEL GRAPPA,TV,,G221,31017
6791,403015166,PADERNO DUGNANO,MI,,G220,20037
6792,403017130,PADERNO FRANCIACORTA,BS,,G217,25050
6793,403019065,PADERNO PONCHIELLI,CR,,G222,26024
6794,405028060,PADOVA,PD,,G224,35100
6795,420090053,PADRIA,SS,,G225,07015
6796,420090090,PADRU,SS,,M301,07020
6797,415065087,PADULA,SA,,G226,84034
6798,415062045,PADULI,BN,,G227,82020
6799,401004157,PAESANA,CN,,G228,12034
6800,405026055,PAESE,TV,,G229,31038
6801,415065088,PAGANI,SA,,G230,84016
6802,413066505,PAGANICA,AQ,,,
6803,412057048,PAGANICO SABINO,RI,,G232,02020
6804,403016154,PAGAZZANO,BG,,G233,24040
6805,419083065,PAGLIARA,ME,,G234,98020
6806,411044511,PAGLIARE,AP,,,
6807,401004512,PAGLIERES,CN,,,
6808,413069059,PAGLIETA,CH,,G237,66020
6809,406030068,PAGNACCO,UD,,G238,33010
6810,403013613,PAGNANO VALSASSINA,CO,,,
6811,401004158,PAGNO,CN,,G240,12030
6812,403013720,PAGNONA,CO,,G241,23833
6813,403097063,PAGNONA,LC,,G241,23833
6814,415064068,PAGO DEL VALLO DI LAURO,AV,,G242,83020
6815,415062046,PAGO VEIANO,BN,,G243,82020
6816,403015623,PAINA,MI,,,
6817,403018552,PAIRANA,PV,,,
6818,403017568,PAISCO,BS,,,
6819,403017131,PAISCO LOVENO,BS,,G247,25050
6820,403017132,PAITONE,BS,,G248,25080
6821,403016155,PALADINA,BG,,G249,24030
6822,408036029,PALAGANO,MO,,G250,41046
6823,416073020,PALAGIANELLO,TA,,G251,74018
6824,416073021,PALAGIANO,TA,,G252,74019
6825,419087032,PALAGONIA,CT,,G253,95046
6826,409050024,PALAIA,PI,,G254,56036
6827,408034026,PALANZANO,PR,,G255,43025
6828,403013614,PALANZO,CO,,,
6829,414070050,PALATA,CB,,G257,86037
6830,420090054,PALAU,SS,,G258,07020
6831,403016156,PALAZZAGO,BG,,G259,24030
6832,419082052,PALAZZO ADRIANO,PA,,G263,90030
6833,401001177,PALAZZO CANAVESE,TO,,G262,10010
6834,403019066,PALAZZO PIGNANO,CR,,G260,26020
6835,401001546,PALAZZO PIVERONE,TO,,,
6836,417076057,PALAZZO SAN GERVASIO,PZ,,G261,85026
6837,419089015,PALAZZOLO ACREIDE,SR,,G267,96010
6838,406030069,PALAZZOLO DELLO STELLA,UD,,G268,33056
6839,403015624,PALAZZOLO MILANESE,MI,,,
6840,403017133,PALAZZOLO SULL'OGLIO,BS,,G264,25036
6841,401002090,PALAZZOLO VERCELLESE,VC,,G266,13040
6842,409048031,PALAZZUOLO SUL SENIO,FI,,G270,50035
6843,413069060,PALENA,CH,,G271,66017
6844,418079089,PALERMITI,CZ,,G272,88050
6845,419082053,PALERMO,PA,,G273,90100
6846,412058074,PALESTRINA,RM,,G274,00036
6847,403018107,PALESTRO,PV,,G275,27030
6848,412060046,PALIANO,FR,,G276,03018
6849,418080056,PALIZZI,RC,,G277,89038
6850,418101016,PALLAGORIO,KR,,G278,88818
6851,418079546,PALLAGORIO,CZ,,G278,88818
6852,401003578,PALLANZA,NO,,,
6853,401003664,PALLANZENO,NO,,G280,28884
6854,401103052,PALLANZENO,VB,,G280,28884
6855,407009047,PALLARE,SV,,G281,17043
6856,415063052,PALMA CAMPANIA,NA,,G283,80036
6857,419084027,PALMA DI MONTECHIARO,AG,,G282,92020
6858,406030070,PALMANOVA,UD,,G284,33057
6859,416075058,PALMARIGGI,LE,,G285,73020
6860,420092556,PALMAS ARBOREA,CA,,G286,09090
6861,420095039,PALMAS ARBOREA,OR,,G286,09090
6862,418080057,PALMI,RC,,G288,89015
6863,411044056,PALMIANO,AP,,G289,63092
6864,413069061,PALMOLI,CH,,G290,66050
6865,416072033,PALO DEL COLLE,BA,,G291,70027
6866,412058075,PALOMBARA SABINA,RM,,G293,00018
6867,413069062,PALOMBARO,CH,,G294,66010
6868,415065089,PALOMONTE,SA,,G292,84020
6869,403016157,PALOSCO,BG,,G295,24050
6870,405023056,PALU',VR,,,
6871,404022133,PALU' DEL FERSINA,TN,,,
6872,418078089,PALUDI,CS,,G298,87060
6873,406030071,PALUZZA,UD,,G300,33026
6874,403019581,PALVARETO,CR,,,
6875,401004159,PAMPARATO,CN,,G302,12087
6876,401001178,PANCALIERI,TO,,G303,10060
6877,403018108,PANCARANA,PV,,G304,27050
6878,404022134,PANCHIA',TN,,,
6879,403019067,PANDINO,CR,,G306,26025
6880,418078090,PANETTIERI,CS,,G307,87050
6881,410054037,PANICALE,PG,,G308,06064
6882,406031563,PANIQUA,GO,,,
6883,415062047,PANNARANO,BN,,G311,82017
6884,416071037,PANNI,FG,,G312,71020
6885,404022688,PANNONE,TN,,,
6886,407008527,PANTASINA,IM,,,
6887,419081014,PANTELLERIA,TP,,G315,91017
6888,403015167,PANTIGLIATE,MI,,G316,20090
6889,418078091,PAOLA,CS,,G317,87027
6890,415062048,PAOLISI,BN,,G318,82011
6891,418078092,PAPASIDERO,CS,,G320,87020
6892,403018553,PAPIAGO,PV,,,
6893,410055508,PAPIGNO,TR,,,
6894,405029034,PAPOZZE,RO,,G323,45010
6895,403015168,PARABIAGO,MI,,G324,20015
6896,416075059,PARABITA,LE,,G325,73052
6897,418080509,PARACORIO,RC,,,
6898,403017134,PARATICO,BS,,G327,25030
6899,404021062,PARCINES,BZ,,G328,39020
6900,403013175,PARE',CO,,,
6901,401001179,PARELLA,TO,,G330,10010
6902,418078093,PARENTI,CS,,G331,87040
6903,450501529,PARENZO,PL,,,
6904,415061054,PARETE,CE,,G333,81030
6905,401006125,PARETO,AL,,G334,15010
6906,418079547,PARGHELIA,CZ,,G335,89861
6907,418102026,PARGHELIA,VV,,G335,89861
6908,403013721,PARLASCO,CO,,G336,23837
6909,403097064,PARLASCO,LC,,G336,23837
6910,408034027,PARMA,PR,,G337,4312x
6911,401006126,PARODI LIGURE,AL,,G338,15060
6912,401004160,PAROLDO,CN,,G339,12070
6913,415064069,PAROLISE,AV,,G340,83050
6914,403018109,PARONA,PV,,G342,27020
6915,405023513,PARONA DI VALPOLICELLA,VR,,,
6916,401002522,PARONE,VC,,,
6917,410055025,PARRANO,TR,,G344,05010
6918,403013615,PARRAVICINO,CO,,,
6919,403016158,PARRE,BG,,G346,24020
6920,419081015,PARTANNA,TP,,G347,91028
6921,419082054,PARTINICO,PA,,G348,90047
6922,401003114,PARUZZARO,NO,,G349,28040
6923,403016159,PARZANICA,BG,,G350,24060
6924,410054511,PASCELUPO,PG,,,
6925,406030072,PASIAN DI PRATO,UD,,G352,33037
6926,406093029,PASIANO DI PORDENONE,PN,,G353,33087
6927,406030549,PASIANO DI PORDENONE,UD,,G353,33087
6928,403017135,PASPARDO,BS,,G354,25050
6929,403019582,PASSARERA,CR,,,
6930,401005504,PASSERANO,AT,,,
6931,401005082,PASSERANO MARMORITO,AT,,G358,14020
6932,410054038,PASSIGNANO SUL TRASIMENO,PG,,G359,06065
6933,403015625,PASSIRANA MILANESE,MI,,,
6934,403017136,PASSIRANO,BS,,G361,25050
6935,412060047,PASTENA,FR,,G362,03020
6936,415062506,PASTENE,BN,,,
6937,415061055,PASTORANO,CE,,G364,81050
6938,405023057,PASTRENGO,VR,,G365,37010
6939,403015626,PASTURAGO,MI,,,
6940,401006127,PASTURANA,AL,,G367,15060
6941,403013722,PASTURO,CO,,G368,23818
6942,403097065,PASTURO,LC,,G368,23818
6943,417076100,PATERNO,PZ,,M269,85050
6944,419087033,PATERNO',CT,,,
6945,418078094,PATERNO CALABRO,CS,,G372,87040
6946,411042502,PATERNO D'ANCONA,AN,,,
6947,415064070,PATERNOPOLI,AV,,G370,83052
6948,404022589,PATONE,TN,,,
6949,412060048,PATRICA,FR,,G374,03010
6950,411044512,PATRIGNONE,AP,,,
6951,420090055,PATTADA,SS,,G376,07016
6952,419083066,PATTI,ME,,G377,98066
6953,416075060,PATU',LE,,,
6954,420092557,PAU,CA,,G379,09090
6955,420095040,PAU,OR,,G379,09090
6956,450501530,PAUGNANO,PL,,,
6957,406030073,PAULARO,UD,,G381,33027
6958,420092046,PAULI ARBAREI,CA,,G382,09020
6959,420092558,PAULILATINO,CA,,G384,09070
6960,420095041,PAULILATINO,OR,,G384,09070
6961,403015169,PAULLO,MI,,G385,20067
6962,415062049,PAUPISI,BN,,G386,82030
6963,401001180,PAVAROLO,TO,,G387,10020
6964,403018110,PAVIA,PV,,G388,27100
6965,406030074,PAVIA DI UDINE,UD,,G389,33050
6966,401001181,PAVONE CANAVESE,TO,,G392,10018
6967,401006523,PAVONE D'ALESSANDRIA,AL,,,
6968,403017137,PAVONE DEL MELLA,BS,,G391,25020
6969,408036030,PAVULLO NEL FRIGNANO,MO,,G393,41026
6970,418080058,PAZZANO,RC,,G394,89040
6971,409050025,PECCIOLI,PI,,G395,56037
6972,401001182,PECCO,TO,,G396,10080
6973,401006128,PECETTO DI VALENZA,AL,,G397,15040
6974,401001183,PECETTO TORINESE,TO,,G398,10020
6975,408033031,PECORARA,PC,,G399,29010
6976,418078095,PEDACE,CS,,G400,87050
6977,401001547,PEDANEA,TO,,,
6978,419087034,PEDARA,CT,,G402,95030
6979,411044057,PEDASO,AP,,G403,63827
6980,411109030,PEDASO,FM,,G403,63827
6981,405025036,PEDAVENA,BL,,G404,32034
6982,418080510,PEDAVOLI,RC,,,
6983,405024076,PEDEMONTE,VI,,G406,36040
6984,405026056,PEDEROBBA,TV,,G408,31040
6985,404022590,PEDERZANO,TN,,,
6986,403014047,PEDESINA,SO,,G410,23010
6987,418078096,PEDIVIGLIANO,CS,,G411,87050
6988,403016160,PEDRENGO,BG,,G412,24066
6989,403015627,PEDRIANO,MI,,,
6990,403013178,PEGLIO,CO,,G415,22010
6991,411141041,PEGLIO,PU,,G415,22010
6992,411041041,PEGLIO,PS,,G415,22010
6993,403020039,PEGOGNAGA,MN,,G417,46020
6994,403016161,PEIA,BG,,G418,24020
6995,404022136,PEIO,TN,,G419,38024
6996,409048032,PELAGO,FI,,G420,50060
6997,401003115,PELLA,NO,,G421,28010
6998,418080511,PELLARO,RC,,,
6999,409048505,PELLEGRINO DA CAREGGI,FI,,,
7000,408034028,PELLEGRINO PARMENSE,PR,,G424,43047
7001,405027508,PELLESTRINA,VE,,,
7002,415065090,PELLEZZANO,SA,,G426,84080
7003,403013179,PELLIO INTELVI,CO,,G427,22020
7004,404022137,PELLIZZANO,TN,,G428,38020
7005,404022138,PELUGO,TN,,G429,38079
7006,401005083,PENANGO,AT,,G430,14030
7007,410055026,PENNA IN TEVERINA,TR,,G432,05028
7008,411043035,PENNA SAN GIOVANNI,MC,,G436,62020
7009,413067033,PENNA SANT'ANDREA,TE,,G437,64039
7010,411141042,PENNABILLI,PU,,G433,47864
7011,411041042,PENNABILLI,PS,,G433,47864
7012,408099024,PENNABILLI,RN,,G433,47864
7013,413069063,PENNADOMO,CH,,G434,66040
7014,413069064,PENNAPIEDIMONTE,CH,,G435,66010
7015,413068027,PENNE,PE,,G438,65017
7016,418079092,PENTONE,CZ,,G439,88050
7017,403013616,PENZANO,CO,,,
7018,413069065,PERANO,CH,,G441,66040
7019,405025037,PERAROLO DI CADORE,BL,,G442,32010
7020,404021063,PERCA,BZ,,G443,39030
7021,412058076,PERCILE,RM,,G444,00020
7022,420091072,PERDASDEFOGU,NU,,G445,08046
7023,420092047,PERDAXIUS,CA,,G446,09010
7024,415065091,PERDIFUMO,SA,,G447,84060
7025,403097066,PEREGO,LC,,G448,23888
7026,403013723,PEREGO,CO,,G448,23888
7027,413066067,PERETO,AQ,,G449,67064
7028,420090056,PERFUGAS,SS,,G450,07034
7029,409051028,PERGINE VALDARNO,AR,,G451,52020
7030,404022139,PERGINE VALSUGANA,TN,,G452,38057
7031,411041043,PERGOLA,PS,,G453,61045
7032,411141043,PERGOLA,PU,,G453,61045
7033,407008040,PERINALDO,IM,,G454,18032
7034,415065092,PERITO,SA,,G455,84060
7035,403097067,PERLEDO,LC,,G456,23828
7036,403013724,PERLEDO,CO,,G456,23828
7037,401004161,PERLETTO,CN,,G457,12070
7038,401004162,PERLO,CN,,G458,12070
7039,402007048,PERLOZ,AO,,G459,11020
7040,401004513,PERNO,CN,,,
7041,405028061,PERNUMIA,PD,,G461,35020
7042,403015170,PERO,MI,,C013,20016
7043,401001184,PEROSA ARGENTINA,TO,,G463,10063
7044,401001185,PEROSA CANAVESE,TO,,G462,10010
7045,404022591,PERRA,TN,,,
7046,401001186,PERRERO,TO,,G465,10060
7047,415062507,PERRILLO,BN,,,
7048,403019583,PERSICO,CR,,,
7049,403019068,PERSICO DOSIMO,CR,,G469,26043
7050,404022592,PERSONE,TN,,,
7051,401002091,PERTENGO,VC,,G471,13030
7052,406030515,PERTEOLE,UD,,,
7053,407009521,PERTI,SV,,,
7054,403017139,PERTICA ALTA,BS,,G474,25070
7055,403017140,PERTICA BASSA,BS,,G475,25078
7056,415065093,PERTOSA,SA,,G476,84030
7057,401001187,PERTUSIO,TO,,G477,10080
7058,410054039,PERUGIA,PG,,G478,06100
7059,411041044,PESARO,PS,,G479,6112x
7060,411141044,PESARO,PU,,G479,6112x
7061,409046022,PESCAGLIA,LU,,G480,55064
7062,405023058,PESCANTINA,VR,,G481,37026
7063,413068028,PESCARA,PE,,G482,6512x
7064,403019069,PESCAROLO ED UNITI,CR,,G483,26033
7065,413066068,PESCASSEROLI,AQ,,G484,67032
7066,403097068,PESCATE,LC,,G485,23855
7067,403013725,PESCATE,CO,,G485,23855
7068,414070531,PESCHE,CB,,G486,86090
7069,414094031,PESCHE,IS,,G486,86090
7070,416071038,PESCHICI,FG,,G487,71010
7071,403015171,PESCHIERA BORROMEO,MI,,G488,20068
7072,405023059,PESCHIERA DEL GARDA,VR,,G489,37019
7073,403017569,PESCHIERA MARAGLIO,BS,,,
7074,409047012,PESCIA,PT,,G491,51017
7075,413066069,PESCINA,AQ,,G492,67057
7076,415062050,PESCO SANNITA,BN,,G494,82020
7077,413066070,PESCOCOSTANZO,AQ,,G493,67033
7078,414094032,PESCOLANCIANO,IS,,G495,86097
7079,414070532,PESCOLANCIANO,CB,,G495,86097
7080,417076058,PESCOPAGANO,PZ,,G496,85020
7081,414070533,PESCOPENNATARO,CB,,G497,86080
7082,414094033,PESCOPENNATARO,IS,,G497,86080
7083,412057049,PESCOROCCHIANO,RI,,G498,02024
7084,413068029,PESCOSANSONESCO,PE,,G499,65020
7085,412060049,PESCOSOLIDO,FR,,G500,03030
7086,403015628,PESSANO,MI,,,
7087,403015172,PESSANO CON BORNAGO,MI,,G502,20060
7088,403019070,PESSINA CREMONESE,CR,,G504,26030
7089,403013617,PESSINA VALSASSINA,CO,,,
7090,401001188,PESSINETTO,TO,,G505,10070
7091,414070051,PETACCIATO,CB,,G506,86038
7092,418079548,PETILIA POLICASTRO,CZ,,G508,88837
7093,418101017,PETILIA POLICASTRO,KR,,G508,88837
7094,415065094,PETINA,SA,,G509,84020
7095,419082055,PETRALIA SOPRANA,PA,,G510,90026
7096,419082056,PETRALIA SOTTANA,PA,,G511,90027
7097,412057050,PETRELLA SALTO,RI,,G513,02025
7098,414070052,PETRELLA TIFERNINA,CB,,G512,86024
7099,411141045,PETRIANO,PU,,G514,61020
7100,411041045,PETRIANO,PS,,G514,61020
7101,411043036,PETRIOLO,MC,,G515,62014
7102,411109031,PETRITOLI,FM,,G516,63848
7103,411044058,PETRITOLI,AP,,G516,63848
7104,418079094,PETRIZZI,CZ,,G517,88060
7105,418079095,PETRONA',CZ,,,
7106,419081024,PETROSINO,TP,,M281,91020
7107,415064071,PETRURO IRPINO,AV,,G519,83010
7108,401003116,PETTENASCO,NO,,G520,28028
7109,401002569,PETTINENGO,VC,,G521,13843
7110,401096042,PETTINENGO,BI,,G521,13843
7111,419083067,PETTINEO,ME,,G522,98070
7112,414094034,PETTORANELLO DEL MOLISE,IS,,G523,86090
7113,414070534,PETTORANELLO DEL MOLISE,CB,,G523,86090
7114,413066071,PETTORANO SUL GIZIO,AQ,,G524,67034
7115,405029035,PETTORAZZA GRIMANI,RO,,G525,45010
7116,401004163,PEVERAGNO,CN,,G526,12016
7117,403012574,PEVERANZA,VA,,,
7118,401002093,PEZZANA,VC,,G528,13010
7119,403017141,PEZZAZE,BS,,G529,25060
7120,403015629,PEZZOLO DE' CODAZZI,MI,,,
7121,403015630,PEZZOLO DI TAVAZZANO,MI,,,
7122,401004164,PEZZOLO VALLE UZZONE,CN,,G532,12070
7123,403017570,PEZZORO,BS,,,
7124,408033032,PIACENZA,PC,,G535,2912x
7125,405028062,PIACENZA D'ADIGE,PD,,G534,35040
7126,403019071,PIADENA,CR,,G536,26034
7127,403019116,PIADENA DRIZZONA,CR,,,
7128,411141046,PIAGGE,PU,,G537,61030
7129,411041046,PIAGGE,PS,,G537,61030
7130,415065095,PIAGGINE,SA,,G538,84065
7131,415065506,PIAGGINE SOPRANE,SA,,,
7132,403017142,PIAN CAMUNO,BS,,G546,25050
7133,403017571,PIAN D'ARTOGNE,BS,,,
7134,409051029,PIAN DI SCO,AR,,G552,52026
7135,403016550,PIAN GAIANO,BG,,,
7136,407009048,PIANA CRIXIA,SV,,G542,17058
7137,419082057,PIANA DEGLI ALBANESI,PA,,G543,90037
7138,415061056,PIANA DI MONTE VERNA,CE,,G541,81013
7139,407008528,PIANAVIA,IM,,,
7140,409052020,PIANCASTAGNAIO,SI,,G547,53025
7141,401002523,PIANCERI,VC,,,
7142,403017206,PIANCOGNO,BS,,G549,25052
7143,411041047,PIANDIMELETO,PS,,G551,61026
7144,411141047,PIANDIMELETO,PU,,G551,61026
7145,418078097,PIANE CRATI,CS,,G553,87050
7146,401003579,PIANE SESIA,NO,,,
7147,413068030,PIANELLA,PE,,G555,65019
7148,403013183,PIANELLO DEL LARIO,CO,,G556,22010
7149,408033033,PIANELLO VAL TIDONE,PC,,G557,29010
7150,403019072,PIANENGO,CR,,G558,26010
7151,401001189,PIANEZZA,TO,,G559,10044
7152,405024077,PIANEZZE,VI,,G560,36060
7153,401004165,PIANFEI,CN,,G561,12080
7154,407008529,PIANI,IM,,,
7155,403016162,PIANICO,BG,,G564,24060
7156,405027028,PIANIGA,VE,,G565,30030
7157,404022593,PIANO,TN,,,
7158,415063053,PIANO DI SORRENTO,NA,,G568,80063
7159,403013618,PIANO PORLEZZA,CO,,,
7160,418079096,PIANOPOLI,CZ,,D546,88040
7161,408037047,PIANORO,BO,,G570,40065
7162,412056043,PIANSANO,VT,,G571,01010
7163,403014048,PIANTEDO,SO,,G572,23010
7164,415063504,PIANURA,NA,,,
7165,403016163,PIARIO,BG,,G574,24020
7166,401004166,PIASCO,CN,,G575,12026
7167,403014049,PIATEDA,SO,,G576,23020
7168,401096043,PIATTO,BI,,G577,13844
7169,401002570,PIATTO,VC,,G577,13844
7170,405026504,PIAVON,TV,,,
7171,409046023,PIAZZA AL SERCHIO,LU,,G582,55035
7172,419086014,PIAZZA ARMERINA,EN,,G580,94015
7173,403016164,PIAZZA BREMBANA,BG,,G579,24014
7174,403013619,PIAZZA SANTO STEFANO,CO,,,
7175,403016165,PIAZZATORRE,BG,,G583,24010
7176,401001548,PIAZZO,TO,,,
7177,403016551,PIAZZO ALTO,BG,,,
7178,403016552,PIAZZO BASSO,BG,,,
7179,405028063,PIAZZOLA SUL BRENTA,PD,,G587,35016
7180,403016166,PIAZZOLO,BG,,G588,24010
7181,413068031,PICCIANO,PE,,G589,65010
7182,417076059,PICERNO,PZ,,G590,85055
7183,412060050,PICINISCO,FR,,G591,03040
7184,412060051,PICO,FR,,G592,03020
7185,401005084,PIEA,AT,,G593,14020
7186,401002571,PIEDICAVALLO,VC,,G594,13812
7187,401096044,PIEDICAVALLO,BI,,G594,13812
7188,410055509,PIEDILUCO,TR,,,
7189,406031564,PIEDIMONTE DEL CALVARIO,GO,,,
7190,419087035,PIEDIMONTE ETNEO,CT,,G597,95017
7191,415061057,PIEDIMONTE MATESE,CE,,G596,81016
7192,412060052,PIEDIMONTE SAN GERMANO,FR,,G598,03030
7193,401103053,PIEDIMULERA,VB,,G600,28885
7194,401003665,PIEDIMULERA,NO,,G600,28885
7195,410054507,PIEDIPATERNO SUL NERA,PG,,,
7196,410054040,PIEGARO,PG,,G601,06066
7197,409052021,PIENZA,SI,,G602,53026
7198,403019073,PIERANICA,CR,,G603,26017
7199,403018111,PIETRA DE' GIORGI,PV,,G612,27040
7200,403018554,PIETRA GAVINA,PV,,,
7201,407009049,PIETRA LIGURE,SV,,G605,17027
7202,401006129,PIETRA MARAZZI,AL,,G619,15040
7203,414070535,PIETRABBONDANTE,CB,,G606,86085
7204,414094035,PIETRABBONDANTE,IS,,G606,86085
7205,407008041,PIETRABRUNA,IM,,G607,18010
7206,413067034,PIETRACAMELA,TE,,G608,64047
7207,414070053,PIETRACATELLA,CB,,G609,86040
7208,414070054,PIETRACUPA,CB,,G610,86020
7209,415064072,PIETRADEFUSI,AV,,G611,83030
7210,413069103,PIETRAFERRAZZANA,CH,,G613,66040
7211,418078098,PIETRAFITTA,CS,,G615,87050
7212,417076060,PIETRAGALLA,PZ,,G616,85016
7213,410054041,PIETRALUNGA,PG,,G618,06026
7214,415061058,PIETRAMELARA,CE,,G620,81051
7215,416071039,PIETRAMONTECORVINO,FG,,G604,71038
7216,413068032,PIETRANICO,PE,,G621,65020
7217,418078099,PIETRAPAOLA,CS,,G622,87060
7218,417076061,PIETRAPERTOSA,PZ,,G623,85010
7219,419086015,PIETRAPERZIA,EN,,G624,94016
7220,401004167,PIETRAPORZIO,CN,,G625,12010
7221,415062051,PIETRAROIA,BN,,,
7222,411041048,PIETRARUBBIA,PS,,G627,61023
7223,411141048,PIETRARUBBIA,PU,,G627,61023
7224,409046024,PIETRASANTA,LU,,G628,55045
7225,415064073,PIETRASTORNINA,AV,,G629,83015
7226,415061059,PIETRAVAIRANO,CE,,G630,81040
7227,415062052,PIETRELCINA,BN,,G631,82020
7228,409047013,PIEVE A NIEVOLE,PT,,G636,51018
7229,403018112,PIEVE ALBIGNOLA,PV,,G635,27030
7230,405025038,PIEVE D'ALPAGO,BL,,G638,32010
7231,403018113,PIEVE DEL CAIRO,PV,,G639,27037
7232,405026096,PIEVE DEL GRAPPA,TV,,,
7233,403019584,PIEVE DELMONA,CR,,,
7234,404022140,PIEVE DI BONO,TN,,G641,38085
7235,404022234,PIEVE DI BONO-PREZZO,TN,,,
7236,405025039,PIEVE DI CADORE,BL,,G642,32044
7237,408037048,PIEVE DI CENTO,BO,,G643,40066
7238,403020040,PIEVE DI CORIANO,MN,,G633,46020
7239,404022141,PIEVE DI LEDRO,TN,,,
7240,405026057,PIEVE DI SOLIGO,TV,,G645,31053
7241,407008042,PIEVE DI TECO,IM,,G632,18026
7242,403019074,PIEVE D'OLMI,CR,,G647,26040
7243,403015173,PIEVE EMANUELE,MI,,G634,20090
7244,403015743,PIEVE FISSIRAGA,MI,,G096,26854
7245,403098045,PIEVE FISSIRAGA,LO,,G096,26854
7246,409046025,PIEVE FOSCIANA,LU,,G648,55036
7247,407010043,PIEVE LIGURE,GE,,G646,16030
7248,403018114,PIEVE PORTO MORONE,PV,,G650,27017
7249,403019075,PIEVE SAN GIACOMO,CR,,G651,26035
7250,403019585,PIEVE SAN MAURIZIO,CR,,,
7251,409051030,PIEVE SANTO STEFANO,AR,,G653,52036
7252,403019586,PIEVE TERZAGNI,CR,,,
7253,404022142,PIEVE TESINO,TN,,G656,38050
7254,411043038,PIEVE TORINA,MC,,G657,62036
7255,401103054,PIEVE VERGONTE,VB,,G658,28886
7256,401003666,PIEVE VERGONTE,NO,,G658,28886
7257,411043037,PIEVEBOVIGLIANA,MC,,G637,62035
7258,408036031,PIEVEPELAGO,MO,,G649,41027
7259,412060053,PIGLIO,FR,,G659,03010
7260,407008043,PIGNA,IM,,G660,18037
7261,412060054,PIGNATARO INTERAMNA,FR,,G662,03040
7262,415061060,PIGNATARO MAGGIORE,CE,,G661,81052
7263,417076062,PIGNOLA,PZ,,G663,85010
7264,407011021,PIGNONE,SP,,G664,19020
7265,403013184,PIGRA,CO,,G665,22020
7266,401002096,PILA,VC,,G666,13020
7267,404022594,PILCANTE,TN,,,
7268,403017572,PILZONE,BS,,,
7269,420092048,PIMENTEL,CA,,G669,09020
7270,415063054,PIMONTE,NA,,G670,80050
7271,403018115,PINAROLO PO,PV,,G671,27040
7272,401001190,PINASCA,TO,,G672,10060
7273,405029036,PINCARA,RO,,G673,45020
7274,401001191,PINEROLO,TO,,G674,10064
7275,413067035,PINETO,TE,,F831,64025
7276,450501531,PINGUENTE,PL,,,
7277,401005085,PINO D'ASTI,AT,,G676,14020
7278,403012112,PINO SULLA SPONDA DEL LAGO MAGGIORE,VA,,G677,21010
7279,401001192,PINO TORINESE,TO,,G678,10025
7280,403015631,PINZANO,MI,,,
7281,406093030,PINZANO AL TAGLIAMENTO,PN,,G680,33094
7282,406030550,PINZANO AL TAGLIAMENTO,UD,,G680,33094
7283,404022143,PINZOLO,TN,,G681,38086
7284,411141049,PIOBBICO,PU,,G682,61046
7285,411041049,PIOBBICO,PS,,G682,61046
7286,401004168,PIOBESI D'ALBA,CN,,G683,12040
7287,401001193,PIOBESI TORINESE,TO,,G684,10040
7288,401002097,PIODE,VC,,G685,13020
7289,403015175,PIOLTELLO,MI,,G686,20096
7290,409049012,PIOMBINO,LI,,G687,57025
7291,405028064,PIOMBINO DESE,PD,,G688,35017
7292,408034505,PIONE,PR,,,
7293,411043039,PIORACO,MC,,G690,62025
7294,401001194,PIOSSASCO,TO,,G691,10045
7295,401005086,PIOVA' MASSAIA,AT,,,
7296,405028065,PIOVE DI SACCO,PD,,G693,35028
7297,405024078,PIOVENE ROCCHETTE,VI,,G694,36013
7298,401006130,PIOVERA,AL,,G695,15040
7299,408033034,PIOZZANO,PC,,G696,29010
7300,401004169,PIOZZO,CN,,G697,12060
7301,419083068,PIRAINO,ME,,G699,98060
7302,450501532,PIRANO,PL,,,
7303,420092503,PIRRI,CA,,,
7304,409050026,PISA,PI,,G702,5612x
7305,401003119,PISANO,NO,,G703,28010
7306,401001195,PISCINA,TO,,G705,10060
7307,420092107,PISCINAS,CA,,M291,09010
7308,415063505,PISCINOLA,NA,,,
7309,415065096,PISCIOTTA,SA,,G707,84066
7310,418079503,PISCOPIO,CZ,,,
7311,450501533,PISINO,PL,,,
7312,403017143,PISOGNE,BS,,G710,25055
7313,412058077,PISONIANO,RM,,G704,00020
7314,403018555,PISSARELLO,PV,,,
7315,417077020,PISTICCI,MT,,G712,75015
7316,409047014,PISTOIA,PT,,G713,51100
7317,401002572,PISTOLESA,VC,,,
7318,401096045,PISTOLESA,BI,,,
7319,409047015,PITEGLIO,PT,,G715,51020
7320,409053019,PITIGLIANO,GR,,G716,58017
7321,403020041,PIUBEGA,MN,,G717,46040
7322,403014050,PIURO,SO,,G718,23020
7323,401001196,PIVERONE,TO,,G719,10010
7324,403018116,PIZZALE,PV,,G720,27050
7325,403019076,PIZZIGHETTONE,CR,,G721,26026
7326,418079549,PIZZO,CZ,,G722,89812
7327,418102027,PIZZO,VV,,G722,89812
7328,403018556,PIZZOCORNO,PV,,,
7329,413069066,PIZZOFERRATO,CH,,G724,66040
7330,403015632,PIZZOLANO,MI,,,
7331,413066072,PIZZOLI,AQ,,G726,67017
7332,414070536,PIZZONE,CB,,G727,86071
7333,414094036,PIZZONE,IS,,G727,86071
7334,418102028,PIZZONI,VV,,G728,89834
7335,418079550,PIZZONI,CZ,,G728,89834
7336,418080059,PLACANICA,RC,,G729,89040
7337,406031565,PLANINA,GO,,,
7338,404021563,PLANOL,BZ,,,
7339,404021564,PLATA,BZ,,,
7340,418078100,PLATACI,CS,,G733,87070
7341,418079099,PLATANIA,CZ,,G734,88040
7342,418080060,PLATI',RC,,,
7343,404021064,PLAUS,BZ,,G299,39025
7344,403013185,PLESIO,CO,,G737,22010
7345,406031566,PLEZZO,GO,,,
7346,406031567,PLISCOVIZZA DELLA MADONNA,GO,,,
7347,420090057,PLOAGHE,SS,,G740,07017
7348,407009050,PLODIO,SV,,G741,17043
7349,401004170,POCAPAGLIA,CN,,G742,12060
7350,406030075,POCENIA,UD,,G743,33050
7351,406031568,POCRAI DEL PERO,GO,,,
7352,418080512,PODARGONI,RC,,,
7353,409045013,PODENZANA,MS,,G746,54010
7354,408033035,PODENZANO,PC,,G747,29027
7355,406031569,PODRAGA,GO,,,
7356,412060055,POFI,FR,,G749,03026
7357,407008530,POGGI,IM,,,
7358,416075061,POGGIARDO,LE,,G751,73037
7359,409052022,POGGIBONSI,SI,,G752,53036
7360,409100004,POGGIO A CAIANO,PO,,G754,59016
7361,409048512,POGGIO A CAIANO,FI,,G754,59016
7362,408099012,POGGIO BERNI,RN,,G755,47824
7363,408040517,POGGIO BERNI,FO,,G755,47824
7364,412057051,POGGIO BUSTONE,RI,,G756,02018
7365,412057052,POGGIO CATINO,RI,,G757,02040
7366,412057505,POGGIO FIDONI,RI,,,
7367,416071040,POGGIO IMPERIALE,FG,,G761,71010
7368,412057053,POGGIO MIRTETO,RI,,G763,02047
7369,412057054,POGGIO MOIANO,RI,,G764,02037
7370,412057055,POGGIO NATIVO,RI,,G765,02030
7371,413066073,POGGIO PICENZE,AQ,,G766,67026
7372,408038018,POGGIO RENATICO,FE,,G768,44028
7373,403020042,POGGIO RUSCO,MN,,G753,46025
7374,412057056,POGGIO SAN LORENZO,RI,,G770,02030
7375,411042037,POGGIO SAN MARCELLO,AN,,G771,60030
7376,411043040,POGGIO SAN VICINO,MC,,D566,62021
7377,414094037,POGGIO SANNITA,IS,,B317,86086
7378,414070537,POGGIO SANNITA,CB,,B317,86086
7379,408099028,POGGIO TORRIANA,RN,,,
7380,410054042,POGGIODOMO,PG,,G758,06040
7381,413069067,POGGIOFIORITO,CH,,G760,66030
7382,415063055,POGGIOMARINO,NA,,G762,80040
7383,419081016,POGGIOREALE,TP,,G767,91020
7384,416072034,POGGIORSINI,BA,,G769,70020
7385,403014051,POGGIRIDENTI,SO,,G431,23020
7386,403015176,POGLIANO MILANESE,MI,,G772,20010
7387,403013186,POGNANA LARIO,CO,,G773,22020
7388,403016167,POGNANO,BG,,G774,24040
7389,401003120,POGNO,NO,,G775,28076
7390,404022677,POIA,TN,,,
7391,401001197,POIRINO,TO,,G777,10046
7392,405024079,POJANA MAGGIORE,VI,,G776,36026
7393,450501534,POLA,PL,,,
7394,403017144,POLAVENO,BS,,G779,25060
7395,406093031,POLCENIGO,PN,,G780,33070
7396,406030551,POLCENIGO,UD,,G780,33070
7397,403019587,POLENGO,CR,,,
7398,405029037,POLESELLA,RO,,G782,45038
7399,408034029,POLESINE PARMENSE,PR,,G783,43010
7400,408034050,POLESINE ZIBELLO,PR,,,
7401,412058078,POLI,RM,,G784,00010
7402,418102029,POLIA,VV,,G785,89813
7403,418079551,POLIA,CZ,,G785,89813
7404,417077021,POLICORO,MT,,G786,75025
7405,416072035,POLIGNANO A MARE,BA,,G787,70044
7406,408036032,POLINAGO,MO,,G789,41040
7407,410055027,POLINO,TR,,G790,05030
7408,418080061,POLISTENA,RC,,G791,89024
7409,419082058,POLIZZI GENEROSA,PA,,G792,90028
7410,415065097,POLLA,SA,,G793,84035
7411,402007049,POLLEIN,AO,,G794,11020
7412,415063056,POLLENA TROCCHIA,NA,,G795,80040
7413,411043041,POLLENZA,MC,,F567,62010
7414,415065098,POLLICA,SA,,G796,84068
7415,419082059,POLLINA,PA,,G797,90010
7416,401096046,POLLONE,BI,,G798,13814
7417,401002573,POLLONE,VC,,G798,13814
7418,413069068,POLLUTRI,CH,,G799,66020
7419,401004171,POLONGHERA,CN,,G800,12030
7420,403017145,POLPENAZZE,BS,,,
7421,405028066,POLVERARA,PD,,G802,35020
7422,411042038,POLVERIGI,AN,,G803,60020
7423,409050027,POMARANCE,PI,,G804,56045
7424,401001198,POMARETTO,TO,,G805,10063
7425,417077022,POMARICO,MT,,G806,75016
7426,401006131,POMARO MONFERRATO,AL,,G807,15040
7427,404022144,POMAROLO,TN,,G808,38060
7428,401003121,POMBIA,NO,,G809,28050
7429,403018557,POMETO,PV,,,
7430,412058079,POMEZIA,RM,,G811,00040
7431,415063057,POMIGLIANO D'ARCO,NA,,G812,80038
7432,415063058,POMPEI,NA,,G813,80045
7433,407008044,POMPEIANA,IM,,G814,18015
7434,403017146,POMPIANO,BS,,G815,25030
7435,403020043,POMPONESCO,MN,,G816,46030
7436,420092559,POMPU,CA,,G817,09093
7437,420095042,POMPU,OR,,G817,09093
7438,403017147,PONCARALE,BS,,G818,25020
7439,403017573,PONCARALE FLERO,BS,,,
7440,401002574,PONDERANO,VC,,G820,13875
7441,401096047,PONDERANO,BI,,G820,13875
7442,403013187,PONNA,CO,,G821,22020
7443,409050028,PONSACCO,PI,,G822,56038
7444,405028067,PONSO,PD,,G823,35040
7445,401001199,PONT CANAVESE,TO,,,
7446,403017574,PONTAGNA,BS,,,
7447,409048033,PONTASSIEVE,FI,,G825,50065
7448,402007050,PONTBOSET,AO,,G545,11020
7449,403013620,PONTE,CO,,G827,82030
7450,415062053,PONTE,BN,,G827,82030
7451,409047016,PONTE BUGGIANESE,PT,,G833,51019
7452,403018558,PONTE CARATE,PV,,,
7453,408033036,PONTE DELL'OLIO,PC,,G842,29028
7454,403017148,PONTE DI LEGNO,BS,,G844,25056
7455,403016553,PONTE DI NOSSA,BG,,,
7456,405026058,PONTE DI PIAVE,TV,,G846,31047
7457,404021065,PONTE GARDENA,BZ,,G830,39040
7458,403014052,PONTE IN VALTELLINA,SO,,G829,23026
7459,403013188,PONTE LAMBRO,CO,,G847,22037
7460,405025040,PONTE NELLE ALPI,BL,,B662,32014
7461,403018117,PONTE NIZZA,PV,,G851,27050
7462,403016168,PONTE NOSSA,BG,,F941,24028
7463,405028069,PONTE SAN NICOLO',PD,,,
7464,403016170,PONTE SAN PIETRO,BG,,G856,24036
7465,406030076,PONTEBBA,UD,,G831,33016
7466,406030516,PONTEBBA NOVA,UD,,,
7467,415065099,PONTECAGNANO FAIANO,SA,,G834,84098
7468,405029038,PONTECCHIO POLESINE,RO,,G836,45030
7469,401004172,PONTECHIANALE,CN,,G837,12020
7470,412060056,PONTECORVO,FR,,G838,03037
7471,401006132,PONTECURONE,AL,,G839,15055
7472,407008045,PONTEDASSIO,IM,,G840,18027
7473,407010515,PONTEDECIMO,GE,,,
7474,409050029,PONTEDERA,PI,,G843,56025
7475,415062054,PONTELANDOLFO,BN,,G848,82027
7476,415061061,PONTELATONE,CE,,G849,81040
7477,405028068,PONTELONGO,PD,,G850,35029
7478,408033037,PONTENURE,PC,,G852,29010
7479,403016169,PONTERANICA,BG,,G853,24010
7480,403015633,PONTESESTO,MI,,,
7481,401006133,PONTESTURA,AL,,G858,15027
7482,403017149,PONTEVICO,BS,,G859,25026
7483,402007051,PONTEY,AO,,G860,11024
7484,401006134,PONTI,AL,,G861,15010
7485,403020044,PONTI SUL MINCIO,MN,,G862,46040
7486,415063506,PONTICELLI,NA,,,
7487,403016171,PONTIDA,BG,,G864,24030
7488,412059017,PONTINIA,LT,,G865,04014
7489,407009051,PONTINVREA,SV,,G866,17042
7490,403019588,PONTIROLO CAPREDONI,CR,,,
7491,403016172,PONTIROLO NUOVO,BG,,G867,24040
7492,403017150,PONTOGLIO,BS,,G869,25037
7493,409045014,PONTREMOLI,MS,,G870,54027
7494,402007052,PONT-SAINT-MARTIN,AO,,G854,11026
7495,412059018,PONZA,LT,,G871,04027
7496,411044059,PONZANO DI FERMO,AP,,G873,63845
7497,411109032,PONZANO DI FERMO,FM,,G873,63845
7498,401006135,PONZANO MONFERRATO,AL,,G872,15020
7499,412058080,PONZANO ROMANO,RM,,G874,00060
7500,405026059,PONZANO VENETO,TV,,G875,31050
7501,403013621,PONZATE,CO,,,
7502,401006136,PONZONE,AL,,G877,15010
7503,413068033,POPOLI,PE,,G878,65026
7504,413068933,POPOLI TERME,PE,,,
7505,409051031,POPPI,AR,,G879,52014
7506,404022595,POR,TN,,,
7507,410055028,PORANO,TR,,G881,05010
7508,409046026,PORCARI,LU,,G882,55016
7509,411044513,PORCHIA,AP,,,
7510,410055510,PORCHIANO DEL MONTE,TR,,,
7511,411044514,PORCHIANO DELL'ASCENSIONE,AP,,,
7512,406093032,PORCIA,PN,,G886,33080
7513,406030552,PORCIA,UD,,G886,33080
7514,406030553,PORDENONE,UD,,G888,33170
7515,406093033,PORDENONE,PN,,G888,33170
7516,403013189,PORLEZZA,CO,,G889,22018
7517,407008046,PORNASSIO,IM,,G890,18024
7518,406030077,PORPETTO,UD,,G891,33050
7519,408037049,PORRETTA TERME,BO,,A558,40046
7520,409047502,PORTA AL BORGO,PT,,,
7521,409047503,PORTA CARRATICA,PT,,,
7522,409048506,PORTA LUCCHESE,FI,,,
7523,403019589,PORTA OMBRIANO,CR,,,
7524,409048507,PORTA SAN MARCO,FI,,,
7525,401005087,PORTACOMARO,AT,,G894,14037
7526,403018118,PORTALBERA,PV,,G895,27040
7527,410055511,PORTARIA,TR,,,
7528,401001200,PORTE,TO,,G900,10060
7529,404022244,PORTE DI RENDENA,TN,,,
7530,403017575,PORTESE,BS,,,
7531,415063059,PORTICI,NA,,G902,80055
7532,415061062,PORTICO DI CASERTA,CE,,G903,81050
7533,408140031,PORTICO E SAN BENEDETTO,FC,,G904,47010
7534,408040031,PORTICO E SAN BENEDETTO,FO,,G904,47010
7535,418080062,PORTIGLIOLA,RC,,G905,89040
7536,407010509,PORTIO,GE,,,
7537,409049013,PORTO AZZURRO,LI,,E680,57036
7538,403012113,PORTO CERESIO,VA,,G906,21050
7539,416075097,PORTO CESAREO,LE,,M263,73010
7540,411043501,PORTO CIVITANOVA,MC,,,
7541,403015634,PORTO D'ADDA,MI,,,
7542,419084028,PORTO EMPEDOCLE,AG,,F299,92014
7543,403020045,PORTO MANTOVANO,MN,,G917,46047
7544,407008531,PORTO MAURIZIO,IM,,,
7545,411043042,PORTO RECANATI,MC,,G919,62017
7546,411109033,PORTO SAN GIORGIO,FM,,G920,63822
7547,411044060,PORTO SAN GIORGIO,AP,,G920,63822
7548,411044061,PORTO SANT'ELPIDIO,AP,,G921,63821
7549,411109034,PORTO SANT'ELPIDIO,FM,,G921,63821
7550,405029039,PORTO TOLLE,RO,,G923,45018
7551,420090058,PORTO TORRES,SS,,G924,07046
7552,403012114,PORTO VALTRAVAGLIA,VA,,G907,21010
7553,405029052,PORTO VIRO,RO,,G926,45014
7554,405026060,PORTOBUFFOLE',TV,,,
7555,414070055,PORTOCANNONE,CB,,G910,86045
7556,409049014,PORTOFERRAIO,LI,,G912,57037
7557,407010044,PORTOFINO,GE,,G913,16034
7558,405027029,PORTOGRUARO,VE,,G914,30026
7559,450501535,PORTOLE,PL,,,
7560,408038019,PORTOMAGGIORE,FE,,G916,44015
7561,419089020,PORTOPALO DI CAPO PASSERO,SR,,M257,96010
7562,420092049,PORTOSCUSO,CA,,G922,09010
7563,407011022,PORTOVENERE,SP,,G925,19025
7564,401096048,PORTULA,BI,,G927,13833
7565,401002575,PORTULA,VC,,G927,13833
7566,403017576,PORZANO,BS,,,
7567,420091073,POSADA,NU,,G929,08020
7568,403016554,POSCANTE,BG,,,
7569,405024080,POSINA,VI,,G931,36010
7570,415065100,POSITANO,SA,,G932,84017
7571,405026061,POSSAGNO,TV,,G933,31054
7572,412057057,POSTA,RI,,G934,02019
7573,412060057,POSTA FIBRENO,FR,,G935,03030
7574,404021066,POSTAL,BZ,,G936,39014
7575,403014053,POSTALESIO,SO,,G937,23010
7576,412057506,POSTICCIOLA,RI,,,
7577,415065101,POSTIGLIONE,SA,,G939,84026
7578,401002102,POSTUA,VC,,G940,13010
7579,406032520,POSTUMIA GROTTE,TS,,,
7580,417076063,POTENZA,PZ,,G942,85100
7581,411043043,POTENZA PICENA,MC,,F632,62018
7582,405024081,POVE DEL GRAPPA,VI,,G943,36020
7583,405026062,POVEGLIANO,TV,,G944,31050
7584,405023060,POVEGLIANO VERONESE,VR,,G945,37064
7585,406032521,POVERIO,TS,,,
7586,408035029,POVIGLIO,RE,,G947,42028
7587,404022596,POVO,TN,,,
7588,406030078,POVOLETTO,UD,,G949,33040
7589,404022145,POZZA DI FASSA,TN,,G950,38036
7590,412057058,POZZAGLIA SABINO,RI,,,
7591,403019590,POZZAGLIO,CR,,,
7592,403019077,POZZAGLIO ED UNITI,CR,,B914,26010
7593,419088008,POZZALLO,RG,,G953,97016
7594,414070538,POZZILLI,CB,,G954,86077
7595,414094038,POZZILLI,IS,,G954,86077
7596,411041519,POZZO ALTO,PS,,,
7597,403019591,POZZO BARONZIO,CR,,,
7598,403015177,POZZO D'ADDA,MI,,G955,20060
7599,401006137,POZZOL GROPPO,AL,,G960,15050
7600,403017151,POZZOLENGO,BS,,G959,25010
7601,405024082,POZZOLEONE,VI,,G957,36050
7602,401006138,POZZOLO FORMIGARO,AL,,G961,15068
7603,420090059,POZZOMAGGIORE,SS,,G962,07018
7604,405028070,POZZONOVO,PD,,G963,35020
7605,415063060,POZZUOLI,NA,,G964,80078
7606,406030079,POZZUOLO DEL FRIULI,UD,,G966,33050
7607,403015178,POZZUOLO MARTESANA,MI,,G965,20060
7608,403016173,PRADALUNGA,BG,,G968,24020
7609,406030080,PRADAMANO,UD,,G969,33040
7610,401004173,PRADLEVES,CN,,G970,12027
7611,403018559,PRADO,PV,,,
7612,401001201,PRAGELATO,TO,,G973,10060
7613,418078101,PRAIA A MARE,CS,,G975,87028
7614,415065102,PRAIANO,SA,,G976,84010
7615,403017152,PRALBOINO,BS,,G977,25020
7616,401001202,PRALI,TO,,G978,10060
7617,401001203,PRALORMO,TO,,G979,10040
7618,401002576,PRALUNGO,VC,,G980,13899
7619,401096049,PRALUNGO,BI,,G980,13899
7620,405027030,PRAMAGGIORE,VE,,G981,30020
7621,401001204,PRAMOLLO,TO,,G982,10065
7622,403017577,PRANDAGLIO,BS,,,
7623,401002104,PRAROLO,VC,,G985,13012
7624,401001205,PRAROSTINO,TO,,G986,10060
7625,401006139,PRASCO,AL,,G987,15010
7626,401001206,PRASCORSANO,TO,,G988,10080
7627,404022146,PRASO,TN,,G989,38080
7628,403014054,PRATA CAMPORTACCIO,SO,,G993,23020
7629,413066074,PRATA D'ANSIDONIA,AQ,,G992,67020
7630,406093034,PRATA DI PORDENONE,PN,,G994,33080
7631,406030554,PRATA DI PORDENONE,UD,,G994,33080
7632,415064074,PRATA DI PRINCIPATO ULTRA,AV,,G990,83030
7633,415061063,PRATA SANNITA,CE,,G991,81010
7634,415061064,PRATELLA,CE,,G995,81010
7635,404021565,PRATI,BZ,,,
7636,401001207,PRATIGLIONE,TO,,G997,10080
7637,409100005,PRATO,PO,,G999,59100
7638,409048513,PRATO,FI,,G999,59100
7639,404021566,PRATO ALLA DRAVA,BZ,,,
7640,404021067,PRATO ALLO STELVIO,BZ,,H004,39026
7641,406030081,PRATO CARNICO,UD,,H002,33020
7642,403019592,PRATO MUZIO,CR,,,
7643,401003122,PRATO SESIA,NO,,H001,28077
7644,413066075,PRATOLA PELIGNA,AQ,,H007,67035
7645,415064075,PRATOLA SERRA,AV,,H006,83039
7646,409051032,PRATOVECCHIO,AR,,H008,52015
7647,409051041,PRATOVECCHIO STIA,AR,,,
7648,409051502,PRATOVECCHIO-STIA,AR,,,
7649,406030555,PRAVISDOMINI,UD,,H010,33076
7650,406093035,PRAVISDOMINI,PN,,H010,33076
7651,401002610,PRAY,VC,,G974,13867
7652,401096050,PRAY,BI,,G974,13867
7653,401004174,PRAZZO,CN,,H011,12028
7654,404022597,PRE,TN,,,
7655,406030082,PRECENICCO,UD,,H014,33050
7656,410054043,PRECI,PG,,H015,06047
7657,403015635,PRECOTTO,MI,,,
7658,404022230,PREDAIA,TN,,,
7659,408140032,PREDAPPIO,FC,,H017,47016
7660,408040032,PREDAPPIO,FO,,H017,47016
7661,404022147,PREDAZZO,TN,,H018,38037
7662,404021068,PREDOI,BZ,,H019,39030
7663,403016174,PREDORE,BG,,H020,24060
7664,401006140,PREDOSA,AL,,H021,15077
7665,405026063,PREGANZIOL,TV,,H022,31022
7666,404022598,PREGASINA,TN,,,
7667,404022599,PREGHENA,TN,,,
7668,401003580,PREGLIA,NO,,,
7669,403015179,PREGNANA MILANESE,MI,,H026,20010
7670,407008047,PRELA',IM,,,
7671,403013726,PREMANA,CO,,H028,23834
7672,403097069,PREMANA,LC,,H028,23834
7673,406030083,PREMARIACCO,UD,,H029,33040
7674,401103055,PREMENO,VB,,H030,28818
7675,401003667,PREMENO,NO,,H030,28818
7676,403015636,PREMENUGO,MI,,,
7677,403012575,PREMEZZO,VA,,,
7678,401103056,PREMIA,VB,,H033,28866
7679,401003668,PREMIA,NO,,H033,28866
7680,408040033,PREMILCUORE,FO,,H034,47010
7681,408140033,PREMILCUORE,FC,,H034,47010
7682,404022600,PREMIONE,TN,,,
7683,403016175,PREMOLO,BG,,H036,24020
7684,401003669,PREMOSELLO-CHIOVENDA,NO,,H037,28803
7685,401103057,PREMOSELLO-CHIOVENDA,VB,,H037,28803
7686,406030084,PREONE,UD,,H038,33020
7687,404022148,PREORE,TN,,H039,38070
7688,406030085,PREPOTTO,UD,,H040,33040
7689,401003581,PREQUARTERA,NO,,,
7690,402007053,PRE'-SAINT-DIDIER,AO,,,
7691,403017153,PRESEGLIE,BS,,H043,25070
7692,403017578,PRESEGNO,BS,,,
7693,415061065,PRESENZANO,CE,,H045,81050
7694,403016176,PRESEZZO,BG,,H046,24030
7695,416075062,PRESICCE,LE,,H047,73054
7696,416075098,PRESICCE-ACQUARICA,LE,,,
7697,405023061,PRESSANA,VR,,H048,37040
7698,404022601,PRESSON,TN,,,
7699,403017154,PRESTINE,BS,,H050,25040
7700,401003582,PRESTINONE,NO,,,
7701,413069069,PRETORO,CH,,H052,66010
7702,413066506,PRETURO,AQ,,,
7703,406031570,PREVACINA,GO,,,
7704,403017155,PREVALLE,BS,,H055,25080
7705,413066076,PREZZA,AQ,,H056,67030
7706,404022149,PREZZO,TN,,H057,38085
7707,401001549,PRIACCO,TO,,,
7708,401004175,PRIERO,CN,,H059,12070
7709,401004514,PRIERO-MONTEZEMOLO,CN,,,
7710,415065103,PRIGNANO CILENTO,SA,,H062,84060
7711,408036033,PRIGNANO SULLA SECCHIA,MO,,H061,41048
7712,403013727,PRIMALUNA,CO,,H063,23819
7713,403097070,PRIMALUNA,LC,,H063,23819
7714,450500517,PRIMANO,FU,,,
7715,401005505,PRIMEGLIO SCHIERANO,AT,,,
7716,404022602,PRIMIERO,TN,,,
7717,404022245,PRIMIERO SAN MARTINO DI CASTROZZA,TN,,,
7718,404022603,PRIO',TN,,,
7719,401004176,PRIOCCA,CN,,H068,12040
7720,401004177,PRIOLA,CN,,H069,12070
7721,419089021,PRIOLO GARGALLO,SR,,M279,96010
7722,412059019,PRIVERNO,LT,,G698,04015
7723,419082060,PRIZZI,PA,,H070,90038
7724,412056044,PROCENO,VT,,H071,01020
7725,415063061,PROCIDA,NA,,H072,80079
7726,407010045,PROPATA,GE,,H073,16027
7727,403013192,PROSERPIO,CO,,H074,22030
7728,403015637,PROSPIANO,MI,,,
7729,412059020,PROSSEDI,LT,,H076,04010
7730,403017156,PROVAGLIO D'ISEO,BS,,H078,25050
7731,403017579,PROVAGLIO SOPRA,BS,,,
7732,403017580,PROVAGLIO SOTTO,BS,,,
7733,403017157,PROVAGLIO VAL SABBIA,BS,,H077,25070
7734,404021069,PROVES,BZ,,H081,39040
7735,403017581,PROVEZZE,BS,,,
7736,414070056,PROVVIDENTI,CB,,H083,86040
7737,405023514,PRUN,VR,,,
7738,401004178,PRUNETTO,CN,,H085,12077
7739,403017158,PUEGNAGO SUL GARDA,BS,,H086,25080
7740,415062055,PUGLIANELLO,BN,,H087,82030
7741,420092050,PULA,CA,,H088,09010
7742,406030086,PULFERO,UD,,H089,33046
7743,416073022,PULSANO,TA,,H090,74026
7744,403016177,PUMENENGO,BG,,H091,24050
7745,405025041,PUOS D'ALPAGO,BL,,H092,32015
7746,403013622,PURIA,CO,,,
7747,403013193,PUSIANO,CO,,H094,22030
7748,420090060,PUTIFIGARI,SS,,H095,07040
7749,416072036,PUTIGNANO,BA,,H096,70017
7750,415064076,QUADRELLE,AV,,H097,83020
7751,413069070,QUADRI,CH,,H098,66040
7752,415064504,QUAGLIETTA,AV,,,
7753,401001208,QUAGLIUZZO,TO,,H100,10010
7754,415063062,QUALIANO,NA,,H101,80019
7755,401005088,QUARANTI,AT,,H102,14040
7756,404021524,QUARAZZE,BZ,,,
7757,401002577,QUAREGNA,VC,,H103,13854
7758,401096051,QUAREGNA,BI,,H103,13854
7759,401096087,QUAREGNA CERRETO,BI,,,
7760,401006141,QUARGNENTO,AL,,H104,15044
7761,401003583,QUARNA,NO,,,
7762,401003670,QUARNA SOPRA,NO,,H106,28898
7763,401103058,QUARNA SOPRA,VB,,H106,28898
7764,401103059,QUARNA SOTTO,VB,,H107,28896
7765,401003671,QUARNA SOTTO,NO,,H107,28896
7766,401002107,QUARONA,VC,,H108,13017
7767,409047017,QUARRATA,PT,,H109,51039
7768,402007054,QUART,AO,,H110,11020
7769,401006524,QUARTI,AL,,,
7770,403015638,QUARTIANO,MI,,,
7771,415063063,QUARTO,NA,,H114,80010
7772,401006525,QUARTO ASTESE,AL,,,
7773,403015639,QUARTO CAGNINO,MI,,,
7774,405027031,QUARTO D'ALTINO,VE,,H117,30020
7775,407010517,QUARTO DEI MILLE,GE,,,
7776,420092051,QUARTU SANT'ELENA,CA,,H118,09045
7777,420092105,QUARTUCCIU,CA,,H119,09044
7778,401001209,QUASSOLO,TO,,H120,10010
7779,401006142,QUATTORDIO,AL,,H121,15028
7780,408035030,QUATTRO CASTELLA,RE,,H122,42020
7781,405025042,QUERO,BL,,H124,32030
7782,405025070,QUERO VAS,BL,,,
7783,404022604,QUETTA,TN,,,
7784,407009052,QUILIANO,SV,,H126,17047
7785,401001210,QUINCINETTO,TO,,H127,10010
7786,415064077,QUINDICI,AV,,H128,83020
7787,403020046,QUINGENTOLE,MN,,H129,46020
7788,403019078,QUINTANO,CR,,H130,26017
7789,407010518,QUINTO AL MARE,GE,,,
7790,405026064,QUINTO DI TREVISO,TV,,H131,31055
7791,405023515,QUINTO DI VALPANTENA,VR,,,
7792,403015640,QUINTO ROMANO,MI,,,
7793,401002108,QUINTO VERCELLESE,VC,,H132,13030
7794,405024083,QUINTO VICENTINO,VI,,H134,36050
7795,411044515,QUINTODECIMO,AP,,,
7796,403015641,QUINTOSOLE,MI,,,
7797,403017582,QUINZANELLO,BS,,,
7798,403017159,QUINZANO D'OGLIO,BS,,H140,25027
7799,403012576,QUINZANO SAN PIETRO,VA,,,
7800,405023516,QUINZANO VERONESE,VR,,,
7801,403020047,QUISTELLO,MN,,H143,46026
7802,403019593,QUISTRO,CR,,,
7803,401096052,QUITTENGO,BI,,H145,13812
7804,401002578,QUITTENGO,VC,,H145,13812
7805,404022150,RABBI,TN,,H146,38020
7806,416075063,RACALE,LE,,H147,73055
7807,419084029,RACALMUTO,AG,,H148,92020
7808,406030517,RACCOLANA,UD,,,
7809,401004179,RACCONIGI,CN,,H150,12035
7810,419083069,RACCUJA,ME,,H151,98067
7811,404021070,RACINES,BZ,,H152,39040
7812,409052023,RADDA IN CHIANTI,SI,,H153,53017
7813,419087036,RADDUSA,CT,,H154,95040
7814,418080513,RADICENA,RC,,,
7815,409052024,RADICOFANI,SI,,H156,53040
7816,409052025,RADICONDOLI,SI,,H157,53030
7817,403017583,RAFFA,BS,,,
7818,419084030,RAFFADALI,AG,,H159,92015
7819,419087058,RAGALNA,CT,,M287,95030
7820,409051503,RAGGIOLO,AR,,,
7821,406030087,RAGOGNA,UD,,H161,33030
7822,404022151,RAGOLI,TN,,H162,38070
7823,419088009,RAGUSA,RG,,H163,97100
7824,419088501,RAGUSA IBLA,RG,,,
7825,413066077,RAIANO,AQ,,H166,67027
7826,419087037,RAMACCA,CT,,H168,95040
7827,408035031,RAMISETO,RE,,G654,42030
7828,405029511,RAMO DI PALO,RO,,,
7829,403013623,RAMPONIO,CO,,,
7830,403013194,RAMPONIO VERNA,CO,,H171,22020
7831,403013624,RANCIO DI LECCO,CO,,,
7832,403012115,RANCIO VALCUVIA,VA,,H173,21030
7833,403012116,RANCO,VA,,H174,21020
7834,419087038,RANDAZZO,CT,,H175,95036
7835,404022678,RANGO,TN,,,
7836,403016178,RANICA,BG,,H176,24020
7837,403016179,RANZANICO,BG,,H177,24060
7838,407009522,RANZI PIETRA,SV,,,
7839,406031571,RANZIANO,GO,,,
7840,407008048,RANZO,IM,,H180,18020
7841,404022605,RANZO,TN,,H180,18020
7842,411044062,RAPAGNANO,AP,,H182,63831
7843,411109035,RAPAGNANO,FM,,H182,63831
7844,407010046,RAPALLO,GE,,H183,16035
7845,413069071,RAPINO,CH,,H184,66010
7846,409052026,RAPOLANO TERME,SI,,H185,53040
7847,417076064,RAPOLLA,PZ,,H186,85027
7848,417076065,RAPONE,PZ,,H187,85020
7849,401002110,RASSA,VC,,H188,13020
7850,404021071,RASUN ANTERSELVA,BZ,,H189,39030
7851,404021568,RASUN DI SOPRA,BZ,,,
7852,404021569,RASUN DI SOTTO,BZ,,,
7853,404021872,RASUN VALDAORA,BZ,,,
7854,403014055,RASURA,SO,,H192,23010
7855,450500518,RATECEVO IN MONTE,FU,,,
7856,419084031,RAVANUSA,AG,,H194,92029
7857,408036034,RAVARINO,MO,,H195,41017
7858,406030088,RAVASCLETTO,UD,,H196,33020
7859,403013625,RAVELLINO,CO,,,
7860,415065104,RAVELLO,SA,,H198,84010
7861,408039014,RAVENNA,RA,,H199,4812x
7862,406030089,RAVEO,UD,,H200,33029
7863,404022606,RAVINA,TN,,,
7864,415061066,RAVISCANINA,CE,,H202,81017
7865,401103060,RE,VB,,H203,28856
7866,401003672,RE,NO,,H203,28856
7867,403018119,REA,PV,,H204,27040
7868,419084032,REALMONTE,AG,,H205,92010
7869,406030090,REANA DEL ROJALE,UD,,H206,33010
7870,401001211,REANO,TO,,H207,10090
7871,403013626,REBBIO,CO,,,
7872,420090504,REBECCU,SS,,,
7873,415061067,RECALE,CE,,H210,81020
7874,411043044,RECANATI,MC,,H211,62019
7875,407010047,RECCO,GE,,H212,16036
7876,401003129,RECETTO,NO,,H213,28060
7877,405024084,RECOARO TERME,VI,,H214,36076
7878,403019594,RECORFANO,CR,,,
7879,403018120,REDAVALLE,PV,,H216,27050
7880,403016555,REDONA,BG,,,
7881,403020048,REDONDESCO,MN,,H218,46010
7882,401005089,REFRANCORE,AT,,H219,14030
7883,405026065,REFRONTOLO,TV,,H220,31020
7884,419086016,REGALBUTO,EN,,H221,94017
7885,409048035,REGGELLO,FI,,H222,50066
7886,418080063,REGGIO CALABRIA,RC,,H224,89100
7887,408035033,REGGIO EMILIA,RE,,H223,4212x
7888,408035032,REGGIOLO,RE,,H225,42046
7889,403015642,REGINA FITTAREZZA,MI,,,
7890,415062056,REINO,BN,,H227,82020
7891,419083070,REITANO,ME,,H228,98070
7892,406030091,REMANZACCO,UD,,H229,33047
7893,403017160,REMEDELLO,BS,,H230,25010
7894,403017584,REMEDELLO SOPRA,BS,,,
7895,403017585,REMEDELLO SOTTO,BS,,,
7896,403108037,RENATE,MB,,H233,20838
7897,403015180,RENATE,MI,,H233,20838
7898,403015643,RENATE VEDUGGIO,MI,,,
7899,418078102,RENDE,CS,,H235,87036
7900,404021072,RENON,BZ,,H236,39054
7901,405026066,RESANA,TV,,H238,31023
7902,403015644,RESCALDA,MI,,,
7903,403015181,RESCALDINA,MI,,H240,20027
7904,404021570,RESIA,BZ,,H242,33010
7905,406030092,RESIA,UD,,H242,33010
7906,415063514,RESINA,NA,,,
7907,406030093,RESIUTTA,UD,,H244,33010
7908,419085014,RESUTTANO,CL,,H245,93010
7909,403018121,RETORBIDO,PV,,H246,27050
7910,401004180,REVELLO,CN,,H247,12036
7911,403020049,REVERE,MN,,H248,46036
7912,401005090,REVIGLIASCO D'ASTI,AT,,H250,14010
7913,401001550,REVIGLIASCO TORINESE,TO,,,
7914,405026505,REVINE,TV,,,
7915,405026067,REVINE LAGO,TV,,H253,31020
7916,404022152,REVO',TN,,,
7917,403013195,REZZAGO,CO,,H255,22030
7918,403017161,REZZATO,BS,,H256,25086
7919,407008049,REZZO,IM,,H257,18026
7920,407010048,REZZOAGLIO,GE,,H258,16048
7921,403013627,REZZONICO,CO,,,
7922,402007503,RHEMES,AO,,,
7923,402007055,RHEMES-NOTRE-DAME,AO,,H262,11010
7924,402007056,RHEMES-SAINT-GEORGES,AO,,H263,11010
7925,403015182,RHO,MI,,H264,20017
7926,418080064,RIACE,RC,,H265,89040
7927,407009053,RIALTO,SV,,H266,17020
7928,412058081,RIANO,RM,,H267,00060
7929,415061068,RIARDO,CE,,H268,81053
7930,419084033,RIBERA,AG,,H269,92016
7931,401001212,RIBORDONE,TO,,H270,10080
7932,418102030,RICADI,VV,,H271,89866
7933,418079552,RICADI,CZ,,H271,89866
7934,401006143,RICALDONE,AL,,H272,15010
7935,414070057,RICCIA,CB,,H273,86016
7936,408040518,RICCIONE,FO,,H274,47838
7937,408099013,RICCIONE,RN,,H274,47838
7938,407011023,RICCO' DEL GOLFO DI SPEZIA,SP,,,
7939,403019079,RICENGO,CR,,H276,26010
7940,415065105,RICIGLIANO,SA,,H277,84020
7941,401001551,RICLARETTO,TO,,,
7942,404021571,RIDANNA,BZ,,,
7943,405026068,RIESE PIO X,TV,,H280,31039
7944,419085015,RIESI,CL,,H281,93016
7945,412057059,RIETI,RI,,H282,02100
7946,406031572,RIFEMBERGO,GO,,,
7947,404021073,RIFIANO,BZ,,H284,39010
7948,401004181,RIFREDDO,CN,,H285,12030
7949,412058082,RIGNANO FLAMINIO,RM,,H288,00068
7950,416071041,RIGNANO GARGANICO,FG,,H287,71010
7951,409048036,RIGNANO SULL'ARNO,FI,,H286,50067
7952,406030094,RIGOLATO,UD,,H289,33020
7953,403016556,RIGOSA,BG,,,
7954,401002111,RIMA SAN GIUSEPPE,VC,,H291,13026
7955,401002112,RIMASCO,VC,,H292,13026
7956,401002113,RIMELLA,VC,,H293,13020
7957,408099014,RIMINI,RN,,H294,4792x
7958,408040519,RIMINI,FO,,H294,4792x
7959,404021572,RINA,BZ,,,
7960,401005506,RINCO,AT,,,
7961,409049021,RIO,LI,,,
7962,404021074,RIO DI PUSTERIA,BZ,,H299,39037
7963,409049015,RIO MARINA,LI,,H305,57038
7964,409049016,RIO NELL'ELBA,LI,,H297,57039
7965,408035034,RIO SALICETO,RE,,H298,42010
7966,412058083,RIOFREDDO,RM,,H300,00020
7967,420092560,RIOLA SARDO,CA,,H301,09070
7968,420095043,RIOLA SARDO,OR,,H301,09070
7969,408039015,RIOLO TERME,RA,,H302,48025
7970,408036035,RIOLUNATO,MO,,H303,41020
7971,407011024,RIOMAGGIORE,SP,,H304,19017
7972,404021573,RIOMOLINO,BZ,,,
7973,417076066,RIONERO IN VULTURE,PZ,,H307,85028
7974,414094039,RIONERO SANNITICO,IS,,H308,86087
7975,414070539,RIONERO SANNITICO,CB,,H308,86087
7976,403015645,RIOZZO,MI,,,
7977,413069072,RIPA TEATINA,CH,,H320,66010
7978,411044516,RIPABERARDA,AP,,,
7979,414070058,RIPABOTTONI,CB,,H311,86040
7980,417076067,RIPACANDIDA,PZ,,H312,85020
7981,414070059,RIPALIMOSANI,CB,,H313,86025
7982,403019080,RIPALTA ARPINA,CR,,H314,26010
7983,403019081,RIPALTA CREMASCA,CR,,H315,26010
7984,403019082,RIPALTA GUERINA,CR,,H316,26010
7985,403019595,RIPALTA NUOVA,CR,,,
7986,403019596,RIPALTA VECCHIA,CR,,,
7987,409050030,RIPARBELLA,PI,,H319,56046
7988,411044063,RIPATRANSONE,AP,,H321,63065
7989,411042039,RIPE,AN,,H322,60010
7990,411043045,RIPE SAN GINESIO,MC,,H323,62020
7991,412060058,RIPI,FR,,H324,03027
7992,419087039,RIPOSTO,CT,,H325,95018
7993,404021567,RISCONE,BZ,,,
7994,401004182,RITTANA,CN,,H326,12010
7995,404022153,RIVA DEL GARDA,TN,,H330,38066
7996,408038029,RIVA DEL PO,FE,,,
7997,403016180,RIVA DI SOLTO,BG,,H331,24060
7998,404021574,RIVA DI TURES,BZ,,,
7999,407008050,RIVA LIGURE,IM,,H328,18015
8000,401001215,RIVA PRESSO CHIERI,TO,,H337,10020
8001,407008532,RIVA SANTO STEFANO,IM,,,
8002,401002114,RIVA VALDOBBIA,VC,,H329,13020
8003,401001213,RIVALBA,TO,,H333,10090
8004,401006144,RIVALTA BORMIDA,AL,,H334,15010
8005,401001214,RIVALTA DI TORINO,TO,,H335,10040
8006,405025043,RIVAMONTE AGORDINO,BL,,H327,32020
8007,403018122,RIVANAZZANO,PV,,,
8008,403018999,RIVANAZZANO TERME,PV,,H336,27055
8009,401001216,RIVARA,TO,,H338,10080
8010,401001217,RIVAROLO CANAVESE,TO,,H340,10086
8011,403019083,RIVAROLO DEL RE ED UNITI,CR,,H341,26036
8012,403020050,RIVAROLO MANTOVANO,MN,,H342,46017
8013,401006145,RIVARONE,AL,,H343,15040
8014,401001218,RIVAROSSA,TO,,H344,10040
8015,401002115,RIVE,VC,,H346,13030
8016,406030095,RIVE D'ARCANO,UD,,H347,33030
8017,417076068,RIVELLO,PZ,,H348,85040
8018,401001552,RIVERA,TO,,,
8019,408033038,RIVERGARO,PC,,H350,29029
8020,403016557,RIVIERA D'ADDA,BG,,,
8021,406030096,RIVIGNANO,UD,,H352,33050
8022,406030188,RIVIGNANO TEOR,UD,,,
8023,413066078,RIVISONDOLI,AQ,,H353,67036
8024,412057060,RIVODUTRI,RI,,H354,02010
8025,401001219,RIVOLI,TO,,H355,10098
8026,405023062,RIVOLI VERONESE,VR,,H356,37010
8027,403019084,RIVOLTA D'ADDA,CR,,H357,26027
8028,403017586,RIVOLTELLA SUL GARDA,BS,,,
8029,406030514,RIVOLTO,UD,,,
8030,418080065,RIZZICONI,RC,,H359,89016
8031,408038020,RO FERRARESE,FE,,,
8032,405024085,ROANA,VI,,H361,36010
8033,401004183,ROASCHIA,CN,,H362,12010
8034,401004184,ROASCIO,CN,,H363,12073
8035,401002116,ROASIO,VC,,H365,13060
8036,401005091,ROATTO,AT,,H366,14018
8037,401001220,ROBASSOMERO,TO,,H367,10070
8038,403015646,ROBBIANO,MI,,,
8039,403097071,ROBBIATE,LC,,G223,23899
8040,403013728,ROBBIATE,CO,,G223,23899
8041,403018123,ROBBIO,PV,,H369,27038
8042,403015647,ROBECCHETTO,MI,,,
8043,403015183,ROBECCHETTO CON INDUNO,MI,,H371,20020
8044,403019085,ROBECCO D'OGLIO,CR,,H372,26010
8045,403015648,ROBECCO LODIGIANO,MI,,,
8046,403018124,ROBECCO PAVESE,PV,,H375,27042
8047,403015184,ROBECCO SUL NAVIGLIO,MI,,H373,20087
8048,401005092,ROBELLA,AT,,H376,14020
8049,401004185,ROBILANTE,CN,,H377,12017
8050,401004186,ROBURENT,CN,,H378,12080
8051,401001221,ROCCA CANAVESE,TO,,H386,10070
8052,412058084,ROCCA CANTERANO,RM,,H387,00020
8053,401004188,ROCCA CIGLIE',CN,,,
8054,401005093,ROCCA D'ARAZZO,AT,,H392,14030
8055,412060059,ROCCA D'ARCE,FR,,H393,03030
8056,401004189,ROCCA DE' BALDI,CN,,H395,12047
8057,403018125,ROCCA DE' GIORGI,PV,,H396,27040
8058,403016558,ROCCA DEL COLLE,BG,,,
8059,415061069,ROCCA D'EVANDRO,CE,,H398,81040
8060,413066080,ROCCA DI BOTTE,AQ,,H399,67066
8061,413066081,ROCCA DI CAMBIO,AQ,,H400,67047
8062,412058085,ROCCA DI CAVE,RM,,H401,00030
8063,413066082,ROCCA DI MEZZO,AQ,,H402,67048
8064,418101019,ROCCA DI NETO,KR,,H403,88821
8065,418079553,ROCCA DI NETO,CZ,,H403,88821
8066,412058086,ROCCA DI PAPA,RM,,H404,00040
8067,401006147,ROCCA GRIMALDA,AL,,H414,15078
8068,418078103,ROCCA IMPERIALE,CS,,H416,87074
8069,412059022,ROCCA MASSIMA,LT,,H421,04010
8070,413066083,ROCCA PIA,AQ,,H429,67030
8071,405025044,ROCCA PIETORE,BL,,H379,32020
8072,401003584,ROCCA PIETRA,NO,,,
8073,412058088,ROCCA PRIORA,RM,,H432,00040
8074,408140036,ROCCA SAN CASCIANO,FC,,H437,47017
8075,408040036,ROCCA SAN CASCIANO,FO,,H437,47017
8076,415064079,ROCCA SAN FELICE,AV,,H438,83050
8077,413069074,ROCCA SAN GIOVANNI,CH,,H439,66020
8078,413067036,ROCCA SANTA MARIA,TE,,H440,64010
8079,412058089,ROCCA SANTO STEFANO,RM,,H441,00030
8080,412057062,ROCCA SINIBALDA,RI,,H446,02026
8081,403018126,ROCCA SUSELLA,PV,,H450,27052
8082,415064078,ROCCABASCERANA,AV,,H382,83016
8083,418079554,ROCCABERNARDA,CZ,,H383,88835
8084,418101018,ROCCABERNARDA,KR,,H383,88835
8085,408034030,ROCCABIANCA,PR,,H384,43010
8086,401004187,ROCCABRUNA,CN,,H385,12020
8087,413068504,ROCCACARAMANICO,PE,,,
8088,413066079,ROCCACASALE,AQ,,H389,67030
8089,415065106,ROCCADASPIDE,SA,,H394,84069
8090,419083071,ROCCAFIORITA,ME,,H405,98030
8091,411044064,ROCCAFLUVIONE,AP,,H390,63093
8092,418080066,ROCCAFORTE DEL GRECO,RC,,H408,89060
8093,401006146,ROCCAFORTE LIGURE,AL,,H406,15060
8094,401004190,ROCCAFORTE MONDOVI',CN,,,
8095,416073023,ROCCAFORZATA,TA,,H409,74020
8096,403017162,ROCCAFRANCA,BS,,H410,25030
8097,412058087,ROCCAGIOVINE,RM,,H411,00020
8098,415065107,ROCCAGLORIOSA,SA,,H412,84060
8099,412059021,ROCCAGORGA,LT,,H413,04010
8100,412060501,ROCCAGUGLIELMA,FR,,,
8101,409053020,ROCCALBEGNA,GR,,H417,58053
8102,419083072,ROCCALUMERA,ME,,H418,98027
8103,412056504,ROCCALVECCE,VT,,,
8104,414070540,ROCCAMANDOLFI,CB,,H420,86092
8105,414094040,ROCCAMANDOLFI,IS,,H420,86092
8106,419082061,ROCCAMENA,PA,,H422,90040
8107,415061070,ROCCAMONFINA,CE,,H423,81035
8108,413069073,ROCCAMONTEPIANO,CH,,H424,66010
8109,413068034,ROCCAMORICE,PE,,H425,65020
8110,417076069,ROCCANOVA,PZ,,H426,85036
8111,412057061,ROCCANTICA,RI,,H427,02040
8112,419082062,ROCCAPALUMBA,PA,,H428,90020
8113,401001553,ROCCAPIATTA,TO,,,
8114,415065108,ROCCAPIEMONTE,SA,,H431,84086
8115,415063065,ROCCARAINOLA,NA,,H433,80030
8116,413066084,ROCCARASO,AQ,,H434,67037
8117,411044517,ROCCAREONILE,AP,,,
8118,415061071,ROCCAROMANA,CE,,H436,81051
8119,413069075,ROCCASCALEGNA,CH,,H442,66040
8120,412060060,ROCCASECCA,FR,,H443,03038
8121,412059023,ROCCASECCA DEI VOLSCI,LT,,H444,04010
8122,414070541,ROCCASICURA,CB,,H445,86080
8123,414094041,ROCCASICURA,IS,,H445,86080
8124,401004191,ROCCASPARVERA,CN,,H447,12010
8125,413069076,ROCCASPINALVETI,CH,,H448,66050
8126,409053021,ROCCASTRADA,GR,,H449,58036
8127,419083073,ROCCAVALDINA,ME,,H380,98040
8128,401005094,ROCCAVERANO,AT,,H451,14050
8129,407009054,ROCCAVIGNALE,SV,,H452,17017
8130,401004192,ROCCAVIONE,CN,,H453,12018
8131,414070060,ROCCAVIVARA,CB,,H454,86020
8132,418080067,ROCCELLA IONICA,RC,,H456,89047
8133,419083074,ROCCELLA VALDEMONE,ME,,H455,98030
8134,401001554,ROCCHEMOLLES,TO,,,
8135,414070542,ROCCHETTA A VOLTURNO,CB,,H458,86070
8136,414094042,ROCCHETTA A VOLTURNO,IS,,H458,86070
8137,401004193,ROCCHETTA BELBO,CN,,H462,12050
8138,407009523,ROCCHETTA CAIRO,SV,,,
8139,407009524,ROCCHETTA CENGIO,SV,,,
8140,407011025,ROCCHETTA DI VARA,SP,,H461,19020
8141,415061072,ROCCHETTA E CROCE,CE,,H459,81042
8142,401006148,ROCCHETTA LIGURE,AL,,H465,15060
8143,407008051,ROCCHETTA NERVINA,IM,,H460,18030
8144,401005095,ROCCHETTA PALAFEA,AT,,H466,14042
8145,416071042,ROCCHETTA SANT'ANTONIO,FG,,H467,71020
8146,401005096,ROCCHETTA TANARO,AT,,H468,14030
8147,410054512,ROCCHETTE IN SABINA,PG,,,
8148,403015185,RODANO,MI,,H470,20090
8149,406030518,RODDA,UD,,,
8150,401004194,RODDI,CN,,H472,12060
8151,401004195,RODDINO,CN,,H473,12050
8152,401004196,RODELLO,CN,,H474,12050
8153,403017587,RODENGO,BS,,H475,39037
8154,404021075,RODENGO,BZ,,H475,39037
8155,403017163,RODENGO-SAIANO,BS,,,
8156,403013197,RODERO,CO,,H478,22070
8157,416071043,RODI GARGANICO,FG,,H480,71012
8158,419083075,RODI' MILICI,ME,,,
8159,403020051,RODIGO,MN,,H481,46040
8160,406032523,RODITTI,TS,,,
8161,401001555,RODORETTO,TO,,,
8162,403017164,ROE' VOLCIANO,BS,,,
8163,415065109,ROFRANO,SA,,H485,84070
8164,403097072,ROGENO,LC,,H486,23849
8165,403013729,ROGENO,CO,,H486,23849
8166,418078104,ROGGIANO GRAVINA,CS,,H488,87017
8167,403012577,ROGGIANO VALTRAVAGLIA,VA,,,
8168,418080068,ROGHUDI,RC,,H489,89060
8169,418078105,ROGLIANO,CS,,H490,87054
8170,403018127,ROGNANO,PV,,H491,27010
8171,403016182,ROGNO,BG,,H492,24060
8172,403014056,ROGOLO,SO,,H493,23010
8173,412058090,ROIATE,RM,,H494,00030
8174,413069077,ROIO DEL SANGRO,CH,,H495,66040
8175,413066507,ROIO PIANO,AQ,,,
8176,402007057,ROISAN,AO,,H497,11010
8177,401001222,ROLETTO,TO,,H498,10060
8178,401001556,ROLLIERES,TO,,,
8179,408035035,ROLO,RE,,H500,42047
8180,412058091,ROMA,RM,,H501,00100
8181,404022608,ROMAGNANO,TN,,,
8182,415065110,ROMAGNANO AL MONTE,SA,,H503,84020
8183,401003130,ROMAGNANO SESIA,NO,,H502,28078
8184,403018128,ROMAGNESE,PV,,H505,27050
8185,404022154,ROMALLO,TN,,H506,38028
8186,420090061,ROMANA,SS,,H507,07010
8187,403019086,ROMANENGO,CR,,H508,26014
8188,403013628,ROMANO BRIANZA,CO,,,
8189,401001223,ROMANO CANAVESE,TO,,H511,10090
8190,405024086,ROMANO D'EZZELINO,VI,,H512,36060
8191,403016183,ROMANO DI LOMBARDIA,BG,,H509,24058
8192,406031573,ROMANS,GO,,,
8193,406031015,ROMANS D'ISONZO,GO,,H514,34076
8194,404022609,ROMARZOLLO,TN,,,
8195,418079555,ROMBIOLO,CZ,,H516,89841
8196,418102031,ROMBIOLO,VV,,H516,89841
8197,404022155,ROMENO,TN,,H517,38010
8198,401003131,ROMENTINO,NO,,H518,28068
8199,419083076,ROMETTA,ME,,H519,98043
8200,403019597,ROMPREZZAGNO,CR,,,
8201,403013199,RONAGO,CO,,H521,22027
8202,405023063,RONCA',VR,,,
8203,403019598,RONCA DE' GOLFERANI,CR,,,
8204,405026069,RONCADE,TV,,H523,31056
8205,403017165,RONCADELLE,BS,,H525,25030
8206,403019599,RONCADELLO D'ADDA,CR,,,
8207,403018129,RONCARO,PV,,H527,27010
8208,404022156,RONCEGNO,TN,,,
8209,403108055,RONCELLO,MB,,H529,20877
8210,403015186,RONCELLO,MI,,H529,20877
8211,403015649,RONCHETTO,MI,,,
8212,406031016,RONCHI DEI LEGIONARI,GO,,H531,34077
8213,404022679,RONCHI DI ALA,TN,,,
8214,404022157,RONCHI VALSUGANA,TN,,H532,38050
8215,406030097,RONCHIS,UD,,H533,33050
8216,412056045,RONCIGLIONE,VT,,H534,01037
8217,405023064,RONCO ALL'ADIGE,VR,,H540,37055
8218,401096053,RONCO BIELLESE,BI,,H538,13845
8219,401002579,RONCO BIELLESE,VC,,H538,13845
8220,403015187,RONCO BRIANTINO,MI,,H537,20885
8221,403108038,RONCO BRIANTINO,MB,,H537,20885
8222,401001224,RONCO CANAVESE,TO,,H539,10080
8223,407010049,RONCO SCRIVIA,GE,,H536,16019
8224,403016184,RONCOBELLO,BG,,H535,24010
8225,403020052,RONCOFERRARO,MN,,H541,46037
8226,408040037,RONCOFREDDO,FO,,H542,47020
8227,408140037,RONCOFREDDO,FC,,H542,47020
8228,404022610,RONCOGNO,TN,,,
8229,403016185,RONCOLA,BG,,H544,24030
8230,404022158,RONCONE,TN,,H545,38087
8231,407010050,RONDANINA,GE,,H546,16025
8232,401001225,RONDISSONE,TO,,H547,10030
8233,403013629,RONGIO,CO,,,
8234,401002118,RONSECCO,VC,,H549,13036
8235,406031574,RONZINA,GO,,,
8236,404022611,RONZO,TN,,,
8237,404022135,RONZO-CHIENIS,TN,,M303,38060
8238,404022159,RONZONE,TN,,H552,38010
8239,401002580,ROPPOLO,VC,,H553,13883
8240,401096054,ROPPOLO,BI,,H553,13883
8241,401001226,RORA',TO,,,
8242,401001227,RORETO CHISONE,TO,,,
8243,405024087,ROSA',VI,,,
8244,418080514,ROSALI,RC,,,
8245,418080069,ROSARNO,RC,,H558,89025
8246,403018130,ROSASCO,PV,,H559,27030
8247,403015188,ROSATE,MI,,H560,20088
8248,401096055,ROSAZZA,BI,,H561,13815
8249,401002581,ROSAZZA,VC,,H561,13815
8250,413068035,ROSCIANO,PE,,H562,65020
8251,403016559,ROSCIATE,BG,,,
8252,415065111,ROSCIGNO,SA,,H564,84020
8253,418078106,ROSE,CS,,H565,87040
8254,413069078,ROSELLO,CH,,H566,66040
8255,403015650,ROSERIO,MI,,,
8256,418078107,ROSETO CAPO SPULICO,CS,,H572,87070
8257,413067037,ROSETO DEGLI ABRUZZI,TE,,F585,64026
8258,416071044,ROSETO VALFORTORE,FG,,H568,71039
8259,409049017,ROSIGNANO MARITTIMO,LI,,H570,57016
8260,401006149,ROSIGNANO MONFERRATO,AL,,H569,15030
8261,401006526,ROSINGO,AL,,,
8262,405029040,ROSOLINA,RO,,H573,45010
8263,419089016,ROSOLINI,SR,,H574,96019
8264,411042040,ROSORA,AN,,H575,60030
8265,411042503,ROSORA MERGO,AN,,,
8266,401002121,ROSSA,VC,,H577,13020
8267,401004197,ROSSANA,CN,,H578,12020
8268,418078108,ROSSANO,CS,,H579,87067
8269,405024088,ROSSANO VENETO,VI,,H580,36028
8270,407010051,ROSSIGLIONE,GE,,H581,16010
8271,403016560,ROSSINO,BG,,,
8272,401001228,ROSTA,TO,,H583,10090
8273,403016561,ROTA DENTRO,BG,,,
8274,403016186,ROTA D'IMAGNA,BG,,H584,24037
8275,403016562,ROTA FUORI,BG,,,
8276,418078109,ROTA GRECA,CS,,H585,87010
8277,411044065,ROTELLA,AP,,H588,63071
8278,414070061,ROTELLO,CB,,H589,86040
8279,417076070,ROTONDA,PZ,,H590,85048
8280,417077023,ROTONDELLA,MT,,H591,75026
8281,415064080,ROTONDI,AV,,H592,83017
8282,408033039,ROTTOFRENO,PC,,H593,29010
8283,405024089,ROTZO,VI,,H594,36010
8284,401001571,ROURE,TO,,H555,10060
8285,403015651,ROVAGNASCO,MI,,,
8286,403097073,ROVAGNATE,LC,,H596,23888
8287,403013730,ROVAGNATE,CO,,H596,23888
8288,401002122,ROVASENDA,VC,,H364,13040
8289,403012578,ROVATE,VA,,,
8290,403017166,ROVATO,BS,,H598,25038
8291,407010052,ROVEGNO,GE,,H599,16028
8292,401003585,ROVEGRO,NO,,,
8293,403013201,ROVELLASCA,CO,,H601,22069
8294,403013202,ROVELLO PORRO,CO,,H602,22070
8295,403013630,ROVENNA,CO,,,
8296,404022612,ROVER CARBONARE,TN,,,
8297,403020053,ROVERBELLA,MN,,H604,46048
8298,405023065,ROVERCHIARA,VR,,H606,37050
8299,404022160,ROVERE' DELLA LUNA,TN,,,
8300,405023067,ROVERE' VERONESE,VR,,,
8301,405023066,ROVEREDO DI GUA',VR,,,
8302,406093036,ROVEREDO IN PIANO,PN,,H609,33080
8303,406030556,ROVEREDO IN PIANO,UD,,H609,33080
8304,404022161,ROVERETO,TN,,H612,38068
8305,403019633,ROVERETO,CR,,H612,38068
8306,408040503,ROVERSANO,FO,,,
8307,403018131,ROVESCALA,PV,,H614,27040
8308,403016187,ROVETTA,BG,,H615,24020
8309,403016563,ROVETTA CON FINO,BG,,,
8310,409048508,ROVEZZANO,FI,,,
8311,412058092,ROVIANO,RM,,H618,00027
8312,450501536,ROVIGNO D'ISTRIA,PL,,,
8313,405029041,ROVIGO,RO,,H620,45100
8314,418078110,ROVITO,CS,,H621,87050
8315,405028071,ROVOLON,PD,,H622,35030
8316,403015189,ROZZANO,MI,,H623,20089
8317,450501537,ROZZO,PL,,,
8318,405028072,RUBANO,PD,,H625,35030
8319,403019600,RUBBIANO,CR,,,
8320,401001229,RUBIANA,TO,,H627,10040
8321,408035036,RUBIERA,RE,,H628,42048
8322,406030098,RUDA,UD,,H629,33050
8323,403017167,RUDIANO,BS,,H630,25030
8324,401001230,RUEGLIO,TO,,H631,10010
8325,416075064,RUFFANO,LE,,H632,73049
8326,401004198,RUFFIA,CN,,H633,12030
8327,404022162,RUFFRE',TN,,,
8328,404022962,RUFFRE'-MENDOLA,TN,,,
8329,409048037,RUFINA,FI,,H635,50068
8330,403015652,RUGINELLO,MI,,,
8331,420092561,RUINAS,CA,,F271,09085
8332,420095044,RUINAS,OR,,F271,09085
8333,403018132,RUINO,PV,,H637,27040
8334,401003586,RUMIANCA,NO,,,
8335,404022163,RUMO,TN,,H639,38020
8336,403012579,RUNO,VA,,,
8337,417076071,RUOTI,PZ,,H641,85056
8338,406032522,RUPINGRANDE,TS,,,
8339,408039016,RUSSI,RA,,H642,48026
8340,416072037,RUTIGLIANO,BA,,H643,70018
8341,415065112,RUTINO,SA,,H644,84070
8342,415061073,RUVIANO,CE,,H165,81010
8343,417076072,RUVO DEL MONTE,PZ,,H646,85020
8344,416072038,RUVO DI PUGLIA,BA,,H645,70037
8345,412059024,SABAUDIA,LT,,H647,04016
8346,401002123,SABBIA,VC,,H648,13020
8347,403016564,SABBIO BERGAMASCO,BG,,,
8348,403017168,SABBIO CHIESE,BS,,H650,25070
8349,403013631,SABBIONCELLO,CO,,,
8350,403020054,SABBIONETA,MN,,H652,46018
8351,406031575,SABLE GRANDE,GO,,,
8352,415065113,SACCO,SA,,H654,84070
8353,404022680,SACCO,TN,,H654,84070
8354,405028073,SACCOLONGO,PD,,H655,35030
8355,403012580,SACCONAGO,VA,,,
8356,406093037,SACILE,PN,,H657,33077
8357,406030557,SACILE,UD,,H657,33077
8358,412058093,SACROFANO,RM,,H658,00060
8359,420091074,SADALI,NU,,H659,08030
8360,406031576,SAGA,GO,,,
8361,420091075,SAGAMA,NU,,H661,08010
8362,403018560,SAGLIANO DI CRENNA,PV,,,
8363,401096056,SAGLIANO MICCA,BI,,H662,13816
8364,401002582,SAGLIANO MICCA,VC,,H662,13816
8365,450500519,SAGORIA,FU,,,
8366,406031017,SAGRADO,GO,,H665,34078
8367,404022164,SAGRON MIS,TN,,H666,38050
8368,405029512,SAGUEDO,RO,,,
8369,403017588,SAIANO,BS,,,
8370,402007058,SAINT-CHRISTOPHE,AO,,H669,11020
8371,402007059,SAINT-DENIS,AO,,H670,11023
8372,402007060,SAINT-MARCEL,AO,,H671,11020
8373,402007061,SAINT-NICOLAS,AO,,H672,11010
8374,402007062,SAINT-OYEN,AO,,H673,11014
8375,402007063,SAINT-PIERRE,AO,,H674,11010
8376,402007064,SAINT-RHEMY,AO,,,
8377,402007964,SAINT-RHEMY-EN-BOSSES,AO,,,
8378,402007065,SAINT-VINCENT,AO,,H676,11027
8379,403013632,SALA AL BARRO,CO,,,
8380,408034031,SALA BAGANZA,PR,,H682,43038
8381,401096057,SALA BIELLESE,BI,,H681,13884
8382,401002583,SALA BIELLESE,VC,,H681,13884
8383,408037050,SALA BOLOGNESE,BO,,H678,40010
8384,403013203,SALA COMACINA,CO,,H679,22010
8385,415065114,SALA CONSILINA,SA,,H683,84036
8386,401006150,SALA MONFERRATO,AL,,H677,15030
8387,401006527,SALABUE,AL,,,
8388,417077024,SALANDRA,MT,,H687,75017
8389,419081017,SALAPARUTA,TP,,H688,91020
8390,405029042,SALARA,RO,,H689,45030
8391,401002126,SALASCO,VC,,H690,13040
8392,401001231,SALASSA,TO,,H691,10080
8393,401001232,SALBERTRAND,TO,,H684,10050
8394,406031577,SALCANO,GO,,,
8395,405024090,SALCEDO,VI,,F810,36040
8396,414070062,SALCITO,CB,,H693,86026
8397,401006151,SALE,AL,,H694,15045
8398,401001557,SALE CANISCHIO,TO,,,
8399,401001558,SALE CASTELNUOVO,TO,,,
8400,401004199,SALE DELLE LANGHE,CN,,H695,12070
8401,403017169,SALE MARASINO,BS,,H699,25057
8402,401004200,SALE SAN GIOVANNI,CN,,H704,12070
8403,401003587,SALECCHIO,NO,,,
8404,419081018,SALEMI,TP,,H700,91018
8405,415065115,SALENTO,SA,,H686,84070
8406,401001233,SALERANO CANAVESE,TO,,H702,10010
8407,403015744,SALERANO SUL LAMBRO,MI,,H701,26857
8408,403098046,SALERANO SUL LAMBRO,LO,,H701,26857
8409,415065116,SALERNO,SA,,H703,84100
8410,405028074,SALETTO,PD,,H705,35046
8411,405026070,SALGAREDA,TV,,H706,31040
8412,401002127,SALI VERCELLESE,VC,,H707,13040
8413,418080515,SALICE CALABRO,RC,,,
8414,416075065,SALICE SALENTINO,LE,,H708,73015
8415,401004201,SALICETO,CN,,H710,12079
8416,419083507,SALINA,ME,,,
8417,412057063,SALISANO,RI,,H713,02040
8418,405023068,SALIZZOLE,VR,,H714,37056
8419,413068036,SALLE,PE,,H715,65020
8420,401004202,SALMOUR,CN,,H716,12040
8421,403017170,SALO',BS,,,
8422,406031578,SALONA D'ISONZO,GO,,,
8423,404021076,SALORNO,BZ,,H719,39040
8424,404021976,SALORNO SULLA STRADA DEL VINO,BZ,,,
8425,408034032,SALSOMAGGIORE TERME,PR,,H720,43039
8426,411141050,SALTARA,PU,,H721,61030
8427,411041050,SALTARA,PS,,H721,61030
8428,401001559,SALTO,TO,,,
8429,403012117,SALTRIO,VA,,H723,21050
8430,408040520,SALUDECIO,FO,,H724,47835
8431,408099015,SALUDECIO,RN,,H724,47835
8432,401002128,SALUGGIA,VC,,H725,13040
8433,401002584,SALUSSOLA,VC,,H726,13885
8434,401096058,SALUSSOLA,BI,,H726,13885
8435,401004203,SALUZZO,CN,,H727,12037
8436,405029513,SALVATERRA,RO,,,
8437,416075066,SALVE,LE,,H729,73050
8438,403019087,SALVIROLA,CR,,H731,26010
8439,415065117,SALVITELLE,SA,,H732,84020
8440,401001234,SALZA DI PINEROLO,TO,,H734,10060
8441,415064081,SALZA IRPINA,AV,,H733,83050
8442,405027032,SALZANO,VE,,H735,30030
8443,403012118,SAMARATE,VA,,H736,21017
8444,406031579,SAMARIA,GO,,,
8445,420092052,SAMASSI,CA,,H738,09030
8446,420092053,SAMATZAI,CA,,H739,09020
8447,406031580,SAMBASSO,GO,,,
8448,418080516,SAMBATELLO,RC,,,
8449,418079504,SAMBIASE,CZ,,,
8450,419084034,SAMBUCA DI SICILIA,AG,,H743,92017
8451,409047018,SAMBUCA PISTOIESE,PT,,H744,51020
8452,412058094,SAMBUCI,RM,,H745,00020
8453,401004204,SAMBUCO,CN,,H746,12010
8454,401004515,SAMBUCO PIETRAPORZIO,CN,,,
8455,401003588,SAMBUGHETTO,NO,,,
8456,416072039,SAMMICHELE DI BARI,BA,,H749,70010
8457,418080070,SAMO,RC,,H013,89030
8458,418080517,SAMO DI CALABRIA,RC,,,
8459,404022613,SAMOCLEVO,TN,,,
8460,403014057,SAMOLACO,SO,,H752,23027
8461,401001235,SAMONE,TO,,H753,10010
8462,404022165,SAMONE,TN,,H753,10010
8463,401004205,SAMPEYRE,CN,,H755,12020
8464,420092562,SAMUGHEO,CA,,H756,09086
8465,420095045,SAMUGHEO,OR,,H756,09086
8466,415064505,SAN BARBATO,AV,,,
8467,403017589,SAN BARTOLOMEO,BS,,,
8468,403013633,SAN BARTOLOMEO AL BOSCO,CO,,,
8469,407008052,SAN BARTOLOMEO AL MARE,IM,,H763,18016
8470,415062057,SAN BARTOLOMEO IN GALDO,BN,,H764,82028
8471,403013204,SAN BARTOLOMEO VAL CAVARGNA,CO,,H760,22010
8472,401003589,SAN BARTOLOMEO VALMARA,NO,,,
8473,418078111,SAN BASILE,CS,,H765,87010
8474,420092054,SAN BASILIO,CA,,H766,09040
8475,403019088,SAN BASSANO,CR,,H767,26020
8476,405029043,SAN BELLINO,RO,,H768,45020
8477,401004206,SAN BENEDETTO BELBO,CN,,H770,12050
8478,413066085,SAN BENEDETTO DEI MARSI,AQ,,H772,67058
8479,411044066,SAN BENEDETTO DEL TRONTO,AP,,H769,63074
8480,413066086,SAN BENEDETTO IN PERILLIS,AQ,,H773,67020
8481,403020055,SAN BENEDETTO PO,MN,,H771,46027
8482,418078112,SAN BENEDETTO ULLANO,CS,,H774,87040
8483,408037051,SAN BENEDETTO VAL DI SAMBRO,BO,,G566,40048
8484,401001236,SAN BENIGNO CANAVESE,TO,,H775,10080
8485,403019601,SAN BERNARDINO,CR,,,
8486,401003673,SAN BERNARDINO VERBANO,NO,,H777,28804
8487,401103061,SAN BERNARDINO VERBANO,VB,,H777,28804
8488,407008053,SAN BIAGIO DELLA CIMA,IM,,H780,18036
8489,405026071,SAN BIAGIO DI CALLALTA,TV,,H781,31048
8490,419084035,SAN BIAGIO PLATANI,AG,,H778,92020
8491,412060061,SAN BIAGIO SARACINISCO,FR,,H779,03040
8492,414070063,SAN BIASE,CB,,H782,86020
8493,405023069,SAN BONIFACIO,VR,,H783,37047
8494,413069079,SAN BUONO,CH,,H784,66050
8495,418079556,SAN CALOGERO,CZ,,H785,89842
8496,418102032,SAN CALOGERO,VV,,H785,89842
8497,404021077,SAN CANDIDO,BZ,,H786,39038
8498,406031018,SAN CANZIAN D'ISONZO,GO,,H787,34075
8499,401001237,SAN CARLO CANAVESE,TO,,H789,10070
8500,401003590,SAN CARLO D'OSSOLA,NO,,,
8501,409052027,SAN CASCIANO DEI BAGNI,SI,,H790,53040
8502,409048038,SAN CASCIANO IN VAL DI PESA,FI,,H791,50026
8503,416075095,SAN CASSIANO,LE,,M264,73020
8504,419085016,SAN CATALDO,CL,,H792,93017
8505,412058119,SAN CESAREO,RM,,M295,00030
8506,416075068,SAN CESARIO DI LECCE,LE,,H793,73016
8507,408036036,SAN CESARIO SUL PANARO,MO,,H794,41018
8508,417076073,SAN CHIRICO NUOVO,PZ,,H795,85010
8509,417076074,SAN CHIRICO RAPARO,PZ,,H796,85030
8510,419082063,SAN CIPIRELLO,PA,,H797,90040
8511,415061074,SAN CIPRIANO D'AVERSA,CE,,H798,81036
8512,415065118,SAN CIPRIANO PICENTINO,SA,,H800,84099
8513,403018133,SAN CIPRIANO PO,PV,,H799,27043
8514,408099016,SAN CLEMENTE,RN,,H801,47832
8515,408040521,SAN CLEMENTE,FO,,H801,47832
8516,403015191,SAN COLOMBANO AL LAMBRO,MI,,H803,20078
8517,401001238,SAN COLOMBANO BELMONTE,TO,,H804,10080
8518,407010053,SAN COLOMBANO CERTENOLI,GE,,H802,16040
8519,419087040,SAN CONO,CT,,H805,95040
8520,418078113,SAN COSMO ALBANESE,CS,,H806,87060
8521,417076075,SAN COSTANTINO ALBANESE,PZ,,H808,85030
8522,418079557,SAN COSTANTINO CALABRO,CZ,,H807,89851
8523,418102033,SAN COSTANTINO CALABRO,VV,,H807,89851
8524,411041051,SAN COSTANZO,PS,,H809,61039
8525,411141051,SAN COSTANZO,PU,,H809,61039
8526,401006152,SAN CRISTOFORO,AL,,H810,15060
8527,403018134,SAN DAMIANO AL COLLE,PV,,H814,27040
8528,401005097,SAN DAMIANO D'ASTI,AT,,H811,14015
8529,403015653,SAN DAMIANO DI MONZA,MI,,,
8530,401004207,SAN DAMIANO MACRA,CN,,H812,12029
8531,406031581,SAN DANIELE DEL CARSO,GO,,,
8532,406030099,SAN DANIELE DEL FRIULI,UD,,H816,33038
8533,403019089,SAN DANIELE PO,CR,,H815,26046
8534,418078114,SAN DEMETRIO CORONE,CS,,H818,87069
8535,413066087,SAN DEMETRIO NE' VESTINI,AQ,,H819,67028
8536,401001239,SAN DIDERO,TO,,H820,10050
8537,405027033,SAN DONA' DI PIAVE,VE,,,
8538,416074013,SAN DONACI,BR,,H822,72025
8539,408034506,SAN DONATO D'ENZA,PR,,,
8540,416075069,SAN DONATO DI LECCE,LE,,H826,73010
8541,418078115,SAN DONATO DI NINEA,CS,,H825,87010
8542,403015192,SAN DONATO MILANESE,MI,,H827,20097
8543,412060062,SAN DONATO VAL DI COMINO,FR,,H824,03046
8544,406032004,SAN DORLIGO DELLA VALLE,TS,,,
8545,403013205,SAN FEDELE INTELVI,CO,,H830,22028
8546,417076076,SAN FELE,PZ,,H831,85020
8547,404021575,SAN FELICE,BZ,,,
8548,415061075,SAN FELICE A CANCELLO,CE,,H834,81027
8549,412059025,SAN FELICE CIRCEO,LT,,H836,04017
8550,403017171,SAN FELICE DEL BENACO,BS,,H838,25010
8551,414070064,SAN FELICE DEL MOLISE,CB,,H833,86030
8552,403017590,SAN FELICE DI SCOVOLO,BS,,,
8553,408036037,SAN FELICE SUL PANARO,MO,,H835,41038
8554,418080097,SAN FERDINANDO,RC,,M277,89026
8555,416110007,SAN FERDINANDO DI PUGLIA,BT,,H839,76017
8556,416071045,SAN FERDINANDO DI PUGLIA,FG,,H839,76017
8557,403013206,SAN FERMO DELLA BATTAGLIA,CO,,H840,22020
8558,418078116,SAN FILI,CS,,H841,87037
8559,419083077,SAN FILIPPO DEL MELA,ME,,H842,98044
8560,405026072,SAN FIOR,TV,,H843,31020
8561,403098047,SAN FIORANO,LO,,H844,26848
8562,403015745,SAN FIORANO,MI,,H844,26848
8563,406031019,SAN FLORIANO DEL COLLIO,GO,,H845,34070
8564,418079108,SAN FLORO,CZ,,H846,88021
8565,401001240,SAN FRANCESCO AL CAMPO,TO,,H847,10070
8566,407010520,SAN FRANCESCO D'ALBARO,GE,,,
8567,419083078,SAN FRATELLO,ME,,H850,98075
8568,407010521,SAN FRUTTUOSO,GE,,,
8569,403016565,SAN GALLO,BG,,,
8570,420092055,SAN GAVINO MONREALE,CA,,H856,09037
8571,410055029,SAN GEMINI,TR,,H857,05029
8572,404021079,SAN GENESIO ATESINO,BZ,,H858,39050
8573,403018135,SAN GENESIO ED UNITI,PV,,H859,27010
8574,415063066,SAN GENNARO VESUVIANO,NA,,H860,80040
8575,401001242,SAN GERMANO CHISONE,TO,,H862,10065
8576,405024092,SAN GERMANO DEI BERICI,VI,,H863,36040
8577,401002131,SAN GERMANO VERCELLESE,VC,,H861,13047
8578,403017172,SAN GERVASIO BRESCIANO,BS,,H865,25020
8579,403016566,SAN GERVASIO D'ADDA,BG,,,
8580,404022614,SAN GIACOMO,TN,,,
8581,404021576,SAN GIACOMO,BZ,,,
8582,414070065,SAN GIACOMO DEGLI SCHIAVONI,CB,,H867,86030
8583,403020056,SAN GIACOMO DELLE SEGNATE,MN,,H870,46020
8584,403014058,SAN GIACOMO FILIPPO,SO,,H868,23020
8585,406032524,SAN GIACOMO IN COLLE,TS,,,
8586,401002035,SAN GIACOMO VERCELLESE,VC,,B952,13030
8587,401001243,SAN GILLIO,TO,,H873,10040
8588,401001560,SAN GILLIO TORINESE,TO,,,
8589,409052028,SAN GIMIGNANO,SI,,H875,53037
8590,411043046,SAN GINESIO,MC,,H876,62026
8591,404021577,SAN GIORGIO,BZ,,,
8592,415063067,SAN GIORGIO A CREMANO,NA,,H892,80046
8593,412060063,SAN GIORGIO A LIRI,FR,,H880,03047
8594,418078118,SAN GIORGIO ALBANESE,CS,,H881,87060
8595,403020957,SAN GIORGIO BIGARELLO,MN,,,
8596,401001244,SAN GIORGIO CANAVESE,TO,,H890,10090
8597,415062058,SAN GIORGIO DEL SANNIO,BN,,H894,82018
8598,406093038,SAN GIORGIO DELLA RICHINVELDA,PN,,H891,33095
8599,406030558,SAN GIORGIO DELLA RICHINVELDA,UD,,H891,33095
8600,405028075,SAN GIORGIO DELLE PERTICHE,PD,,H893,35010
8601,405026503,SAN GIORGIO DI LAGO,TV,,,
8602,403018136,SAN GIORGIO DI LOMELLINA,PV,,H885,27020
8603,403020057,SAN GIORGIO DI MANTOVA,MN,,H883,46030
8604,406030100,SAN GIORGIO DI NOGARO,UD,,H895,33058
8605,411141052,SAN GIORGIO DI PESARO,PU,,H886,61030
8606,411041052,SAN GIORGIO DI PESARO,PS,,H886,61030
8607,408037052,SAN GIORGIO DI PIANO,BO,,H896,40016
8608,405028076,SAN GIORGIO IN BOSCO,PD,,H897,35010
8609,416073024,SAN GIORGIO IONICO,TA,,H882,74027
8610,415062059,SAN GIORGIO LA MOLARA,BN,,H898,82020
8611,417077025,SAN GIORGIO LUCANO,MT,,H888,75027
8612,401006153,SAN GIORGIO MONFERRATO,AL,,H878,15020
8613,418080071,SAN GIORGIO MORGETO,RC,,H889,89017
8614,408033040,SAN GIORGIO PIACENTINO,PC,,H887,29019
8615,401005098,SAN GIORGIO SCARAMPI,AT,,H899,14059
8616,403015194,SAN GIORGIO SU LEGNANO,MI,,H884,20010
8617,401001245,SAN GIORIO DI SUSA,TO,,H900,10050
8618,404021578,SAN GIOVANNI,BZ,,,
8619,415065119,SAN GIOVANNI A PIRO,SA,,H907,84070
8620,415063507,SAN GIOVANNI A TEDUCCIO,NA,,,
8621,406030101,SAN GIOVANNI AL NATISONE,UD,,H906,33048
8622,403013634,SAN GIOVANNI ALLA CASTAGNA,CO,,,
8623,407010522,SAN GIOVANNI BATTISTA,GE,,,
8624,403016188,SAN GIOVANNI BIANCO,BG,,H910,24015
8625,409052029,SAN GIOVANNI D'ASSO,SI,,H911,53020
8626,403020058,SAN GIOVANNI DEL DOSSO,MN,,H912,46020
8627,404022950,SAN GIOVANNI DI FASSA-SEN JAN,TN,,,
8628,419087502,SAN GIOVANNI DI GALERNO,CT,,,
8629,418080072,SAN GIOVANNI DI GERACE,RC,,H903,89040
8630,419084036,SAN GIOVANNI GEMINI,AG,,H914,92020
8631,405023070,SAN GIOVANNI ILARIONE,VR,,H916,37035
8632,403019090,SAN GIOVANNI IN CROCE,CR,,H918,26037
8633,418078119,SAN GIOVANNI IN FIORE,CS,,H919,87055
8634,414070066,SAN GIOVANNI IN GALDO,CB,,H920,86010
8635,408040522,SAN GIOVANNI IN MARIGNANO,FO,,H921,47842
8636,408099017,SAN GIOVANNI IN MARIGNANO,RN,,H921,47842
8637,408037053,SAN GIOVANNI IN PERSICETO,BO,,G467,40017
8638,412060064,SAN GIOVANNI INCARICO,FR,,H917,03028
8639,419087041,SAN GIOVANNI LA PUNTA,CT,,H922,95037
8640,413069080,SAN GIOVANNI LIPIONI,CH,,H923,66050
8641,405023071,SAN GIOVANNI LUPATOTO,VR,,H924,37057
8642,401001561,SAN GIOVANNI PELLICE,TO,,,
8643,412057507,SAN GIOVANNI REATINO,RI,,,
8644,416071046,SAN GIOVANNI ROTONDO,FG,,H926,71013
8645,420092056,SAN GIOVANNI SUERGIU,CA,,G287,09010
8646,413069081,SAN GIOVANNI TEATINO,CH,,D690,66020
8647,409051033,SAN GIOVANNI VALDARNO,AR,,H901,52027
8648,403015654,SAN GIULIANO,MI,,,
8649,414070067,SAN GIULIANO DEL SANNIO,CB,,H928,86010
8650,414070068,SAN GIULIANO DI PUGLIA,CB,,H929,86040
8651,403015195,SAN GIULIANO MILANESE,MI,,H930,20098
8652,409050031,SAN GIULIANO TERME,PI,,A562,56017
8653,401002524,SAN GIUSEPPE DI CASTO,VC,,,
8654,419082064,SAN GIUSEPPE IATO,PA,,,
8655,415063068,SAN GIUSEPPE VESUVIANO,NA,,H931,80047
8656,410054044,SAN GIUSTINO,PG,,H935,06016
8657,401001246,SAN GIUSTO CANAVESE,TO,,H936,10090
8658,409048039,SAN GODENZO,FI,,H937,50060
8659,412058095,SAN GREGORIO DA SASSOLA,RM,,H942,00010
8660,419087042,SAN GREGORIO DI CATANIA,CT,,H940,95027
8661,418102034,SAN GREGORIO D'IPPONA,VV,,H941,89853
8662,418079558,SAN GREGORIO D'IPPONA,CZ,,H941,89853
8663,415065120,SAN GREGORIO MAGNO,SA,,H943,84020
8664,415061076,SAN GREGORIO MATESE,CE,,H939,81010
8665,405025045,SAN GREGORIO NELLE ALPI,BL,,H938,32030
8666,408033503,SAN LAZZARO ALBERONI,PC,,,
8667,408037054,SAN LAZZARO DI SAVENA,BO,,H945,40068
8668,408034507,SAN LAZZARO PARMENSE,PR,,,
8669,407008533,SAN LAZZARO REALE,IM,,,
8670,411141053,SAN LEO,PU,,H949,47865
8671,408099025,SAN LEO,RN,,H949,47865
8672,411041053,SAN LEO,PS,,H949,47865
8673,406030102,SAN LEONARDO,UD,,H951,33040
8674,404021579,SAN LEONARDO,BZ,,H951,33040
8675,404021080,SAN LEONARDO IN PASSIRIA,BZ,,H952,39015
8676,415061508,SAN LEUCIO,CE,,,
8677,415062060,SAN LEUCIO DEL SANNIO,BN,,H953,82010
8678,415062061,SAN LORENZELLO,BN,,H955,82030
8679,418080073,SAN LORENZO,RC,,H959,89069
8680,407008054,SAN LORENZO AL MARE,IM,,H957,18017
8681,403019602,SAN LORENZO AROLDO,CR,,,
8682,418078120,SAN LORENZO BELLIZZI,CS,,H961,87070
8683,403019603,SAN LORENZO DE' PICENARDI,CR,,,
8684,418078121,SAN LORENZO DEL VALLO,CS,,H962,87040
8685,404021081,SAN LORENZO DI SEBATO,BZ,,H956,39030
8686,404022231,SAN LORENZO DORSINO,TN,,,
8687,403019604,SAN LORENZO GUAZZONE,CR,,,
8688,404022166,SAN LORENZO IN BANALE,TN,,H966,38078
8689,411041054,SAN LORENZO IN CAMPO,PS,,H958,61047
8690,411141054,SAN LORENZO IN CAMPO,PU,,H958,61047
8691,406031020,SAN LORENZO ISONTINO,GO,,H964,34070
8692,415062062,SAN LORENZO MAGGIORE,BN,,H967,82034
8693,403019605,SAN LORENZO MONDINARI,CR,,,
8694,412056047,SAN LORENZO NUOVO,VT,,H969,01020
8695,418080074,SAN LUCA,RC,,H970,89030
8696,418078122,SAN LUCIDO,CS,,H971,87038
8697,404022615,SAN LUGANO,TN,,,
8698,415062063,SAN LUPO,BN,,H973,82034
8699,418079110,SAN MANGO D'AQUINO,CZ,,H976,88040
8700,415065121,SAN MANGO PIEMONTE,SA,,H977,84090
8701,415064082,SAN MANGO SUL CALORE,AV,,H975,83050
8702,415061077,SAN MARCELLINO,CE,,H978,81030
8703,411042041,SAN MARCELLO,AN,,H979,60030
8704,409047019,SAN MARCELLO PISTOIESE,PT,,H980,51028
8705,409047024,SAN MARCELLO PITEGLIO,PT,,,
8706,415062508,SAN MARCO A MONTI,BN,,,
8707,418078123,SAN MARCO ARGENTANO,CS,,H981,87018
8708,419083079,SAN MARCO D'ALUNZIO,ME,,H982,98070
8709,415062064,SAN MARCO DEI CAVOTI,BN,,H984,82029
8710,415061104,SAN MARCO EVANGELISTA,CE,,F043,81020
8711,416071047,SAN MARCO IN LAMIS,FG,,H985,71014
8712,416071048,SAN MARCO LA CATOLA,FG,,H986,71030
8713,412056505,SAN MARTINO AL CIMINO,VT,,,
8714,404021580,SAN MARTINO AL MONTE,BZ,,,
8715,406030559,SAN MARTINO AL TAGLIAMENTO,UD,,H999,33098
8716,406093039,SAN MARTINO AL TAGLIAMENTO,PN,,H999,33098
8717,401005099,SAN MARTINO ALFIERI,AT,,H987,14010
8718,405023073,SAN MARTINO BUON ALBERGO,VR,,I003,37036
8719,401001247,SAN MARTINO CANAVESE,TO,,H997,10010
8720,417076077,SAN MARTINO D'AGRI,PZ,,H994,85030
8721,407010523,SAN MARTINO D'ALBARO,GE,,,
8722,403020059,SAN MARTINO DALL'ARGINE,MN,,I005,46010
8723,403016567,SAN MARTINO DE' CALVI,BG,,,
8724,403019091,SAN MARTINO DEL LAGO,CR,,I007,26040
8725,418078124,SAN MARTINO DI FINITA,CS,,H992,87010
8726,405028077,SAN MARTINO DI LUPARI,PD,,I008,35018
8727,401001562,SAN MARTINO DI PERRERO,TO,,,
8728,405029044,SAN MARTINO DI VENEZZE,RO,,H996,45030
8729,404021082,SAN MARTINO IN BADIA,BZ,,H988,39030
8730,403019606,SAN MARTINO IN BELISETO,CR,,,
8731,404021581,SAN MARTINO IN CASIES,BZ,,,
8732,404021083,SAN MARTINO IN PASSIRIA,BZ,,H989,39010
8733,414070069,SAN MARTINO IN PENSILIS,CB,,H990,86046
8734,408035037,SAN MARTINO IN RIO,RE,,I011,42018
8735,403098048,SAN MARTINO IN STRADA,LO,,I012,26817
8736,403015746,SAN MARTINO IN STRADA,MI,,I012,26817
8737,450501538,SAN MARTINO IN VALLE,PL,,,
8738,406031582,SAN MARTINO QUISCA,GO,,,
8739,415062065,SAN MARTINO SANNITA,BN,,I002,82010
8740,403018137,SAN MARTINO SICCOMARIO,PV,,I014,27028
8741,408034508,SAN MARTINO SINZANO,PR,,,
8742,413069082,SAN MARTINO SULLA MARRUCINA,CH,,H991,66010
8743,415064083,SAN MARTINO VALLE CAUDINA,AV,,I016,83018
8744,416073025,SAN MARZANO DI SAN GIUSEPPE,TA,,I018,74020
8745,401005507,SAN MARZANO MOASCA,AT,,,
8746,401005100,SAN MARZANO OLIVETO,AT,,I017,14050
8747,415065122,SAN MARZANO SUL SARNO,SA,,I019,84010
8748,401005508,SAN MARZANOTTO,AT,,,
8749,414070070,SAN MASSIMO,CB,,I023,86027
8750,405023517,SAN MASSIMO ALL'ADIGE,VR,,,
8751,401001248,SAN MAURIZIO CANAVESE,TO,,I024,10077
8752,401003133,SAN MAURIZIO D'OPAGLIO,NO,,I025,28017
8753,419082065,SAN MAURO CASTELVERDE,PA,,I028,90010
8754,415065123,SAN MAURO CILENTO,SA,,I031,84070
8755,405023074,SAN MAURO DI SALINE,VR,,H712,37030
8756,417077026,SAN MAURO FORTE,MT,,I029,75010
8757,415065124,SAN MAURO LA BRUCA,SA,,I032,84070
8758,418079559,SAN MAURO MARCHESATO,CZ,,I026,88831
8759,418101020,SAN MAURO MARCHESATO,KR,,I026,88831
8760,408040041,SAN MAURO PASCOLI,FO,,I027,47030
8761,408140041,SAN MAURO PASCOLI,FC,,I027,47030
8762,401001249,SAN MAURO TORINESE,TO,,I030,10099
8763,405027034,SAN MICHELE AL TAGLIAMENTO,VE,,I040,30028
8764,404022167,SAN MICHELE ALL'ADIGE,TN,,I042,38010
8765,403019607,SAN MICHELE CREMASCO,CR,,,
8766,401005509,SAN MICHELE D'ASTI,AT,,,
8767,405028503,SAN MICHELE DELLE BADESSE,PD,,,
8768,419087043,SAN MICHELE DI GANZARIA,CT,,I035,95040
8769,406032525,SAN MICHELE DI POSTUMIA,TS,,,
8770,415064084,SAN MICHELE DI SERINO,AV,,I034,83020
8771,405023518,SAN MICHELE EXTRA,VR,,,
8772,412056506,SAN MICHELE IN TEVERINA,VT,,,
8773,401004210,SAN MICHELE MONDOVI',CN,,,
8774,401004516,SAN MICHELE PRAZZO,CN,,,
8775,416074014,SAN MICHELE SALENTINO,BR,,I045,72018
8776,409050032,SAN MINIATO,PI,,I046,56028
8777,405024093,SAN NAZARIO,VI,,I047,36020
8778,415062066,SAN NAZZARO,BN,,I049,82018
8779,403017591,SAN NAZZARO MELLA,BS,,,
8780,401003134,SAN NAZZARO SESIA,NO,,I052,28060
8781,403013207,SAN NAZZARO VAL CAVARGNA,CO,,I051,22010
8782,413066508,SAN NICANDRO D'AQUILA,AQ,,,
8783,416071049,SAN NICANDRO GARGANICO,FG,,I054,71015
8784,418078125,SAN NICOLA ARCELLA,CS,,I060,87020
8785,415064085,SAN NICOLA BARONIA,AV,,I061,83050
8786,418079560,SAN NICOLA DA CRISSA,CZ,,I058,89821
8787,418102035,SAN NICOLA DA CRISSA,VV,,I058,89821
8788,418101021,SAN NICOLA DELL'ALTO,KR,,I057,88817
8789,418079561,SAN NICOLA DELL'ALTO,CZ,,I057,88817
8790,415061078,SAN NICOLA LA STRADA,CE,,I056,81020
8791,415062067,SAN NICOLA MANFREDI,BN,,I062,82010
8792,420092563,SAN NICOLO' D'ARCIDANO,CA,,,
8793,420095046,SAN NICOLO' D'ARCIDANO,OR,,,
8794,405025046,SAN NICOLO' DI COMELICO,BL,,,
8795,420092058,SAN NICOLO' GERREI,CA,,,
8796,403015655,SAN NOVO,MI,,,
8797,404021084,SAN PANCRAZIO,BZ,,I065,39010
8798,403012581,SAN PANCRAZIO AL COLLE,VA,,,
8799,408034509,SAN PANCRAZIO PARMENSE,PR,,,
8800,416074015,SAN PANCRAZIO SALENTINO,BR,,I066,72026
8801,420092504,SAN PANTALEO,CA,,,
8802,403017138,SAN PAOLO,BS,,G407,25020
8803,417076020,SAN PAOLO ALBANESE,PZ,,B906,85030
8804,415063069,SAN PAOLO BEL SITO,NA,,I073,80030
8805,401096060,SAN PAOLO CERVO,BI,,I074,13812
8806,401002585,SAN PAOLO CERVO,VC,,I074,13812
8807,403016189,SAN PAOLO D'ARGON,BG,,B310,24060
8808,401005510,SAN PAOLO DELLA VALLE,AT,,,
8809,416071050,SAN PAOLO DI CIVITATE,FG,,I072,71010
8810,411042042,SAN PAOLO DI JESI,AN,,I071,60038
8811,403019608,SAN PAOLO RIPA D'OGLIO,CR,,,
8812,401005101,SAN PAOLO SOLBRITO,AT,,I076,14010
8813,403015656,SAN PEDRINO,MI,,,
8814,406032526,SAN PELAGIO,TS,,,
8815,403016190,SAN PELLEGRINO TERME,BG,,I079,24016
8816,403018561,SAN PERONE,PV,,,
8817,407010524,SAN PIER D'ARENA,GE,,,
8818,406031021,SAN PIER D'ISONZO,GO,,I082,34070
8819,418080519,SAN PIER FEDELE,RC,,,
8820,419083080,SAN PIER NICETO,ME,,I084,98045
8821,409048040,SAN PIERO A SIEVE,FI,,I085,50037
8822,419083081,SAN PIERO PATTI,ME,,I086,98068
8823,404021582,SAN PIETRO,BZ,,,
8824,418079114,SAN PIETRO A MAIDA,CZ,,I093,88025
8825,415063508,SAN PIETRO A PATIERNO,NA,,,
8826,406030103,SAN PIETRO AL NATISONE,UD,,I092,33049
8827,415065125,SAN PIETRO AL TANAGRO,SA,,I089,84030
8828,418079115,SAN PIETRO APOSTOLO,CZ,,I095,88040
8829,414070543,SAN PIETRO AVELLANA,CB,,I096,86088
8830,414094043,SAN PIETRO AVELLANA,IS,,I096,86088
8831,403015657,SAN PIETRO BESTAZZO,MI,,,
8832,419087044,SAN PIETRO CLARENZA,CT,,I098,95030
8833,403015658,SAN PIETRO CUSICO,MI,,,
8834,406032527,SAN PIETRO DEL CARSO,TS,,,
8835,405026506,SAN PIETRO DI BARBOZZA,TV,,,
8836,405025047,SAN PIETRO DI CADORE,BL,,I088,32040
8837,418080075,SAN PIETRO DI CARIDA',RC,,,
8838,405026073,SAN PIETRO DI FELETTO,TV,,I103,31020
8839,406031583,SAN PIETRO DI GORIZIA,GO,,,
8840,401004517,SAN PIETRO DI MONTEROSSO,CN,,,
8841,405023075,SAN PIETRO DI MORUBIO,VR,,I105,37050
8842,403016568,SAN PIETRO D'ORZIO,BG,,,
8843,418078126,SAN PIETRO IN AMANTEA,CS,,I108,87030
8844,405023076,SAN PIETRO IN CARIANO,VR,,I109,37029
8845,408037055,SAN PIETRO IN CASALE,BO,,I110,40018
8846,408033041,SAN PIETRO IN CERRO,PC,,G788,29010
8847,412060502,SAN PIETRO IN CUROLIS,FR,,,
8848,405028078,SAN PIETRO IN GU,PD,,I107,35010
8849,418078127,SAN PIETRO IN GUARANO,CS,,I114,87047
8850,416075071,SAN PIETRO IN LAMA,LE,,I115,73010
8851,415061079,SAN PIETRO INFINE,CE,,I113,81049
8852,415064506,SAN PIETRO IRPINO,AV,,,
8853,401003135,SAN PIETRO MOSEZZO,NO,,I116,28060
8854,405024094,SAN PIETRO MUSSOLINO,VI,,I117,36070
8855,401001250,SAN PIETRO VAL LEMINA,TO,,I090,10060
8856,416074016,SAN PIETRO VERNOTICO,BR,,I119,72027
8857,405028079,SAN PIETRO VIMINARIO,PD,,I120,35020
8858,413066088,SAN PIO DELLE CAMERE,AQ,,I121,67020
8859,412058096,SAN POLO DEI CAVALIERI,RM,,I125,00010
8860,408035038,SAN POLO D'ENZA,RE,,I123,42020
8861,405026074,SAN POLO DI PIAVE,TV,,I124,31020
8862,414070071,SAN POLO MATESE,CB,,I122,86020
8863,401001251,SAN PONSO,TO,,I126,10080
8864,403018562,SAN PONZO SEMOLA,PV,,,
8865,408036038,SAN POSSIDONIO,MO,,I128,41039
8866,415061080,SAN POTITO SANNITICO,CE,,I130,81016
8867,415064086,SAN POTITO ULTRA,AV,,I129,83050
8868,415061081,SAN PRISCO,CE,,I131,81054
8869,418080076,SAN PROCOPIO,RC,,I132,89020
8870,408036039,SAN PROSPERO,MO,,I133,41030
8871,409052030,SAN QUIRICO D'ORCIA,SI,,I135,53027
8872,407010525,SAN QUIRICO IN VAL DI POLCEVERA,GE,,,
8873,406093040,SAN QUIRINO,PN,,I136,33080
8874,406030560,SAN QUIRINO,UD,,I136,33080
8875,401001252,SAN RAFFAELE CIMENA,TO,,I137,10090
8876,418080077,SAN ROBERTO,RC,,I139,89050
8877,403015747,SAN ROCCO AL PORTO,MI,,I140,26865
8878,403098049,SAN ROCCO AL PORTO,LO,,I140,26865
8879,450500520,SAN ROCCO LIGANI,FU,,,
8880,409046027,SAN ROMANO IN GARFAGNANA,LU,,I142,55038
8881,415065126,SAN RUFO,SA,,I143,84030
8882,403019609,SAN SALVATORE,CR,,,
8883,419083082,SAN SALVATORE DI FITALIA,ME,,I147,98070
8884,401006154,SAN SALVATORE MONFERRATO,AL,,I144,15046
8885,415062068,SAN SALVATORE TELESINO,BN,,I145,82030
8886,413069083,SAN SALVO,CH,,I148,66050
8887,403019610,SAN SAVINO,CR,,,
8888,415063070,SAN SEBASTIANO AL VESUVIO,NA,,I151,80040
8889,401006155,SAN SEBASTIANO CURONE,AL,,I150,15056
8890,401001253,SAN SEBASTIANO DA PO,TO,,I152,10020
8891,401001254,SAN SECONDO DI PINEROLO,TO,,I154,10060
8892,408034033,SAN SECONDO PARMENSE,PR,,I153,43017
8893,417076078,SAN SEVERINO LUCANO,PZ,,I157,85030
8894,411043047,SAN SEVERINO MARCHE,MC,,I156,62027
8895,416071051,SAN SEVERO,FG,,I158,71016
8896,404021583,SAN SIGISMONDO,BZ,,,
8897,403019611,SAN SILLO,CR,,,
8898,413069502,SAN SILVESTRO,CH,,,
8899,403013248,SAN SIRO,CO,,I162,22010
8900,403013635,SAN SIRO,CO,,I162,22010
8901,415064087,SAN SOSSIO BARONIA,AV,,I163,83050
8902,418079116,SAN SOSTENE,CZ,,I164,88060
8903,418078128,SAN SOSTI,CS,,I165,87010
8904,420092059,SAN SPERATE,CA,,I166,09026
8905,405027936,SAN STINO DI LIVENZA,VE,,,
8906,415061085,SAN TAMMARO,CE,,I261,81050
8907,419083090,SAN TEODORO,ME,,I328,98030
8908,420091076,SAN TEODORO,NU,,I328,98030
8909,405025049,SAN TOMASO AGORDINO,BL,,I347,32020
8910,404021586,SAN VALENTINO AL BRENNERO,BZ,,,
8911,404021587,SAN VALENTINO ALLA MUTTA,BZ,,,
8912,413068038,SAN VALENTINO IN ABRUZZO CITERIORE,PE,,I376,65020
8913,415065132,SAN VALENTINO TORIO,SA,,I377,84010
8914,403018566,SAN VARESE,PV,,,
8915,410055030,SAN VENANZO,TR,,I381,05010
8916,405026076,SAN VENDEMIANO,TV,,I382,31020
8917,420092564,SAN VERO CONGIUS,CA,,,
8918,420095508,SAN VERO CONGIUS,OR,,,
8919,420095050,SAN VERO MILIS,OR,,I384,09070
8920,420092565,SAN VERO MILIS,CA,,I384,09070
8921,403017595,SAN VIGILIO,BS,,,
8922,409049018,SAN VINCENZO,LI,,I390,57027
8923,414070502,SAN VINCENZO A VOLTURNO,CB,,,
8924,418078135,SAN VINCENZO LA COSTA,CS,,I388,87030
8925,413066092,SAN VINCENZO VALLE ROVETO,AQ,,I389,67050
8926,415063075,SAN VITALIANO,NA,,I391,80030
8927,420092064,SAN VITO,CA,,I402,09040
8928,406030561,SAN VITO AL TAGLIAMENTO,UD,,I403,33078
8929,406093041,SAN VITO AL TAGLIAMENTO,PN,,I403,33078
8930,406030105,SAN VITO AL TORRE,UD,,I404,33050
8931,413069086,SAN VITO CHIETINO,CH,,I394,66038
8932,416074017,SAN VITO DEI NORMANNI,BR,,I396,72019
8933,405025051,SAN VITO DI CADORE,BL,,I392,32046
8934,406030106,SAN VITO DI FAGAGNA,UD,,I405,33030
8935,405024096,SAN VITO DI LEGUZZANO,VI,,I401,36030
8936,406031588,SAN VITO DI VIPACCO,GO,,,
8937,403015662,SAN VITO E MARTA,MI,,,
8938,403019613,SAN VITO E MODESTO,CR,,,
8939,410055512,SAN VITO IN MONTE,TR,,,
8940,419081020,SAN VITO LO CAPO,TP,,I407,91010
8941,412058100,SAN VITO ROMANO,RM,,I400,00030
8942,411041521,SAN VITO SUL CESANO,PS,,,
8943,418079122,SAN VITO SULLO IONIO,CZ,,I393,88067
8944,412060070,SAN VITTORE DEL LAZIO,FR,,I408,03040
8945,403015201,SAN VITTORE OLONA,MI,,I409,20028
8946,405023079,SAN ZENO DI MONTAGNA,VR,,I414,37010
8947,403018567,SAN ZENO E FOPPA,PV,,,
8948,403017173,SAN ZENO NAVIGLIO,BS,,I412,25010
8949,403015202,SAN ZENONE AL LAMBRO,MI,,I415,20070
8950,403018145,SAN ZENONE AL PO,PV,,I416,27010
8951,405026077,SAN ZENONE DEGLI EZZELINI,TV,,I417,31020
8952,416075067,SANARICA,LE,,H757,73030
8953,401096059,SANDIGLIANO,BI,,H821,13876
8954,401002586,SANDIGLIANO,VC,,H821,13876
8955,405024091,SANDRIGO,VI,,H829,36066
8956,401004208,SANFRE',CN,,,
8957,401004209,SANFRONT,CN,,H852,12030
8958,401001241,SANGANO,TO,,H855,10090
8959,403012141,SANGIANO,VA,,H872,21038
8960,418078117,SANGINETO,CS,,H877,87020
8961,405023072,SANGUINETTO,VR,,H944,37058
8962,420092057,SANLURI,CA,,H974,09025
8963,403018138,SANNAZZARO DE' BURGONDI,PV,,I048,27039
8964,416072040,SANNICANDRO DI BARI,BA,,I053,70028
8965,416075070,SANNICOLA,LE,,I059,73017
8966,407008055,SANREMO,IM,,I138,18038
8967,409051034,SANSEPOLCRO,AR,,I155,52037
8968,403016191,SANTA BRIGIDA,BG,,I168,24010
8969,418078129,SANTA CATERINA ALBANESE,CS,,I171,87010
8970,418079117,SANTA CATERINA DELLO IONIO,CZ,,I170,88060
8971,405028108,SANTA CATERINA D'ESTE,PD,,,
8972,419085017,SANTA CATERINA VILLARMOSA,CL,,I169,93018
8973,416075072,SANTA CESAREA TERME,LE,,I172,73020
8974,418080078,SANTA CRISTINA D'ASPROMONTE,RC,,I176,89056
8975,403018139,SANTA CRISTINA E BISSONE,PV,,I175,27010
8976,419082066,SANTA CRISTINA GELA,PA,,I174,90030
8977,404021085,SANTA CRISTINA VALGARDENA,BZ,,I173,39047
8978,419088010,SANTA CROCE CAMERINA,RG,,I178,97017
8979,415062069,SANTA CROCE DEL SANNIO,BN,,I179,82020
8980,406031584,SANTA CROCE DI AIDUSSINA,GO,,,
8981,414070072,SANTA CROCE DI MAGLIANO,CB,,I181,86047
8982,409050033,SANTA CROCE SULL'ARNO,PI,,I177,56029
8983,418078130,SANTA DOMENICA TALAO,CS,,I183,87020
8984,419083083,SANTA DOMENICA VITTORIA,ME,,I184,98030
8985,419084037,SANTA ELISABETTA,AG,,I185,92020
8986,409053022,SANTA FIORA,GR,,I187,58037
8987,419082067,SANTA FLAVIA,PA,,I188,90017
8988,403018140,SANTA GIULETTA,PV,,I203,27046
8989,407009525,SANTA GIULIA,SV,,,
8990,420092566,SANTA GIUSTA,CA,,I205,09096
8991,420095047,SANTA GIUSTA,OR,,I205,09096
8992,405025048,SANTA GIUSTINA,BL,,I206,32035
8993,405028080,SANTA GIUSTINA IN COLLE,PD,,I207,35010
8994,409050034,SANTA LUCE,PI,,I217,56040
8995,409050501,SANTA LUCE-ORCIANO,PI,,,
8996,419083086,SANTA LUCIA DEL MELA,ME,,I220,98046
8997,405026075,SANTA LUCIA DI PIAVE,TV,,I221,31025
8998,415064088,SANTA LUCIA DI SERINO,AV,,I219,83020
8999,406031585,SANTA LUCIA D'ISONZO,GO,,,
9000,404021584,SANTA MADDALENA IN CASIES,BZ,,,
9001,404022616,SANTA MARGHERITA,TN,,,
9002,405028081,SANTA MARGHERITA D'ADIGE,PD,,I226,35040
9003,419084038,SANTA MARGHERITA DI BELICE,AG,,I224,92018
9004,403018564,SANTA MARGHERITA DI BOBBIO,PV,,,
9005,403018142,SANTA MARGHERITA DI STAFFORA,PV,,I230,27050
9006,407010054,SANTA MARGHERITA LIGURE,GE,,I225,16038
9007,403018565,SANTA MARGHERITA PO,PV,,,
9008,409050035,SANTA MARIA A MONTE,PI,,I232,56020
9009,415061082,SANTA MARIA A VICO,CE,,I233,81028
9010,415061083,SANTA MARIA CAPUA VETERE,CE,,I234,81055
9011,420090087,SANTA MARIA COGHINAS,SS,,M284,07030
9012,418078132,SANTA MARIA DEL CEDRO,CS,,C717,87020
9013,414094045,SANTA MARIA DEL MOLISE,IS,,I238,86096
9014,414070547,SANTA MARIA DEL MOLISE,CB,,I238,86096
9015,403012582,SANTA MARIA DEL MONTE,VA,,,
9016,411044518,SANTA MARIA DEL TRONTO,AP,,,
9017,403019612,SANTA MARIA DELLA CROCE,CR,,,
9018,403018143,SANTA MARIA DELLA VERSA,PV,,I237,27047
9019,419087047,SANTA MARIA DI LICODIA,CT,,I240,95038
9020,403013636,SANTA MARIA DI ROVAGNATE,CO,,,
9021,405027035,SANTA MARIA DI SALA,VE,,I242,30036
9022,403013731,SANTA MARIA HOE',CO,,,
9023,403097074,SANTA MARIA HOE',LC,,,
9024,413069084,SANTA MARIA IMBARO,CH,,I244,66030
9025,403015660,SANTA MARIA IN PRATO,MI,,,
9026,405023519,SANTA MARIA IN STELLE,VR,,,
9027,415063090,SANTA MARIA LA CARITA',NA,,,
9028,415061084,SANTA MARIA LA FOSSA,CE,,I247,81050
9029,406030104,SANTA MARIA LA LONGA,UD,,I248,33050
9030,401103062,SANTA MARIA MAGGIORE,VB,,I249,28857
9031,401003674,SANTA MARIA MAGGIORE,NO,,I249,28857
9032,401003592,SANTA MARIA MAGGIORE E CRANA,NO,,,
9033,411042043,SANTA MARIA NUOVA,AN,,I251,60030
9034,403013210,SANTA MARIA REZZONICO,CO,,,
9035,415065127,SANTA MARINA,SA,,I253,84070
9036,419083087,SANTA MARINA SALINA,ME,,I254,98050
9037,412058097,SANTA MARINELLA,RM,,I255,00058
9038,419081019,SANTA NINFA,TP,,I291,91029
9039,415064093,SANTA PAOLINA,AV,,I301,83030
9040,418101022,SANTA SEVERINA,KR,,I308,88832
9041,418079563,SANTA SEVERINA,CZ,,I308,88832
9042,408140043,SANTA SOFIA,FC,,I310,47018
9043,408040043,SANTA SOFIA,FO,,I310,47018
9044,418078133,SANTA SOFIA D'EPIRO,CS,,I309,87048
9045,419083089,SANTA TERESA DI RIVA,ME,,I311,98028
9046,420090063,SANTA TERESA GALLURA,SS,,I312,07028
9047,403013637,SANTA VALERIA,CO,,,
9048,419087048,SANTA VENERINA,CT,,I314,95010
9049,401004212,SANTA VITTORIA D'ALBA,CN,,I316,12069
9050,411044067,SANTA VITTORIA IN MATENANO,AP,,I315,63854
9051,411109036,SANTA VITTORIA IN MATENANO,FM,,I315,63854
9052,403013208,SANT'ABBONDIO,CO,,,
9053,420092060,SANTADI,CA,,I182,09010
9054,414070544,SANT'AGAPITO,CB,,I189,86070
9055,414094044,SANT'AGAPITO,IS,,I189,86070
9056,408037056,SANT'AGATA BOLOGNESE,BO,,I191,40019
9057,415062070,SANT'AGATA DE' GOTI,BN,,I197,82019
9058,418080079,SANT'AGATA DEL BIANCO,RC,,I198,89030
9059,418078131,SANT'AGATA DI ESARO,CS,,I192,87010
9060,419083084,SANT'AGATA DI MILITELLO,ME,,I199,98076
9061,416071052,SANT'AGATA DI PUGLIA,FG,,I193,71028
9062,411141055,SANT'AGATA FELTRIA,PU,,I201,47866
9063,408099026,SANT'AGATA FELTRIA,RN,,I201,47866
9064,411041055,SANT'AGATA FELTRIA,PS,,I201,47866
9065,401006156,SANT'AGATA FOSSILI,AL,,I190,15050
9066,415064507,SANT'AGATA IRPINA,AV,,,
9067,419087045,SANT'AGATA LI BATTIATI,CT,,I202,95030
9068,403015659,SANT'AGATA MARTESANA,MI,,,
9069,401003591,SANT'AGATA SOPRA CANNOBIO,NO,,,
9070,408039017,SANT'AGATA SUL SANTERNO,RA,,I196,48020
9071,415063071,SANT'AGNELLO,NA,,I208,80065
9072,408038021,SANT'AGOSTINO,FE,,I209,44047
9073,403018563,SANT'ALBANO DI BOBBIO,PV,,,
9074,401004211,SANT'ALBANO STURA,CN,,I210,12040
9075,403017593,SANT'ALESSANDRO,BS,,,
9076,403018141,SANT'ALESSIO CON VIALONE,PV,,I213,27016
9077,418080080,SANT'ALESSIO IN ASPROMONTE,RC,,I214,89050
9078,419083085,SANT'ALESSIO SICULO,ME,,I215,98030
9079,419087046,SANT'ALFIO,CT,,I216,95010
9080,401001255,SANT'AMBROGIO DI TORINO,TO,,I258,10057
9081,405023077,SANT'AMBROGIO DI VALPOLICELLA,VR,,I259,37015
9082,412060065,SANT'AMBROGIO SUL GARIGLIANO,FR,,I256,03040
9083,403012583,SANT'AMBROGIO-OLONA,VA,,,
9084,415063072,SANT'ANASTASIA,NA,,I262,80048
9085,410054045,SANT'ANATOLIA DI NARCO,PG,,I263,06040
9086,418079118,SANT'ANDREA APOSTOLO DELLO IONIO,CZ,,I266,88060
9087,412060066,SANT'ANDREA DEL GARIGLIANO,FR,,I265,03040
9088,405026501,SANT'ANDREA DI CAVASAGRA,TV,,,
9089,415064089,SANT'ANDREA DI CONZA,AV,,I264,83053
9090,406031586,SANT'ANDREA DI GORIZIA,GO,,,
9091,411041520,SANT'ANDREA DI SUASA,PS,,,
9092,412060503,SANT'ANDREA DI VALLEFREDDA,FR,,,
9093,420092061,SANT'ANDREA FRIUS,CA,,I271,09040
9094,404021585,SANT'ANDREA IN MONTE,BZ,,,
9095,415062071,SANT'ANGELO A CUPOLO,BN,,I277,82010
9096,415065128,SANT'ANGELO A FASANELLA,SA,,I278,84027
9097,415064091,SANT'ANGELO A SCALA,AV,,I280,83010
9098,415064090,SANT'ANGELO ALL'ESCA,AV,,I279,83050
9099,415061086,SANT'ANGELO D'ALIFE,CE,,I273,81017
9100,415064092,SANT'ANGELO DEI LOMBARDI,AV,,I281,83054
9101,414094046,SANT'ANGELO DEL PESCO,IS,,I282,86080
9102,414070545,SANT'ANGELO DEL PESCO,CB,,I282,86080
9103,419083088,SANT'ANGELO DI BROLO,ME,,I283,98060
9104,405028082,SANT'ANGELO DI PIOVE DI SACCO,PD,,I275,35020
9105,411041056,SANT'ANGELO IN LIZZOLA,PS,,I285,61020
9106,411141056,SANT'ANGELO IN LIZZOLA,PU,,I285,61020
9107,411043048,SANT'ANGELO IN PONTANO,MC,,I286,62020
9108,411141057,SANT'ANGELO IN VADO,PU,,I287,61048
9109,411041057,SANT'ANGELO IN VADO,PS,,I287,61048
9110,417076079,SANT'ANGELO LE FRATTE,PZ,,I288,85050
9111,414070073,SANT'ANGELO LIMOSANO,CB,,I289,86020
9112,403098050,SANT'ANGELO LODIGIANO,LO,,I274,26866
9113,403015748,SANT'ANGELO LODIGIANO,MI,,I274,26866
9114,403018144,SANT'ANGELO LOMELLINA,PV,,I276,27030
9115,419084039,SANT'ANGELO MUXARO,AG,,I290,92020
9116,412058098,SANT'ANGELO ROMANO,RM,,I284,00010
9117,420092062,SANT'ANNA ARRESI,CA,,M209,09010
9118,405023078,SANT'ANNA D'ALFAEDO,VR,,I292,37020
9119,415063073,SANT'ANTIMO,NA,,I293,80029
9120,420092063,SANT'ANTIOCO,CA,,I294,09017
9121,401001256,SANT'ANTONINO DI SUSA,TO,,I296,10050
9122,403015661,SANT'ANTONINO TICINO,MI,,,
9123,408033504,SANT'ANTONIO A TREBBIA,PC,,,
9124,415063074,SANT'ANTONIO ABATE,NA,,I300,80057
9125,403016569,SANT'ANTONIO D'ADDA,BG,,,
9126,420090085,SANT'ANTONIO DI GALLURA,SS,,M276,07030
9127,412060067,SANT'APOLLINARE,FR,,I302,03048
9128,405029514,SANT'APOLLINARE CON SELVA,RO,,,
9129,417076080,SANT'ARCANGELO,PZ,,I305,85037
9130,408099018,SANTARCANGELO DI ROMAGNA,RN,,I304,47822
9131,408040523,SANTARCANGELO DI ROMAGNA,FO,,I304,47822
9132,415062078,SANT'ARCANGELO TRIMONTE,BN,,F557,82021
9133,415061087,SANT'ARPINO,CE,,I306,81030
9134,415065129,SANT'ARSENIO,SA,,I307,84037
9135,413066089,SANTE MARIE,AQ,,I326,67067
9136,413067038,SANT'EGIDIO ALLA VIBRATA,TE,,I318,64016
9137,415065130,SANT'EGIDIO DEL MONTE ALBINO,SA,,I317,84010
9138,405028083,SANT'ELENA,PD,,I319,35040
9139,414094047,SANT'ELENA SANNITA,IS,,B466,86095
9140,414070546,SANT'ELENA SANNITA,CB,,B466,86095
9141,414070074,SANT'ELIA A PIANISI,CB,,I320,86048
9142,412060068,SANT'ELIA FIUMERAPIDO,FR,,I321,03049
9143,412057508,SANT'ELIA REATINO,RI,,,
9144,411109037,SANT'ELPIDIO A MARE,FM,,I324,63811
9145,411044068,SANT'ELPIDIO A MARE,AP,,I324,63811
9146,411044519,SANT'ELPIDIO MORICO,AP,,,
9147,401001257,SANTENA,TO,,I327,10026
9148,416072041,SANTERAMO IN COLLE,BA,,I330,70029
9149,415063509,SANT'ERASMO,NA,,,
9150,413068037,SANT'EUFEMIA A MAIELLA,PE,,I332,65020
9151,418080081,SANT'EUFEMIA D'ASPROMONTE,RC,,I333,89027
9152,403017592,SANT'EUFEMIA DELLA FONTE,BS,,,
9153,418079505,SANT'EUFEMIA LAMEZIA,CZ,,,
9154,413069085,SANT'EUSANIO DEL SANGRO,CH,,I335,66037
9155,413066090,SANT'EUSANIO FORCONESE,AQ,,I336,67020
9156,401002133,SANTHIA',VC,,,
9157,412059026,SANTI COSMA E DAMIANO,LT,,I339,04020
9158,403017594,SANTICOLO,BS,,,
9159,418080082,SANT'ILARIO DELLO IONIO,RC,,I341,89040
9160,408035039,SANT'ILARIO D'ENZA,RE,,I342,42049
9161,407010526,SANT'ILARIO LIGURE,GE,,,
9162,401003593,SANTINO,NO,,,
9163,411141058,SANT'IPPOLITO,PU,,I344,61040
9164,411041058,SANT'IPPOLITO,PS,,I344,61040
9165,406031587,SANTO SPIRITO DELLA BAINSIZZA,GO,,,
9166,407008056,SANTO STEFANO AL MARE,IM,,I365,18010
9167,407008534,SANTO STEFANO AL MARE CON CASTELLAR,IM,,,
9168,401004213,SANTO STEFANO BELBO,CN,,I367,12058
9169,407010056,SANTO STEFANO D'AVETO,GE,,I368,16049
9170,403016570,SANTO STEFANO DEL MONTE DEGLI ANGELI,BG,,,
9171,415064095,SANTO STEFANO DEL SOLE,AV,,I357,83050
9172,419083508,SANTO STEFANO DI BRIGA,ME,,,
9173,405025050,SANTO STEFANO DI CADORE,BL,,C919,32045
9174,419083091,SANTO STEFANO DI CAMASTRA,ME,,I370,98077
9175,407011026,SANTO STEFANO DI MAGRA,SP,,I363,19037
9176,418078134,SANTO STEFANO DI ROGLIANO,CS,,I359,87056
9177,413066091,SANTO STEFANO DI SESSANIO,AQ,,I360,67020
9178,418080083,SANTO STEFANO IN ASPROMONTE,RC,,I371,89057
9179,403015749,SANTO STEFANO LODIGIANO,MI,,I362,26849
9180,403098051,SANTO STEFANO LODIGIANO,LO,,I362,26849
9181,419084040,SANTO STEFANO QUISQUINA,AG,,I356,92020
9182,401004214,SANTO STEFANO ROERO,CN,,I372,12040
9183,403015200,SANTO STEFANO TICINO,MI,,I361,20010
9184,405027036,SANTO STINO DI LIVENZA,VE,,I373,30029
9185,407010055,SANT'OLCESE,GE,,I346,16010
9186,415065131,SANTOMENNA,SA,,I260,84020
9187,413067039,SANT'OMERO,TE,,I348,64027
9188,403016192,SANT'OMOBONO IMAGNA,BG,,,
9189,403016992,SANT'OMOBONO TERME,BG,,I349,24038
9190,418102036,SANT'ONOFRIO,VV,,I350,89843
9191,418079562,SANT'ONOFRIO,CZ,,I350,89843
9192,412060069,SANTOPADRE,FR,,I351,03030
9193,412058099,SANT'ORESTE,RM,,I352,00060
9194,405024095,SANTORSO,VI,,I353,36014
9195,404022168,SANT'ORSOLA TERME,TN,,I354,38050
9196,420092567,SANTU LUSSURGIU,CA,,I374,09075
9197,420095049,SANTU LUSSURGIU,OR,,I374,09075
9198,405028084,SANT'URBANO,PD,,I375,35040
9199,450501539,SANVINCENTI,PL,,,
9200,415065133,SANZA,SA,,I410,84030
9201,404022169,SANZENO,TN,,I411,38010
9202,405028085,SAONARA,PD,,I418,35020
9203,404022617,SAONE,TN,,,
9204,419083092,SAPONARA,ME,,I420,98047
9205,405030189,SAPPADA,UD,,I421,32047
9206,405025052,SAPPADA,BL,,I421,32047
9207,415065134,SAPRI,SA,,I422,84073
9208,418078136,SARACENA,CS,,I423,87010
9209,412058101,SARACINESCO,RM,,I424,00020
9210,405024097,SARCEDO,VI,,I425,36030
9211,417076081,SARCONI,PZ,,I426,85050
9212,404022618,SARDAGNA,TN,,,
9213,420092065,SARDARA,CA,,I428,09030
9214,401006157,SARDIGLIANO,AL,,I429,15060
9215,405024098,SAREGO,VI,,I430,36040
9216,404021086,SARENTINO,BZ,,I431,39058
9217,401006158,SAREZZANO,AL,,I432,15050
9218,403017174,SAREZZO,BS,,I433,25068
9219,408033042,SARMATO,PC,,I434,29010
9220,405026078,SARMEDE,TV,,I435,31026
9221,411043049,SARNANO,MC,,I436,62028
9222,403016193,SARNICO,BG,,I437,24067
9223,415065135,SARNO,SA,,I438,84087
9224,404022170,SARNONICO,TN,,I439,38011
9225,407008535,SAROLA,IM,,,
9226,403012119,SARONNO,VA,,I441,21047
9227,402007066,SARRE,AO,,I442,11010
9228,420092066,SARROCH,CA,,I443,09018
9229,408040044,SARSINA,FO,,I444,47027
9230,408140044,SARSINA,FC,,I444,47027
9231,409052031,SARTEANO,SI,,I445,53047
9232,403013638,SARTIRANA BRIANTEA,CO,,,
9233,403018146,SARTIRANA LOMELLINA,PV,,I447,27020
9234,420091077,SARULE,NU,,I448,08020
9235,407011027,SARZANA,SP,,I449,19038
9236,413066509,SASSA,AQ,,,
9237,415065136,SASSANO,SA,,I451,84038
9238,420090064,SASSARI,SS,,I452,07100
9239,407009055,SASSELLO,SV,,I453,17046
9240,409049019,SASSETTA,LI,,I454,57020
9241,415062072,SASSINORO,BN,,I455,82026
9242,404022619,SASSO,TN,,,
9243,407008536,SASSO DI BORDIGHERA,IM,,,
9244,417076082,SASSO DI CASTALDA,PZ,,I457,85050
9245,408037057,SASSO MARCONI,BO,,G972,40037
9246,411041059,SASSOCORVARO,PS,,I459,61028
9247,411141059,SASSOCORVARO,PU,,I459,61028
9248,411041071,SASSOCORVARO AUDITORE,PS,,,
9249,411141071,SASSOCORVARO AUDITORE,PU,,,
9250,411141060,SASSOFELTRIO,PU,,I460,61013
9251,411099031,SASSOFELTRIO,RN,,I460,61013
9252,411041060,SASSOFELTRIO,PS,,I460,61013
9253,411042044,SASSOFERRATO,AN,,I461,60041
9254,408036040,SASSUOLO,MO,,I462,41049
9255,418079123,SATRIANO,CZ,,I463,88060
9256,417076083,SATRIANO DI LUCANIA,PZ,,G614,85050
9257,406030107,SAURIS,UD,,I464,33020
9258,401001258,SAUZE DI CESANA,TO,,I465,10054
9259,401001259,SAUZE D'OULX,TO,,I466,10050
9260,416073026,SAVA,TA,,I467,74028
9261,418079564,SAVELLI,CZ,,I468,88825
9262,418101023,SAVELLI,KR,,I468,88825
9263,415063076,SAVIANO,NA,,I469,80039
9264,401004215,SAVIGLIANO,CN,,I470,12038
9265,404022681,SAVIGNANO,TN,,,
9266,415064096,SAVIGNANO IRPINO,AV,,I471,83030
9267,408036041,SAVIGNANO SUL PANARO,MO,,I473,41056
9268,408040045,SAVIGNANO SUL RUBICONE,FO,,I472,47039
9269,408140045,SAVIGNANO SUL RUBICONE,FC,,I472,47039
9270,408037058,SAVIGNO,BO,,I474,40060
9271,407010057,SAVIGNONE,GE,,I475,16010
9272,403017175,SAVIORE DELL'ADAMELLO,BS,,I476,25040
9273,419083093,SAVOCA,ME,,I477,98038
9274,406030108,SAVOGNA,UD,,I478,33040
9275,406031022,SAVOGNA D'ISONZO,GO,,I479,34070
9276,417076084,SAVOIA DI LUCANIA,PZ,,H730,85050
9277,407009056,SAVONA,SV,,I480,17100
9278,401001563,SAVOULX,TO,,,
9279,413068039,SCAFA,PE,,I482,65027
9280,415065137,SCAFATI,SA,,I483,84018
9281,401004216,SCAGNELLO,CN,,I484,12070
9282,415065138,SCALA,SA,,I486,84010
9283,418078137,SCALA COELI,CS,,I485,87060
9284,403018147,SCALDASOLE,PV,,I487,27020
9285,418078138,SCALEA,CS,,I489,87029
9286,401001260,SCALENGHE,TO,,I490,10060
9287,404021588,SCALERES,BZ,,,
9288,401004518,SCALETTA UZZONE,CN,,,
9289,419083094,SCALETTA ZANCLEA,ME,,I492,98029
9290,415064097,SCAMPITELLA,AV,,I493,83050
9291,418101024,SCANDALE,KR,,I494,88831
9292,418079565,SCANDALE,CZ,,I494,88831
9293,401005102,SCANDELUZZA,AT,,,
9294,408035040,SCANDIANO,RE,,I496,42019
9295,409048041,SCANDICCI,FI,,B962,50018
9296,403019092,SCANDOLARA RAVARA,CR,,I497,26040
9297,403019093,SCANDOLARA RIPA D'OGLIO,CR,,I498,26047
9298,412057064,SCANDRIGLIA,RI,,I499,02038
9299,403019614,SCANNABUE,CR,,,
9300,413066093,SCANNO,AQ,,I501,67038
9301,403016571,SCANO AL BREMBO,BG,,,
9302,420095051,SCANO DI MONTIFERRO,OR,,I503,09078
9303,420091504,SCANO DI MONTIFERRO,NU,,I503,09078
9304,409053023,SCANSANO,GR,,I504,58054
9305,417077031,SCANZANO JONICO,MT,,M256,75020
9306,403016572,SCANZO,BG,,,
9307,403016194,SCANZOROSCIATE,BG,,I506,24020
9308,414094048,SCAPOLI,IS,,I507,86070
9309,414070548,SCAPOLI,CB,,I507,86070
9310,403013639,SCARENNA,CO,,,
9311,403013640,SCARIA,CO,,,
9312,409053024,SCARLINO,GR,,I510,58020
9313,401001261,SCARMAGNO,TO,,I511,10010
9314,401004217,SCARNAFIGI,CN,,I512,12030
9315,401004519,SCARNAFIGI-RUFFIA,CN,,,
9316,409048042,SCARPERIA,FI,,I514,50038
9317,409048053,SCARPERIA E SAN PIERO,FI,,,
9318,403017596,SCARPIZZOLO,BS,,,
9319,411041522,SCAVOLINO,PS,,,
9320,404021087,SCENA,BZ,,I519,39017
9321,413069087,SCERNI,CH,,I520,66020
9322,410054513,SCHEGGIA,PG,,,
9323,410054046,SCHEGGIA E PASCELUPO,PG,,I522,06027
9324,410054047,SCHEGGINO,PG,,I523,06040
9325,406031589,SCHERBINA,GO,,,
9326,403012584,SCHIANNO,VA,,,
9327,413069088,SCHIAVI DI ABRUZZO,CH,,I526,66045
9328,405024099,SCHIAVON,VI,,I527,36060
9329,401003594,SCHIERANCO,NO,,,
9330,403013211,SCHIGNANO,CO,,I529,22020
9331,403016195,SCHILPARIO,BG,,I530,24020
9332,405024100,SCHIO,VI,,I531,36015
9333,403020060,SCHIVENOGLIA,MN,,I532,46020
9334,419084041,SCIACCA,AG,,I533,92019
9335,419082068,SCIARA,PA,,I534,90020
9336,404021589,SCIAVES,BZ,,,
9337,419088011,SCICLI,RG,,I535,97018
9338,418080084,SCIDO,RC,,I536,89010
9339,418078139,SCIGLIANO,CS,,D290,87057
9340,418080085,SCILLA,RC,,I537,89058
9341,419082081,SCILLATO,PA,,I538,90020
9342,401001262,SCIOLZE,TO,,I539,10090
9343,415063077,SCISCIANO,NA,,I540,80030
9344,419082069,SCLAFANI BAGNI,PA,,I541,90020
9345,404022620,SCLEMO,TN,,,
9346,406030519,SCODAVACCA,UD,,,
9347,413066094,SCONTRONE,AQ,,I543,67030
9348,401002134,SCOPA,VC,,I544,13027
9349,401002135,SCOPELLO,VC,,I545,13028
9350,413066095,SCOPPITO,AQ,,I546,67019
9351,406032528,SCOPPO,TS,,,
9352,419087049,SCORDIA,CT,,I548,95048
9353,416075073,SCORRANO,LE,,I549,73020
9354,405027037,SCORZE',VE,,,
9355,406031590,SCRILLA,GO,,,
9356,413066096,SCURCOLA MARSICANA,AQ,,I553,67068
9357,404022171,SCURELLE,TN,,I554,38050
9358,401005103,SCURZOLENGO,AT,,I555,14030
9359,407008057,SEBORGA,IM,,I556,18012
9360,406031591,SEBREGLIE,GO,,,
9361,413066097,SECINARO,AQ,,I558,67029
9362,416075074,SECLI',LE,,,
9363,415063510,SECONDIGLIANO,NA,,,
9364,403098052,SECUGNAGO,LO,,I561,26826
9365,403015750,SECUGNAGO,MI,,I561,26826
9366,406030109,SEDEGLIANO,UD,,I562,33039
9367,405025053,SEDICO,BL,,I563,32036
9368,420092568,SEDILO,CA,,I564,09076
9369,420095052,SEDILO,OR,,I564,09076
9370,420090065,SEDINI,SS,,I565,07035
9371,403015204,SEDRIANO,MI,,I566,20018
9372,403016196,SEDRINA,BG,,I567,24010
9373,406031592,SEDULA,GO,,,
9374,411043050,SEFRO,MC,,I569,62025
9375,420092067,SEGARIU,CA,,I570,09040
9376,409053025,SEGGIANO,GR,,I571,58038
9377,403013641,SEGHEBBIA,CO,,,
9378,406030505,SEGNACCO,UD,,,
9379,412058102,SEGNI,RM,,I573,00037
9380,407009526,SEGNO,SV,,,
9381,404022621,SEGNO,TN,,,
9382,404022172,SEGONZANO,TN,,I576,38047
9383,403015205,SEGRATE,MI,,I577,20090
9384,405026079,SEGUSINO,TV,,I578,31040
9385,404022622,SEIO,TN,,,
9386,420092068,SELARGIUS,CA,,I580,09047
9387,412057065,SELCI,RI,,I581,02040
9388,420092069,SELEGAS,CA,,I582,09040
9389,403016573,SELINO,BG,,,
9390,406031593,SELLA DELLE TRINCEE,GO,,,
9391,404022246,SELLA GIUDICARIE,TN,,,
9392,410054048,SELLANO,PG,,I585,06030
9393,403015663,SELLANUOVA,MI,,,
9394,403016574,SELLERE,BG,,,
9395,403017176,SELLERO,BS,,I588,25050
9396,418079126,SELLIA,CZ,,I589,88050
9397,418079127,SELLIA MARINA,CZ,,I590,88050
9398,404021088,SELVA DEI MOLINI,BZ,,I593,39030
9399,405025054,SELVA DI CADORE,BL,,I592,32020
9400,405023080,SELVA DI PROGNO,VR,,I594,37030
9401,404021089,SELVA DI VAL GARDENA,BZ,,I591,39048
9402,405028086,SELVAZZANO DENTRO,PD,,I595,35030
9403,401096061,SELVE MARCONE,BI,,I596,13841
9404,401002587,SELVE MARCONE,VC,,I596,13841
9405,403016197,SELVINO,BG,,I597,24020
9406,420090066,SEMESTENE,SS,,I598,07010
9407,403018148,SEMIANA,PV,,I599,27020
9408,418080086,SEMINARA,RC,,I600,89028
9409,409053028,SEMPRONIANO,GR,,I601,58055
9410,404022250,SEN JAN DI FASSA,TN,,,
9411,403015206,SENAGO,MI,,I602,20030
9412,404021091,SENALES,BZ,,I604,39020
9413,404021118,SENALE-SAN FELICE,BZ,,I603,39010
9414,420092569,SENEGHE,CA,,I605,09070
9415,420095053,SENEGHE,OR,,I605,09070
9416,415064098,SENERCHIA,AV,,I606,83050
9417,403017177,SENIGA,BS,,I607,25020
9418,411042045,SENIGALLIA,AN,,I608,60019
9419,420092570,SENIS,CA,,I609,09080
9420,420095054,SENIS,OR,,I609,09080
9421,417076085,SENISE,PZ,,I610,85038
9422,403013212,SENNA COMASCO,CO,,I611,22070
9423,403015751,SENNA LODIGIANA,MI,,I612,26856
9424,403098053,SENNA LODIGIANA,LO,,I612,26856
9425,420095055,SENNARIOLO,OR,,I613,09078
9426,420091505,SENNARIOLO,NU,,I613,09078
9427,420090067,SENNORI,SS,,I614,07036
9428,420092070,SENORBI',CA,,,
9429,406032529,SENOSECCHIA,TS,,,
9430,404022623,SEO,TN,,,
9431,414070075,SEPINO,CB,,I618,86017
9432,401103063,SEPPIANA,VB,,I619,28843
9433,401003675,SEPPIANA,NO,,I619,28843
9434,403013642,SEPRIO,CO,,,
9435,406093042,SEQUALS,PN,,I621,33090
9436,406030562,SEQUALS,UD,,I621,33090
9437,409046028,SERAVEZZA,LU,,I622,55047
9438,420092505,SERBARIU,CA,,,
9439,420092071,SERDIANA,CA,,I624,09040
9440,403015208,SEREGNO,MI,,I625,20831
9441,403108039,SEREGNO,MB,,I625,20831
9442,405025055,SEREN DEL GRAPPA,BL,,I626,32030
9443,403019094,SERGNANO,CR,,I627,26010
9444,403016198,SERIATE,BG,,I628,24068
9445,403016199,SERINA,BG,,I629,24017
9446,415064099,SERINO,AV,,I630,83028
9447,403017178,SERLE,BS,,I631,25080
9448,403020061,SERMIDE,MN,,I632,46028
9449,403020961,SERMIDE E FELONICA,MN,,,
9450,412059027,SERMONETA,LT,,I634,04013
9451,405026080,SERNAGLIA DELLA BATTAGLIA,TV,,I635,31020
9452,403014059,SERNIO,SO,,I636,23030
9453,401005104,SEROLE,AT,,I637,14050
9454,406031594,SERPENIZZA,GO,,,
9455,418078140,SERRA D'AIELLO,CS,,I642,87030
9456,411042046,SERRA DE' CONTI,AN,,I643,60030
9457,418078141,SERRA PEDACE,CS,,I650,87050
9458,407010058,SERRA RICCO',GE,,,
9459,418079566,SERRA SAN BRUNO,CZ,,I639,89822
9460,418102037,SERRA SAN BRUNO,VV,,I639,89822
9461,411042047,SERRA SAN QUIRICO,AN,,I653,60048
9462,411041061,SERRA SANT'ABBONDIO,PS,,I654,61040
9463,411141061,SERRA SANT'ABBONDIO,PU,,I654,61040
9464,416071053,SERRACAPRIOLA,FG,,I641,71010
9465,419085018,SERRADIFALCO,CL,,I644,93010
9466,401004218,SERRALUNGA D'ALBA,CN,,I646,12050
9467,401006159,SERRALUNGA DI CREA,AL,,I645,15020
9468,420092072,SERRAMANNA,CA,,I647,09038
9469,408036042,SERRAMAZZONI,MO,,F357,41028
9470,415065139,SERRAMEZZANA,SA,,I648,84070
9471,413068040,SERRAMONACESCA,PE,,I649,65025
9472,411043051,SERRAPETRONA,MC,,I651,62020
9473,415063078,SERRARA FONTANA,NA,,I652,80070
9474,418079129,SERRASTRETTA,CZ,,I655,88040
9475,418080087,SERRATA,RC,,I656,89020
9476,405026507,SERRAVALLE,TV,,,
9477,403020062,SERRAVALLE A PO,MN,,I662,46030
9478,404022624,SERRAVALLE ALL'ADIGE,TN,,,
9479,401005511,SERRAVALLE D'ASTI,AT,,,
9480,411043052,SERRAVALLE DI CHIENTI,MC,,I661,62038
9481,401004219,SERRAVALLE LANGHE,CN,,I659,12050
9482,409047020,SERRAVALLE PISTOIESE,PT,,I660,51030
9483,401006160,SERRAVALLE SCRIVIA,AL,,I657,15069
9484,401002137,SERRAVALLE SESIA,VC,,I663,13037
9485,415065140,SERRE,SA,,I666,84028
9486,420092073,SERRENTI,CA,,I667,09027
9487,420091080,SERRI,NU,,I668,08030
9488,420092120,SERRI,CA,,I668,08030
9489,412060071,SERRONE,FR,,I669,03010
9490,411141062,SERRUNGARINA,PU,,I670,61030
9491,411041062,SERRUNGARINA,PS,,I670,61030
9492,418079130,SERSALE,CZ,,I671,88054
9493,404022625,SERSO,TN,,,
9494,411044069,SERVIGLIANO,AP,,C070,63839
9495,411109038,SERVIGLIANO,FM,,C070,63839
9496,406032530,SESANA,TS,,,
9497,403012585,SESONA,VA,,,
9498,415061088,SESSA AURUNCA,CE,,I676,81037
9499,415065141,SESSA CILENTO,SA,,I677,84074
9500,401005105,SESSAME,AT,,I678,14058
9501,414094049,SESSANO DEL MOLISE,IS,,I679,86097
9502,414070549,SESSANO DEL MOLISE,CB,,I679,86097
9503,401005512,SESSANT,AT,,,
9504,407011028,SESTA GODANO,SP,,E070,19020
9505,409051035,SESTINO,AR,,I681,52038
9506,404021092,SESTO,BZ,,I687,39030
9507,406093043,SESTO AL REGHENA,PN,,I686,33079
9508,406030563,SESTO AL REGHENA,UD,,I686,33079
9509,403012120,SESTO CALENDE,VA,,I688,21018
9510,414070550,SESTO CAMPANO,CB,,I682,86078
9511,414094050,SESTO CAMPANO,IS,,I682,86078
9512,403019095,SESTO ED UNITI,CR,,I683,26028
9513,409048043,SESTO FIORENTINO,FI,,I684,50019
9514,403015664,SESTO PERGOLA,MI,,,
9515,403015209,SESTO SAN GIOVANNI,MI,,I690,20099
9516,403015665,SESTO ULTERIANO,MI,,,
9517,408036043,SESTOLA,MO,,I689,41029
9518,407010059,SESTRI LEVANTE,GE,,I693,16039
9519,401001263,SESTRIERE,TO,,I692,10058
9520,420092074,SESTU,CA,,I695,09028
9521,403015210,SETTALA,MI,,I696,20090
9522,412060072,SETTEFRATI,FR,,I697,03040
9523,405025075,SETTEVILLE,BL,,,
9524,401005106,SETTIME,AT,,I698,14020
9525,403015211,SETTIMO MILANESE,MI,,I700,20019
9526,401001264,SETTIMO ROTTARO,TO,,I701,10010
9527,420092075,SETTIMO SAN PIETRO,CA,,I699,09040
9528,401001265,SETTIMO TORINESE,TO,,I703,10036
9529,401001266,SETTIMO VITTONE,TO,,I702,10010
9530,418079131,SETTINGIANO,CZ,,I704,88040
9531,420092076,SETZU,CA,,I705,09029
9532,420091081,SEUI,NU,,I706,08037
9533,420091082,SEULO,NU,,I707,08030
9534,420092506,SEUNI,CA,,,
9535,403015212,SEVESO,MI,,I709,20822
9536,403108040,SEVESO,MB,,I709,20822
9537,404022626,SEVIGNANO,TN,,,
9538,401006161,SEZZADIO,AL,,I711,15079
9539,412059028,SEZZE,LT,,I712,04018
9540,403016575,SFORZATICA,BG,,,
9541,404022173,SFRUZ,TN,,I714,38010
9542,406032005,SGONICO,TS,,I715,34010
9543,412060073,SGURGOLA,FR,,I716,03010
9544,420092571,SIAMAGGIORE,CA,,I717,09070
9545,420095056,SIAMAGGIORE,OR,,I717,09070
9546,420095057,SIAMANNA,OR,,I718,09080
9547,420092572,SIAMANNA,CA,,I718,09080
9548,420092507,SIAMANNA SIAPICCIA,CA,,,
9549,415065142,SIANO,SA,,I720,84088
9550,420092573,SIAPICCIA,CA,,I721,09080
9551,420095076,SIAPICCIA,OR,,I721,09080
9552,420092508,SICCI SAN BIAGIO,CA,,,
9553,415065143,SICIGNANO DEGLI ALBURNI,SA,,M253,84029
9554,419084042,SICULIANA,AG,,I723,92010
9555,420092077,SIDDI,CA,,I724,09020
9556,418080088,SIDERNO,RC,,I725,89048
9557,409052032,SIENA,SI,,I726,53100
9558,410054049,SIGILLO,PG,,I727,06028
9559,409048044,SIGNA,FI,,I728,50058
9560,404021093,SILANDRO,BZ,,I729,39028
9561,420091083,SILANUS,NU,,I730,08017
9562,405026081,SILEA,TV,,F116,31057
9563,420092574,SILI,CA,,,
9564,420095509,SILI,OR,,,
9565,420090068,SILIGO,SS,,I732,07040
9566,420092078,SILIQUA,CA,,I734,09010
9567,420092079,SILIUS,CA,,I735,09040
9568,409046029,SILLANO,LU,,I737,55030
9569,409046037,SILLANO GIUNCUGNANO,LU,,,
9570,401003138,SILLAVENGO,NO,,I736,28064
9571,450501540,SILUM MONT'AQUILA,PL,,,
9572,401006162,SILVANO D'ORBA,AL,,I738,15060
9573,403018149,SILVANO PIETRA,PV,,I739,27050
9574,403019615,SILVELLA,CR,,,
9575,413067040,SILVI,TE,,I741,64028
9576,420092575,SIMALA,CA,,I742,09090
9577,420095058,SIMALA,OR,,I742,09090
9578,420095059,SIMAXIS,OR,,I743,09088
9579,420092576,SIMAXIS,CA,,I743,09088
9580,418079567,SIMBARIO,CZ,,I744,89822
9581,418102038,SIMBARIO,VV,,I744,89822
9582,418079133,SIMERI CRICHI,CZ,,I745,88050
9583,406032531,SINADOLE,TS,,,
9584,419083095,SINAGRA,ME,,I747,98069
9585,409052033,SINALUNGA,SI,,A468,53048
9586,420091084,SINDIA,NU,,I748,08018
9587,420092577,SINI,CA,,I749,09090
9588,420095060,SINI,OR,,I749,09090
9589,401004220,SINIO,CN,,I750,12050
9590,420091085,SINISCOLA,NU,,I751,08029
9591,420092080,SINNAI,CA,,I752,09048
9592,418080089,SINOPOLI,RC,,I753,89020
9593,419089017,SIRACUSA,SR,,I754,96100
9594,415063511,SIRICO,NA,,,
9595,415064100,SIRIGNANO,AV,,I756,83020
9596,420092578,SIRIS,CA,,I757,09090
9597,420095061,SIRIS,OR,,I757,09090
9598,403017179,SIRMIONE,BS,,I633,25019
9599,411042048,SIROLO,AN,,I758,60020
9600,403097075,SIRONE,LC,,I759,23844
9601,403013732,SIRONE,CO,,I759,23844
9602,404022174,SIROR,TN,,I760,38054
9603,403097076,SIRTORI,LC,,I761,23896
9604,403013733,SIRTORI,CO,,I761,23896
9605,420092509,SISINI,CA,,,
9606,408034034,SISSA,PR,,I763,43018
9607,408034049,SISSA TRECASALI,PR,,,
9608,420092510,SIURGUS,CA,,,
9609,420092081,SIURGUS DONIGALA,CA,,I765,09040
9610,403017597,SIVIANO,BS,,,
9611,403018150,SIZIANO,PV,,E265,27010
9612,401003139,SIZZANO,NO,,I767,28070
9613,406031595,SLAPPE-ZORZI,GO,,,
9614,404021590,SLINGIA,BZ,,,
9615,406032532,SLIVIA,TS,,,
9616,404021094,SLUDERNO,BZ,,I771,39020
9617,404022175,SMARANO,TN,,I772,38010
9618,450500521,SMERIA,FU,,,
9619,411109039,SMERILLO,FM,,I774,63856
9620,411044070,SMERILLO,AP,,I774,63856
9621,405023081,SOAVE,VR,,I775,37038
9622,415063512,SOCCAVO,NA,,,
9623,406030110,SOCCHIEVE,UD,,I777,33020
9624,420095078,SODDI,OR,,,
9625,408040046,SOGLIANO AL RUBICONE,FO,,I779,47030
9626,408140046,SOGLIANO AL RUBICONE,FC,,I779,47030
9627,416075075,SOGLIANO CAVOUR,LE,,I780,73010
9628,401005107,SOGLIO,AT,,I781,14020
9629,403017180,SOIANO DEL LAGO,BS,,I782,25080
9630,405024101,SOLAGNA,VI,,I783,36020
9631,420092579,SOLANAS,CA,,,
9632,420095510,SOLANAS,OR,,,
9633,419089018,SOLARINO,SR,,I785,96010
9634,403015213,SOLARO,MI,,I786,20020
9635,408039018,SOLAROLO,RA,,I787,48027
9636,403019616,SOLAROLO DEL PERSICO,CR,,,
9637,403019617,SOLAROLO MONASTEROLO,CR,,,
9638,403019096,SOLAROLO RAINERIO,CR,,I790,26030
9639,420092580,SOLARUSSA,CA,,I791,09077
9640,420095062,SOLARUSSA,OR,,I791,09077
9641,403013215,SOLBIATE,CO,,I792,22070
9642,403012121,SOLBIATE ARNO,VA,,I793,21048
9643,403013255,SOLBIATE CON CAGNO,CO,,,
9644,403012122,SOLBIATE OLONA,VA,,I794,21058
9645,401005513,SOLBRITO,AT,,,
9646,407008058,SOLDANO,IM,,I796,18036
9647,420092082,SOLEMINIS,CA,,I797,09040
9648,401006163,SOLERO,AL,,I798,15029
9649,405028087,SOLESINO,PD,,I799,35047
9650,416075076,SOLETO,LE,,I800,73010
9651,403020063,SOLFERINO,MN,,I801,46040
9652,408036044,SOLIERA,MO,,I802,41019
9653,408034035,SOLIGNANO,PR,,I803,43040
9654,415064101,SOLOFRA,AV,,I805,83029
9655,401003595,SOLOGNO,NO,,,
9656,401001564,SOLOMIAC,TO,,,
9657,401006164,SOLONGHELLO,AL,,I808,15020
9658,415062073,SOLOPACA,BN,,I809,82036
9659,403015666,SOLTARICO,MI,,,
9660,403016576,SOLTO,BG,,,
9661,403016200,SOLTO COLLINA,BG,,I812,24060
9662,403016251,SOLZA,BG,,I813,24030
9663,403013643,SOLZAGO,CO,,,
9664,403015752,SOMAGLIA,MI,,I815,26867
9665,403098054,SOMAGLIA,LO,,I815,26867
9666,403013644,SOMANA,CO,,,
9667,401004221,SOMANO,CN,,I817,12060
9668,403016512,SOMBRENO,BG,,,
9669,403016577,SOMENDENNA,BG,,,
9670,403012123,SOMMA LOMBARDO,VA,,I819,21019
9671,415063079,SOMMA VESUVIANA,NA,,I820,80049
9672,405023082,SOMMACAMPAGNA,VR,,I821,37066
9673,401004222,SOMMARIVA DEL BOSCO,CN,,I822,12048
9674,401004223,SOMMARIVA PERNO,CN,,I823,12040
9675,419085019,SOMMATINO,CL,,I824,93019
9676,403018151,SOMMO,PV,,I825,27048
9677,405023083,SONA,VR,,I826,37060
9678,403019097,SONCINO,CR,,I827,26029
9679,403014060,SONDALO,SO,,I828,23035
9680,403014061,SONDRIO,SO,,I829,23100
9681,403016201,SONGAVAZZO,BG,,I830,24020
9682,403017181,SONICO,BS,,I831,25048
9683,412059029,SONNINO,LT,,I832,04010
9684,406031596,SONZIA,GO,,,
9685,404022627,SOPRAMONTE,TN,,,
9686,401096062,SOPRANA,BI,,I835,13834
9687,401002588,SOPRANA,VC,,I835,13834
9688,403017598,SOPRAPONTE,BS,,,
9689,403017599,SOPRAZOCCO,BS,,,
9690,412060074,SORA,FR,,I838,03039
9691,404022176,SORAGA,TN,,I839,38030
9692,404022976,SORAGA DI FASSA,TN,,,
9693,408034036,SORAGNA,PR,,I840,43019
9694,409053026,SORANO,GR,,I841,58010
9695,408040504,SORBANO,FO,,,
9696,418079134,SORBO SAN BASILE,CZ,,I844,88050
9697,415064102,SORBO SERPICO,AV,,I843,83050
9698,408034037,SORBOLO,PR,,I845,43058
9699,408034051,SORBOLO MEZZANI,PR,,,
9700,411041523,SORBOLONGO,PS,,,
9701,401002589,SORDEVOLO,VC,,I847,13817
9702,401096063,SORDEVOLO,BI,,I847,13817
9703,403098055,SORDIO,LO,,I848,26858
9704,403015753,SORDIO,MI,,I848,26858
9705,403019098,SORESINA,CR,,I849,26015
9706,405023084,SORGA',VR,,,
9707,420091086,SORGONO,NU,,I851,08038
9708,407010060,SORI,GE,,I852,16030
9709,418079568,SORIANELLO,CZ,,I853,89831
9710,418102039,SORIANELLO,VV,,I853,89831
9711,418102040,SORIANO CALABRO,VV,,I854,89831
9712,418079569,SORIANO CALABRO,CZ,,I854,89831
9713,412056048,SORIANO NEL CIMINO,VT,,I855,01038
9714,403013216,SORICO,CO,,I856,22010
9715,401003140,SORISO,NO,,I857,28010
9716,403016202,SORISOLE,BG,,I858,24010
9717,401006528,SORLI,AL,,,
9718,403013217,SORMANO,CO,,I860,22030
9719,420092581,SORRADILE,CA,,I861,09080
9720,420095063,SORRADILE,OR,,I861,09080
9721,415063080,SORRENTO,NA,,I862,80067
9722,420090069,SORSO,SS,,I863,07037
9723,419089019,SORTINO,SR,,I864,96010
9724,403019099,SOSPIRO,CR,,I865,26048
9725,405025056,SOSPIROLO,BL,,I866,32037
9726,405024102,SOSSANO,VI,,I867,36040
9727,401096064,SOSTEGNO,BI,,I868,13868
9728,401002590,SOSTEGNO,VC,,I868,13868
9729,403016203,SOTTO IL MONTE GIOVANNI XXIII,BG,,I869,24039
9730,401003596,SOVAZZA,NO,,,
9731,404022177,SOVER,TN,,I871,38048
9732,418079137,SOVERATO,CZ,,I872,88068
9733,403016204,SOVERE,BG,,I873,24060
9734,418079138,SOVERIA MANNELLI,CZ,,I874,88049
9735,418079139,SOVERIA SIMERI,CZ,,I875,88050
9736,405025057,SOVERZENE,BL,,I876,32010
9737,409052034,SOVICILLE,SI,,I877,53018
9738,403108041,SOVICO,MB,,I878,20845
9739,403015216,SOVICO,MI,,I878,20845
9740,405024128,SOVIZZO,VI,,I879,36050
9741,405024103,SOVIZZO,VI,,I879,36050
9742,405025058,SOVRAMONTE,BL,,I673,32030
9743,401003141,SOZZAGO,NO,,I880,28060
9744,419083096,SPADAFORA,ME,,I881,98048
9745,419083509,SPADAFORA SAN MARTINO,ME,,,
9746,419083510,SPADAFORA SAN PIETRO,ME,,,
9747,418079570,SPADOLA,CZ,,I884,89822
9748,418102041,SPADOLA,VV,,I884,89822
9749,415061089,SPARANISE,CE,,I885,81056
9750,401001267,SPARONE,TO,,I886,10080
9751,416075077,SPECCHIA,LE,,I887,73040
9752,410054050,SPELLO,PG,,I888,06038
9753,404022178,SPERA,TN,,I889,38059
9754,405026508,SPERCENIGO,TV,,,
9755,419086017,SPERLINGA,EN,,I891,94010
9756,412059030,SPERLONGA,LT,,I892,04029
9757,415064103,SPERONE,AV,,I893,83020
9758,403018152,SPESSA,PV,,I894,27010
9759,418078142,SPEZZANO ALBANESE,CS,,I895,87019
9760,418078143,SPEZZANO DELLA SILA,CS,,I896,87058
9761,418078505,SPEZZANO GRANDE,CS,,,
9762,418078144,SPEZZANO PICCOLO,CS,,I898,87050
9763,404022179,SPIAZZO,TN,,I899,38088
9764,401006165,SPIGNO MONFERRATO,AL,,I901,15018
9765,412059031,SPIGNO SATURNIA,LT,,I902,04020
9766,408036045,SPILAMBERTO,MO,,I903,41057
9767,406093044,SPILIMBERGO,PN,,I904,33097
9768,406030564,SPILIMBERGO,UD,,I904,33097
9769,418102042,SPILINGA,VV,,I905,89864
9770,418079571,SPILINGA,CZ,,I905,89864
9771,403019100,SPINADESCO,CR,,I906,26020
9772,416110008,SPINAZZOLA,BT,,I907,76014
9773,416072042,SPINAZZOLA,BA,,I907,76014
9774,405027038,SPINEA,VE,,I908,30038
9775,403019101,SPINEDA,CR,,I909,26030
9776,414070076,SPINETE,CB,,I910,86020
9777,401006166,SPINETO SCRIVIA,AL,,I911,15050
9778,411044071,SPINETOLI,AP,,I912,63078
9779,404021591,SPINGA,BZ,,,
9780,403016578,SPINO AL BREMBO,BG,,,
9781,403019102,SPINO D'ADDA,CR,,I914,26016
9782,403016579,SPINONE,BG,,,
9783,403016205,SPINONE AL LAGO,BG,,I916,24060
9784,417076086,SPINOSO,PZ,,I917,85039
9785,403018568,SPIRAGO,PV,,,
9786,403016206,SPIRANO,BG,,I919,24050
9787,401003597,SPOCCIA,NO,,,
9788,410054051,SPOLETO,PG,,I921,06049
9789,413068041,SPOLTORE,PE,,I922,65010
9790,416075078,SPONGANO,LE,,I923,73038
9791,404022180,SPORMAGGIORE,TN,,I924,38010
9792,404022181,SPORMINORE,TN,,I925,38010
9793,407009057,SPOTORNO,SV,,I926,17028
9794,405026082,SPRESIANO,TV,,I927,31027
9795,403014062,SPRIANA,SO,,I928,23020
9796,418079142,SQUILLACE,CZ,,I929,88069
9797,416075079,SQUINZANO,LE,,I930,73018
9798,403016580,STABELLO,BG,,,
9799,411042049,STAFFOLO,AN,,I932,60039
9800,403018569,STAGHIGLIONE,PV,,,
9801,407010528,STAGLIENO,GE,,,
9802,403019103,STAGNO LOMBARDO,CR,,I935,26049
9803,418080090,STAITI,RC,,I936,89030
9804,418079143,STALETTI,CZ,,,
9805,405028088,STANGHELLA,PD,,I938,35048
9806,406031023,STARANZANO,GO,,I939,34079
9807,416073029,STATTE,TA,,M298,74010
9808,404021592,STAVA,BZ,,,
9809,401006167,STAZZANO,AL,,I941,15060
9810,409046030,STAZZEMA,LU,,I942,55040
9811,403013218,STAZZONA,CO,,I943,22010
9812,403013645,STAZZONA-GERMASINO,CO,,,
9813,418079572,STEFANACONI,CZ,,I945,89843
9814,418102043,STEFANACONI,VV,,I945,89843
9815,407009058,STELLA,SV,,I946,17044
9816,415065144,STELLA CILENTO,SA,,G887,84070
9817,407009059,STELLANELLO,SV,,I947,17020
9818,404021095,STELVIO,BZ,,I948,39029
9819,404022182,STENICO,TN,,I949,38070
9820,416075080,STERNATIA,LE,,I950,73010
9821,403016207,STEZZANO,BG,,I951,24040
9822,409051036,STIA,AR,,I952,52017
9823,405029045,STIENTA,RO,,I953,45039
9824,417077027,STIGLIANO,MT,,I954,75018
9825,418080091,STIGNANO,RC,,I955,89040
9826,418080092,STILO,RC,,I956,89049
9827,403019618,STILO DE' MARIANI,CR,,,
9828,404021593,STILVES,BZ,,,
9829,412057066,STIMIGLIANO,RI,,I959,02048
9830,420090089,STINTINO,SS,,M290,07040
9831,415065145,STIO,SA,,I960,84075
9832,406032533,STORIE,TS,,,
9833,416071054,STORNARA,FG,,I962,71047
9834,416071055,STORNARELLA,FG,,I963,71048
9835,404022183,STORO,TN,,I964,38089
9836,405027039,STRA,VE,,I965,30039
9837,403019619,STRACONDOLO,CR,,,
9838,404022628,STRADA,TN,,,
9839,403018153,STRADELLA,PV,,I968,27049
9840,401001268,STRAMBINELLO,TO,,I969,10010
9841,401001269,STRAMBINO,TO,,I970,10019
9842,401001565,STRAMBINO ROMANO,TO,,,
9843,404022629,STRAMENTIZZO,TN,,,
9844,412060075,STRANGOLAGALLI,FR,,I973,03020
9845,404022682,STRAVINO,TN,,,
9846,406030111,STREGNA,UD,,I974,33040
9847,404022184,STREMBO,TN,,I975,38080
9848,401003676,STRESA,NO,,I976,28838
9849,401103064,STRESA,VB,,I976,28838
9850,401006168,STREVI,AL,,I977,15019
9851,415063081,STRIANO,NA,,I978,80040
9852,404022185,STRIGNO,TN,,I979,38059
9853,401096065,STRONA,BI,,I980,13823
9854,401002591,STRONA,VC,,I980,13823
9855,410055031,STRONCONE,TR,,I981,05039
9856,418079573,STRONGOLI,CZ,,I982,88816
9857,418101025,STRONGOLI,KR,,I982,88816
9858,401003598,STROPINO,NO,,,
9859,401002142,STROPPIANA,VC,,I984,13010
9860,401004224,STROPPO,CN,,I985,12020
9861,403016208,STROZZA,BG,,I986,24030
9862,407010529,STRUPPA,GE,,,
9863,404022630,STUMIAGA,TN,,,
9864,406031597,STURIA DELLE FUSINE,GO,,,
9865,415064104,STURNO,AV,,I990,83055
9866,403018154,SUARDI,PV,,B014,27030
9867,409051037,SUBBIANO,AR,,I991,52010
9868,412058103,SUBIACO,RM,,I992,00028
9869,415061090,SUCCIVO,CE,,I993,81030
9870,403097077,SUEGLIO,LC,,I994,23835
9871,403013734,SUEGLIO,CO,,I994,23835
9872,420092083,SUELLI,CA,,I995,09040
9873,403013735,SUELLO,CO,,I996,23867
9874,403097078,SUELLO,LC,,I996,23867
9875,403016209,SUISIO,BG,,I997,24040
9876,403108042,SULBIATE,MB,,I998,20884
9877,403015217,SULBIATE,MI,,I998,20884
9878,403015667,SULBIATE INFERIORE,MI,,,
9879,403015668,SULBIATE SUPERIORE,MI,,,
9880,413066098,SULMONA,AQ,,I804,67039
9881,403017182,SULZANO,BS,,L002,25058
9882,403012124,SUMIRAGO,VA,,L003,21040
9883,415064105,SUMMONTE,AV,,L004,83010
9884,401003599,SUNA,NO,,,
9885,420091087,SUNI,NU,,L006,08010
9886,401003143,SUNO,NO,,L007,28019
9887,416075081,SUPERSANO,LE,,L008,73040
9888,412060076,SUPINO,FR,,L009,03019
9889,416075082,SURANO,LE,,L010,73030
9890,416075083,SURBO,LE,,L011,73010
9891,401001270,SUSA,TO,,L013,10059
9892,404022631,SUSA',TN,,,
9893,405026083,SUSEGANA,TV,,L014,31058
9894,403020064,SUSTINENTE,MN,,L015,46030
9895,419085020,SUTERA,CL,,L016,93010
9896,412056049,SUTRI,VT,,L017,01015
9897,406030112,SUTRIO,UD,,L018,33020
9898,409049020,SUVERETO,LI,,L019,57028
9899,403020065,SUZZARA,MN,,L020,46029
9900,404021594,TABLA,BZ,,,
9901,403097079,TACENO,LC,,L022,23837
9902,403013736,TACENO,CO,,L022,23837
9903,420092582,TADASUNI,CA,,L023,09080
9904,420095064,TADASUNI,OR,,L023,09080
9905,407008059,TAGGIA,IM,,L024,18018
9906,413066099,TAGLIACOZZO,AQ,,L025,67069
9907,405029046,TAGLIO DI PO,RO,,L026,45019
9908,401006169,TAGLIOLO MONFERRATO,AL,,L027,15070
9909,401006529,TAGLIOLO-BELFORTE,AL,,,
9910,403016581,TAGLIUNO,BG,,,
9911,405025059,TAIBON AGORDINO,BL,,L030,32027
9912,403015669,TAINATE,MI,,,
9913,403012125,TAINO,VA,,L032,21020
9914,404022186,TAIO,TN,,L033,38012
9915,406030113,TAIPANA,UD,,G736,33040
9916,408099027,TALAMELLO,RN,,L034,47867
9917,411041063,TALAMELLO,PS,,L034,47867
9918,411141063,TALAMELLO,PU,,L034,47867
9919,403014063,TALAMONA,SO,,L035,23018
9920,420091088,TALANA,NU,,L036,08040
9921,403016210,TALEGGIO,BG,,L037,24010
9922,409051038,TALLA,AR,,L038,52010
9923,406030114,TALMASSONS,UD,,L039,33030
9924,405025060,TAMBRE,BL,,L040,32010
9925,404021595,TANAS,BZ,,,
9926,419083097,TAORMINA,ME,,L042,98039
9927,401003600,TAPIGLIANO,NO,,,
9928,406030115,TAPOGLIANO,UD,,,
9929,401003601,TAPPIA,NO,,,
9930,412057067,TARANO,RI,,L046,02040
9931,413069089,TARANTA PELIGNA,CH,,L047,66018
9932,401004225,TARANTASCA,CN,,L048,12020
9933,416073027,TARANTO,TA,,L049,7412x
9934,406030116,TARCENTO,UD,,L050,33017
9935,404021596,TARCES,BZ,,,
9936,406030520,TARCETTA,UD,,,
9937,406031598,TARNOVA DELLA SELVA,GO,,,
9938,412056050,TARQUINIA,VT,,D024,01016
9939,404021597,TARRES,BZ,,,
9940,418078145,TARSIA,CS,,L055,87040
9941,403014064,TARTANO,SO,,L056,23010
9942,406030117,TARVISIO,UD,,L057,33018
9943,405026084,TARZO,TV,,L058,31020
9944,401006170,TASSAROLO,AL,,L059,15060
9945,404022187,TASSULLO,TN,,L060,38010
9946,415064106,TAURANO,AV,,L061,83020
9947,415064107,TAURASI,AV,,L062,83030
9948,418080093,TAURIANOVA,RC,,L063,89029
9949,416075084,TAURISANO,LE,,L064,73056
9950,406030118,TAVAGNACCO,UD,,L065,33010
9951,401001271,TAVAGNASCO,TO,,L066,10010
9952,409048045,TAVARNELLE VAL DI PESA,FI,,L067,50028
9953,403015670,TAVAZZANO,MI,,,
9954,403015754,TAVAZZANO CON VILLAVESCO,MI,,F260,26838
9955,403098056,TAVAZZANO CON VILLAVESCO,LO,,F260,26838
9956,414070077,TAVENNA,CB,,L069,86030
9957,418079146,TAVERNA,CZ,,L070,88055
9958,403013222,TAVERNERIO,CO,,L071,22038
9959,401001545,TAVERNETTE,TO,,,
9960,403016211,TAVERNOLA BERGAMASCA,BG,,L073,24060
9961,415064508,TAVERNOLA SAN FELICE,AV,,,
9962,403017183,TAVERNOLE SUL MELLA,BS,,C698,25060
9963,416075085,TAVIANO,LE,,L074,73057
9964,401002592,TAVIGLIANO,VC,,L075,13811
9965,401096066,TAVIGLIANO,BI,,L075,13811
9966,404022632,TAVODO,TN,,,
9967,407008537,TAVOLE,IM,,,
9968,411041064,TAVOLETO,PS,,L078,61020
9969,411141064,TAVOLETO,PU,,L078,61020
9970,404022633,TAVON,TN,,,
9971,403013646,TAVORDO,CO,,,
9972,411141065,TAVULLIA,PU,,L081,61010
9973,411041065,TAVULLIA,PS,,L081,61010
9974,417076087,TEANA,PZ,,L082,85032
9975,415061091,TEANO,CE,,L083,81057
9976,415065146,TEGGIANO,SA,,D292,84039
9977,403014065,TEGLIO,SO,,L084,23036
9978,405027040,TEGLIO VENETO,VE,,L085,30025
9979,415062074,TELESE TERME,BN,,L086,82037
9980,403016212,TELGATE,BG,,L087,24060
9981,420090080,TELTI,SS,,L088,07020
9982,404022188,TELVE,TN,,L089,38050
9983,404022189,TELVE DI SOPRA,TN,,L090,38050
9984,404021598,TELVES,BZ,,,
9985,406031599,TEMENIZZA,GO,,,
9986,420090070,TEMPIO PAUSANIA,SS,,L093,07029
9987,403017184,TEMU',BS,,,
9988,401004520,TENDA,CN,,,
9989,404022190,TENNA,TN,,L096,38050
9990,404022191,TENNO,TN,,L097,38060
9991,404021599,TEODONE,BZ,,,
9992,408040505,TEODORANO,FO,,,
9993,405028089,TEOLO,PD,,L100,35037
9994,406030119,TEOR,UD,,L101,33050
9995,415064108,TEORA,AV,,L102,83056
9996,413067041,TERAMO,TE,,L103,64100
9997,401003144,TERDOBBIATE,NO,,L104,28070
9998,412060077,TERELLE,FR,,L105,03040
9999,404021096,TERENTO,BZ,,L106,39030
10000,408034038,TERENZO,PR,,E548,43040
10001,420090086,TERGU,SS,,M282,07030
10002,404022192,TERLAGO,TN,,L107,38070
10003,404021097,TERLANO,BZ,,L108,39018
10004,416072043,TERLIZZI,BA,,L109,70038
10005,419083106,TERME VIGLIATORE,ME,,M210,98050
10006,404022634,TERMENAGO,TN,,,
10007,404021098,TERMENO SULLA STRADA DEL VINO,BZ,,L111,39040
10008,419082070,TERMINI IMERESE,PA,,L112,90018
10009,414070078,TERMOLI,CB,,L113,86039
10010,404022635,TERMON,TN,,,
10011,403012126,TERNATE,VA,,L115,21020
10012,401096067,TERNENGO,BI,,L116,13844
10013,401002593,TERNENGO,VC,,L116,13844
10014,410055032,TERNI,TR,,L117,05100
10015,403016213,TERNO D'ISOLA,BG,,L118,24030
10016,406031600,TERNOVA D'ISONZO,GO,,,
10017,412059032,TERRACINA,LT,,L120,04019
10018,404022193,TERRAGNOLO,TN,,L121,38060
10019,420092583,TERRALBA,CA,,L122,09098
10020,420095065,TERRALBA,OR,,L122,09098
10021,418078146,TERRANOVA DA SIBARI,CS,,L124,87010
10022,403098057,TERRANOVA DEI PASSERINI,LO,,L125,26827
10023,403015755,TERRANOVA DEI PASSERINI,MI,,L125,26827
10024,450500522,TERRANOVA DI BISTERZA,FU,,,
10025,417076088,TERRANOVA DI POLLINO,PZ,,L126,85030
10026,418080094,TERRANOVA SAPPO MINULIO,RC,,L127,89010
10027,409051039,TERRANUOVA BRACCIOLINI,AR,,L123,52028
10028,409045503,TERRAROSSA,MS,,,
10029,403018570,TERRASA,PV,,,
10030,419082071,TERRASINI,PA,,L131,90049
10031,405028090,TERRASSA PADOVANA,PD,,L132,35020
10032,418078506,TERRATI,CS,,,
10033,418078147,TERRAVECCHIA,CS,,L134,87060
10034,403015671,TERRAZZANO,MI,,,
10035,405023085,TERRAZZO,VR,,L136,37040
10036,404022251,TERRE D'ADIGE,TN,,,
10037,408038028,TERRE DEL RENO,FE,,,
10038,411041070,TERRE ROVERESCHE,PS,,,
10039,411141070,TERRE ROVERESCHE,PU,,,
10040,404022194,TERRES,TN,,L137,38010
10041,409050036,TERRICCIOLA,PI,,L138,56030
10042,401006171,TERRUGGIA,AL,,L139,15030
10043,420091089,TERTENIA,NU,,L140,08047
10044,403017600,TERZANO,BS,,,
10045,415063082,TERZIGNO,NA,,L142,80040
10046,401006172,TERZO,AL,,L143,15010
10047,406030120,TERZO DI AQUILEIA,UD,,,
10048,404022195,TERZOLAS,TN,,L145,38027
10049,407008060,TERZORIO,IM,,L146,18010
10050,404022196,TESERO,TN,,L147,38038
10051,404021600,TESIDO,BZ,,,
10052,404021099,TESIMO,BZ,,L149,39010
10053,412056051,TESSENNANO,VT,,L150,01010
10054,415063513,TESTACCIO D'ISCHIA,NA,,,
10055,407009060,TESTICO,SV,,L152,17020
10056,420091090,TETI,NU,,L153,08030
10057,420092084,TEULADA,CA,,L154,09019
10058,415061092,TEVEROLA,CE,,L155,81030
10059,405024104,TEZZE SUL BRENTA,VI,,L156,36056
10060,405024105,THIENE,VI,,L157,36016
10061,420090071,THIESI,SS,,L158,07047
10062,401001566,THURES,TO,,,
10063,420091091,TIANA,NU,,L160,08020
10064,404022636,TIARNO,TN,,,
10065,404022197,TIARNO DI SOPRA,TN,,,
10066,404022198,TIARNO DI SOTTO,TN,,,
10067,403019104,TICENGO,CR,,L164,26020
10068,401006173,TICINETO,AL,,L165,15040
10069,416075086,TIGGIANO,LE,,L166,73030
10070,407010061,TIGLIETO,GE,,L167,16010
10071,401005108,TIGLIOLE,AT,,L168,14016
10072,403017185,TIGNALE,BS,,L169,25080
10073,404022683,TIGNERONE,TN,,,
10074,403017601,TIMOLINE,BS,,,
10075,401001567,TINA,TO,,,
10076,420091092,TINNURA,NU,,L172,08010
10077,413066100,TIONE DEGLI ABRUZZI,AQ,,L173,67020
10078,404022199,TIONE DI TRENTO,TN,,L174,38079
10079,403014066,TIRANO,SO,,L175,23037
10080,404021100,TIRES,BZ,,L176,39050
10081,418079147,TIRIOLO,CZ,,L177,88056
10082,404021101,TIROLO,BZ,,L178,39019
10083,404021601,TISO,BZ,,,
10084,420090072,TISSI,SS,,L180,07040
10085,417076089,TITO,PZ,,L181,85050
10086,412058104,TIVOLI,RM,,L182,00019
10087,408034039,TIZZANO VAL PARMA,PR,,L183,43028
10088,408035041,TOANO,RE,,L184,42010
10089,415062075,TOCCO CAUDIO,BN,,L185,82030
10090,413068042,TOCCO DA CASAURIA,PE,,L186,65028
10091,401103065,TOCENO,VB,,L187,28858
10092,401003677,TOCENO,NO,,L187,28858
10093,410054052,TODI,PG,,L188,06059
10094,412057068,TOFFIA,RI,,L189,02039
10095,407009061,TOIRANO,SV,,L190,17055
10096,411043053,TOLENTINO,MC,,L191,62029
10097,412058105,TOLFA,RM,,L192,00059
10098,401002594,TOLLEGNO,VC,,L193,13818
10099,401096068,TOLLEGNO,BI,,L193,13818
10100,413069090,TOLLO,CH,,L194,66010
10101,406030121,TOLMEZZO,UD,,L195,33028
10102,406031601,TOLMINO,GO,,,
10103,417076090,TOLVE,PZ,,L197,85017
10104,406032534,TOMADIO,TS,,,
10105,405028091,TOMBOLO,PD,,L199,35019
10106,404022200,TON,TN,,L200,38010
10107,404022201,TONADICO,TN,,L201,38054
10108,420091093,TONARA,NU,,L202,08039
10109,401005109,TONCO,AT,,L203,14039
10110,401005110,TONENGO,AT,,L204,14023
10111,405024106,TONEZZA DEL CIMONE,VI,,D717,36040
10112,415061093,TORA E PICCILLI,CE,,L205,81044
10113,418078148,TORANO CASTELLO,CS,,L206,87010
10114,413067042,TORANO NUOVO,TE,,L207,64010
10115,403012586,TORBA,VA,,,
10116,403017602,TORBIATO,BS,,,
10117,403017186,TORBOLE CASAGLIA,BS,,L210,25030
10118,404022202,TORCEGNO,TN,,L211,38050
10119,415065147,TORCHIARA,SA,,L212,84076
10120,416074018,TORCHIAROLO,BR,,L213,72020
10121,415064109,TORELLA DEI LOMBARDI,AV,,L214,83057
10122,414070079,TORELLA DEL SANNIO,CB,,L215,86028
10123,410054053,TORGIANO,PG,,L216,06089
10124,402007067,TORGNON,AO,,L217,11020
10125,401001272,TORINO,TO,,L219,10100
10126,413069091,TORINO DI SANGRO,CH,,L218,66020
10127,416072044,TORITTO,BA,,L220,70020
10128,403019105,TORLINO VIMERCATI,CR,,L221,26017
10129,403015672,TORMO,MI,,,
10130,401003146,TORNACO,NO,,L223,28070
10131,413069092,TORNARECCIO,CH,,L224,66046
10132,403019106,TORNATA,CR,,L225,26030
10133,403012587,TORNAVENTO,VA,,,
10134,413066101,TORNIMPARTE,AQ,,L227,67049
10135,403013223,TORNO,CO,,L228,22020
10136,408034040,TORNOLO,PR,,L229,43059
10137,414070080,TORO,CB,,L230,86018
10138,420091094,TORPE',NU,,,
10139,404022637,TORRA,TN,,,
10140,415065148,TORRACA,SA,,L233,84030
10141,403018571,TORRADELLO,PV,,,
10142,420090073,TORRALBA,SS,,L235,07048
10143,407008538,TORRAZZA,IM,,,
10144,403018155,TORRAZZA COSTE,PV,,L237,27050
10145,401001273,TORRAZZA PIEMONTE,TO,,L238,10037
10146,401002595,TORRAZZO,VC,,L239,13884
10147,401096069,TORRAZZO,BI,,L239,13884
10148,415063083,TORRE ANNUNZIATA,NA,,L245,80058
10149,403018572,TORRE BERETTI,PV,,,
10150,403018156,TORRE BERETTI E CASTELLARO,PV,,L250,27030
10151,403016214,TORRE BOLDONE,BG,,L251,24020
10152,401004226,TORRE BORMIDA,CN,,L252,12050
10153,412060078,TORRE CAJETANI,FR,,L243,03010
10154,401001274,TORRE CANAVESE,TO,,L247,10010
10155,403019620,TORRE D'ANGIOLINI,CR,,,
10156,403018157,TORRE D'ARESE,PV,,L256,27010
10157,403016594,TORRE DE' BUSI,BG,,L257,23806
10158,403016215,TORRE DE' BUSI,BG,,L257,23806
10159,403097080,TORRE DE' BUSI,LC,,L257,23806
10160,413068043,TORRE DE' PASSERI,PE,,L263,65029
10161,403019107,TORRE DE' PICENARDI,CR,,L258,26038
10162,401006530,TORRE DE' RATTI,AL,,,
10163,403016216,TORRE DE' ROVERI,BG,,L265,24060
10164,403018575,TORRE DE' TORTI,PV,,,
10165,403018158,TORRE DEI NEGRI,PV,,,
10166,415063084,TORRE DEL GRECO,NA,,L259,80059
10167,403018573,TORRE DEL MANGANO,PV,,,
10168,403018574,TORRE DEL MONTE,PV,,,
10169,405027041,TORRE DI MOSTO,VE,,L267,30020
10170,411044520,TORRE DI PALME,AP,,,
10171,418079148,TORRE DI RUGGIERO,CZ,,L240,88060
10172,403014067,TORRE DI SANTA MARIA,SO,,L244,23020
10173,403018159,TORRE D'ISOLA,PV,,L269,27020
10174,415064110,TORRE LE NOCELLE,AV,,L272,83030
10175,401004227,TORRE MONDOVI',CN,,,
10176,415065149,TORRE ORSAIA,SA,,L274,84077
10177,410055513,TORRE ORSINA,TR,,,
10178,403016217,TORRE PALLAVICINA,BG,,L276,24050
10179,401001275,TORRE PELLICE,TO,,L277,10066
10180,401004228,TORRE SAN GIORGIO,CN,,L278,12030
10181,411041524,TORRE SAN MARCO,PS,,,
10182,411044072,TORRE SAN PATRIZIO,AP,,L279,63814
10183,411109040,TORRE SAN PATRIZIO,FM,,L279,63814
10184,416074019,TORRE SANTA SUSANNA,BR,,L280,72028
10185,401004521,TORRE UZZONE,CN,,,
10186,406030122,TORREANO,UD,,L246,33040
10187,405024107,TORREBELVICINO,VI,,L248,36036
10188,413069093,TORREBRUNA,CH,,L253,66050
10189,415062076,TORRECUSO,BN,,L254,82030
10190,405028092,TORREGLIA,PD,,L270,35038
10191,419083098,TORREGROTTA,ME,,L271,98040
10192,416071056,TORREMAGGIORE,FG,,L273,71017
10193,419083108,TORRENOVA,ME,,M286,98070
10194,401004229,TORRESINA,CN,,L281,12070
10195,419082072,TORRETTA,PA,,L282,90040
10196,403018160,TORREVECCHIA PIA,PV,,L285,27010
10197,413069094,TORREVECCHIA TEATINA,CH,,L284,66010
10198,405023086,TORRI DEL BENACO,VR,,L287,37010
10199,405024108,TORRI DI QUARTESOLO,VI,,L297,36040
10200,412057070,TORRI IN SABINA,RI,,L286,02049
10201,407008539,TORRIA,IM,,,
10202,408040524,TORRIANA,FO,,I550,47825
10203,408099019,TORRIANA,RN,,I550,47825
10204,403018576,TORRIANO,PV,,,
10205,412060079,TORRICE,FR,,L290,03020
10206,416073028,TORRICELLA,TA,,L294,74020
10207,403019108,TORRICELLA DEL PIZZO,CR,,L296,26040
10208,412057069,TORRICELLA IN SABINA,RI,,L293,02030
10209,413069095,TORRICELLA PELIGNA,CH,,L291,66019
10210,413067043,TORRICELLA SICURA,TE,,L295,64010
10211,403018161,TORRICELLA VERZATE,PV,,L292,27050
10212,407010062,TORRIGLIA,GE,,L298,16029
10213,408034041,TORRILE,PR,,L299,43056
10214,403018577,TORRINO,PV,,,
10215,415064111,TORRIONI,AV,,L301,83010
10216,409052035,TORRITA DI SIENA,SI,,L303,53049
10217,412058106,TORRITA TIBERINA,RM,,L302,00060
10218,420091095,TORTOLI',NU,,,
10219,401006174,TORTONA,AL,,L304,15057
10220,418078149,TORTORA,CS,,L305,87020
10221,415065150,TORTORELLA,SA,,L306,84030
10222,413067044,TORTORETO,TE,,L307,64018
10223,419083099,TORTORICI,ME,,L308,98078
10224,406030123,TORVISCOSA,UD,,L309,33050
10225,403017603,TOSCOLANO,BS,,,
10226,403017187,TOSCOLANO MADERNO,BS,,,
10227,404022638,TOSS,TN,,,
10228,413067045,TOSSICIA,TE,,L314,64049
10229,403014068,TOVO DI SANT'AGATA,SO,,L316,23030
10230,407009062,TOVO SAN GIACOMO,SV,,L315,17020
10231,419082073,TRABIA,PA,,L317,90019
10232,403016582,TRABUCHELLO,BG,,,
10233,403012127,TRADATE,VA,,L319,21049
10234,401003602,TRAFFIUME,NO,,,
10235,420092584,TRAMATZA,CA,,L321,09070
10236,420095066,TRAMATZA,OR,,L321,09070
10237,404022203,TRAMBILENO,TN,,L322,38068
10238,415065151,TRAMONTI,SA,,L323,84010
10239,406030565,TRAMONTI DI SOPRA,UD,,L324,33090
10240,406093045,TRAMONTI DI SOPRA,PN,,L324,33090
10241,406093046,TRAMONTI DI SOTTO,PN,,L325,33090
10242,406030566,TRAMONTI DI SOTTO,UD,,L325,33090
10243,417076091,TRAMUTOLA,PZ,,L326,85057
10244,401001276,TRANA,TO,,L327,10090
10245,416072045,TRANI,BA,,L328,76125
10246,416110009,TRANI,BT,,L328,76125
10247,404022204,TRANSACQUA,TN,,L329,38054
10248,403014069,TRAONA,SO,,L330,23019
10249,419081021,TRAPANI,TP,,L331,91100
10250,419082074,TRAPPETO,PA,,L332,90040
10251,401103066,TRAREGO-VIGGIONA,VB,,,
10252,413066102,TRASACCO,AQ,,L334,67059
10253,406030124,TRASAGHIS,UD,,L335,33010
10254,401103067,TRASQUERA,VB,,L336,28868
10255,401003678,TRASQUERA,NO,,L336,28868
10256,420092085,TRATALIAS,CA,,L337,09010
10257,401001277,TRAUSELLA,TO,,L338,10080
10258,403018162,TRAVACO' SICCOMARIO,PV,,,
10259,403017188,TRAVAGLIATO,BS,,L339,25039
10260,403012588,TRAVEDONA,VA,,,
10261,403012128,TRAVEDONA-MONATE,VA,,L342,21028
10262,403013647,TRAVERSA,CO,,,
10263,401001568,TRAVERSE,TO,,,
10264,401001278,TRAVERSELLA,TO,,L345,10080
10265,408034042,TRAVERSETOLO,PR,,L346,43029
10266,401001279,TRAVES,TO,,L340,10070
10267,406030567,TRAVESIO,UD,,L347,33090
10268,406093047,TRAVESIO,PN,,L347,33090
10269,408033043,TRAVO,PC,,L348,29020
10270,404022247,TRE VILLE,TN,,,
10271,405028093,TREBASELEGHE,PD,,L349,35010
10272,403018578,TREBBIANO NIZZA,PV,,,
10273,408033505,TREBECCO,PC,,,
10274,407010530,TREBIANO MAGRA,GE,,,
10275,418078150,TREBISACCE,CS,,L353,87075
10276,408034043,TRECASALI,PR,,L354,43010
10277,415063091,TRECASE,NA,,M280,80040
10278,419087050,TRECASTAGNI,CT,,L355,95039
10279,411042050,TRECASTELLI,AN,,,
10280,401003149,TRECATE,NO,,L356,28069
10281,417076092,TRECCHINA,PZ,,L357,85049
10282,403015673,TRECELLA,MI,,,
10283,405029047,TRECENTA,RO,,L359,45027
10284,403019621,TREDOSSI,CR,,,
10285,408040049,TREDOZIO,FO,,L361,47019
10286,408140049,TREDOZIO,FC,,L361,47019
10287,403015674,TREGASIO,MI,,,
10288,413069096,TREGLIO,CH,,L363,66030
10289,405023087,TREGNAGO,VR,,L364,37039
10290,403013648,TREGOLO,CO,,,
10291,411043054,TREIA,MC,,L366,62010
10292,401004230,TREISO,CN,,L367,12050
10293,403013737,TREMENICO,CO,,L368,23836
10294,403097081,TREMENICO,LC,,L368,23836
10295,419087051,TREMESTIERI ETNEO,CT,,L369,95030
10296,403013649,TREMEZZINA,CO,,,
10297,403013252,TREMEZZINA,CO,,,
10298,403013225,TREMEZZO,CO,,L371,22019
10299,403017189,TREMOSINE,BS,,L372,25010
10300,403017989,TREMOSINE SUL GARDA,BS,,,
10301,403015675,TRENNO,MI,,,
10302,404021602,TRENS,BZ,,,
10303,418078151,TRENTA,CS,,L375,87050
10304,406031602,TRENTA D'ISONZO,GO,,,
10305,415065152,TRENTINARA,SA,,L377,84070
10306,404022205,TRENTO,TN,,L378,3812x
10307,415061094,TRENTOLA-DUCENTA,CE,,L379,81038
10308,403017190,TRENZANO,BS,,L380,25030
10309,406030125,TREPPO CARNICO,UD,,L381,33020
10310,406030126,TREPPO GRANDE,UD,,L382,33010
10311,406030191,TREPPO LIGOSULLO,UD,,,
10312,416075087,TREPUZZI,LE,,L383,73019
10313,409052036,TREQUANDA,SI,,L384,53020
10314,404022206,TRES,TN,,L385,38010
10315,409045015,TRESANA,MS,,L386,54012
10316,405024506,TRESCHE-CONCA,VI,,,
10317,403016218,TRESCORE BALNEARIO,BG,,L388,24069
10318,403019109,TRESCORE CREMASCO,CR,,L389,26017
10319,408038024,TRESIGALLO,FE,,L390,44039
10320,408038030,TRESIGNANA,FE,,,
10321,418080520,TRESILICO,RC,,,
10322,403014070,TRESIVIO,SO,,L392,23020
10323,420095067,TRESNURAGHES,OR,,L393,09079
10324,420091506,TRESNURAGHES,NU,,L393,09079
10325,405024507,TRETTO,VI,,,
10326,403013650,TREVANO,CO,,,
10327,405023088,TREVENZUOLO,VR,,L396,37060
10328,410054054,TREVI,PG,,L397,06039
10329,412060080,TREVI NEL LAZIO,FR,,L398,03010
10330,415064112,TREVICO,AV,,L399,83058
10331,403016219,TREVIGLIO,BG,,L400,24047
10332,405026085,TREVIGNANO,TV,,L402,31040
10333,412058107,TREVIGNANO ROMANO,RM,,L401,00069
10334,401006175,TREVILLE,AL,,L403,15030
10335,403016220,TREVIOLO,BG,,L404,24048
10336,403012589,TREVISAGO,VA,,,
10337,405026086,TREVISO,TV,,L407,31100
10338,403017191,TREVISO BRESCIANO,BS,,L406,25070
10339,403015219,TREZZANO ROSA,MI,,L408,20060
10340,403015220,TREZZANO SUL NAVIGLIO,MI,,L409,20090
10341,403015221,TREZZO SULL'ADDA,MI,,L411,20056
10342,401004231,TREZZO TINELLA,CN,,L410,12050
10343,403019622,TREZZOLASCO,CR,,,
10344,403013226,TREZZONE,CO,,L413,22010
10345,405028094,TRIBANO,PD,,L414,35020
10346,403015222,TRIBIANO,MI,,L415,20067
10347,407010063,TRIBOGNA,GE,,L416,16030
10348,403019502,TRIBURGO,CR,,,
10349,406031603,TRIBUSSA,GO,,,
10350,417077028,TRICARICO,MT,,L418,75019
10351,416075088,TRICASE,LE,,L419,73039
10352,401002147,TRICERRO,VC,,L420,13038
10353,406030127,TRICESIMO,UD,,L421,33019
10354,405025061,TRICHIANA,BL,,L422,32028
10355,420091097,TRIEI,NU,,L423,08040
10356,406032006,TRIESTE,TS,,L424,34100
10357,416072046,TRIGGIANO,BA,,L425,70019
10358,403019110,TRIGOLO,CR,,L426,26018
10359,401004232,TRINITA',CN,,,
10360,420090074,TRINITA' D'AGULTU E VIGNOLA,SS,,,
10361,416110010,TRINITAPOLI,BT,,B915,76015
10362,416071057,TRINITAPOLI,FG,,B915,76015
10363,401002148,TRINO,VC,,L429,13039
10364,407008061,TRIORA,IM,,L430,18010
10365,419083100,TRIPI,ME,,L431,98060
10366,401006176,TRISOBBIO,AL,,L432,15070
10367,405024110,TRISSINO,VI,,L433,36070
10368,403108043,TRIUGGIO,MB,,L434,20844
10369,403015223,TRIUGGIO,MI,,L434,20844
10370,414070081,TRIVENTO,CB,,L435,86029
10371,401096070,TRIVERO,BI,,L436,13835
10372,401002596,TRIVERO,VC,,L436,13835
10373,412060081,TRIVIGLIANO,FR,,L437,03010
10374,406030128,TRIVIGNANO UDINESE,UD,,L438,33050
10375,417076093,TRIVIGNO,PZ,,L439,85018
10376,403018163,TRIVOLZIO,PV,,L440,27020
10377,403015676,TRIVULZA,MI,,,
10378,403015677,TRIVULZINA,MI,,,
10379,401003603,TROBASO,NO,,,
10380,404021102,TRODENA,BZ,,,
10381,404021902,TRODENA NEL PARCO NATURALE,BZ,,L444,39040
10382,401001280,TROFARELLO,TO,,L445,10028
10383,403018579,TROGNANO,PV,,,
10384,416071058,TROIA,FG,,L447,71029
10385,419086018,TROINA,EN,,L448,94018
10386,403018164,TROMELLO,PV,,L449,27020
10387,401003679,TRONTANO,NO,,L450,28859
10388,401103068,TRONTANO,VB,,L450,28859
10389,403012129,TRONZANO LAGO MAGGIORE,VA,,A705,21010
10390,401002150,TRONZANO VERCELLESE,VC,,L451,13049
10391,418102044,TROPEA,VV,,L452,89861
10392,418079574,TROPEA,CZ,,L452,89861
10393,403018165,TROVO,PV,,L453,27020
10394,403015224,TRUCCAZZANO,MI,,L454,20060
10395,404021103,TUBRE,BZ,,L455,39020
10396,404022639,TUENETTO,TN,,,
10397,404022207,TUENNO,TN,,L457,38019
10398,414070082,TUFARA,CB,,L458,86010
10399,413069097,TUFILLO,CH,,L459,66050
10400,415063085,TUFINO,NA,,L460,80030
10401,415064113,TUFO,AV,,L461,83010
10402,416075089,TUGLIE,LE,,L462,73058
10403,420092086,TUILI,CA,,L463,09029
10404,420090075,TULA,SS,,L464,07010
10405,404021603,TUNES,BZ,,,
10406,410054055,TUORO SUL TRASIMENO,PG,,L466,06069
10407,403018580,TURAGO BORDONE,PV,,,
10408,412057071,TURANIA,RI,,G507,02020
10409,403015756,TURANO LODIGIANO,MI,,L469,26828
10410,403098058,TURANO LODIGIANO,LO,,L469,26828
10411,403013227,TURATE,CO,,L470,22078
10412,403015226,TURBIGO,MI,,L471,20029
10413,416072047,TURI,BA,,L472,70010
10414,420092087,TURRI,CA,,L473,09020
10415,406031024,TURRIACO,GO,,L474,34070
10416,413068044,TURRIVALIGNANI,PE,,L475,65020
10417,403015678,TURRO MILANESE,MI,,,
10418,417077029,TURSI,MT,,L477,75028
10419,419083101,TUSA,ME,,L478,98079
10420,412056052,TUSCANIA,VT,,L310,01017
10421,407008540,UBAGA,IM,,,
10422,403016221,UBIALE CLANEZZO,BG,,C789,24010
10423,403012130,UBOLDO,VA,,L480,21040
10424,419083102,UCRIA,ME,,L482,98060
10425,406030129,UDINE,UD,,L483,33100
10426,416075090,UGENTO,LE,,L484,73059
10427,416075091,UGGIANO LA CHIESA,LE,,L485,73020
10428,403013651,UGGIATE,CO,,,
10429,403013256,UGGIATE CON RONAGO,CO,,,
10430,403013228,UGGIATE-TREVANO,CO,,L487,22029
10431,406030521,UGOVIZZA VALBRUNA,UD,,,
10432,420092585,ULA' TIRSO,CA,,,
10433,420095068,ULA' TIRSO,OR,,,
10434,420091098,ULASSAI,NU,,L489,08040
10435,404021104,ULTIMO,BZ,,L490,39016
10436,450501541,UMAGO,PL,,,
10437,410054056,UMBERTIDE,PG,,D786,06019
10438,418079575,UMBRIATICO,CZ,,L492,88823
10439,418101026,UMBRIATICO,KR,,L492,88823
10440,401003604,UNCHIO,NO,,,
10441,403017192,URAGO D'OGLIO,BS,,L494,25030
10442,403017604,URAGO MELLA,BS,,,
10443,420092586,URAS,CA,,L496,09099
10444,420095069,URAS,OR,,L496,09099
10445,405028095,URBANA,PD,,L497,35040
10446,411041066,URBANIA,PS,,L498,61049
10447,411141066,URBANIA,PU,,L498,61049
10448,407009063,URBE,SV,,L499,17048
10449,411141067,URBINO,PU,,L500,61029
10450,411041067,URBINO,PS,,L500,61029
10451,411043055,URBISAGLIA,MC,,L501,62010
10452,403016222,URGNANO,BG,,L502,24059
10453,420090076,URI,SS,,L503,07040
10454,403013652,URIO,CO,,,
10455,414070083,URURI,CB,,L505,86049
10456,420091099,URZULEI,NU,,L506,08040
10457,407010064,USCIO,GE,,L507,16030
10458,420092587,USELLUS,CA,,L508,09090
10459,420095070,USELLUS,OR,,L508,09090
10460,420090077,USINI,SS,,L509,07049
10461,403015679,USMATE,MI,,,
10462,403108044,USMATE VELATE,MB,,L511,20865
10463,403015227,USMATE VELATE,MI,,L511,20865
10464,420092088,USSANA,CA,,L512,09020
10465,420092089,USSARAMANNA,CA,,L513,09020
10466,420091100,USSASSAI,NU,,L514,08040
10467,401001281,USSEAUX,TO,,L515,10060
10468,401001282,USSEGLIO,TO,,L516,10070
10469,411043056,USSITA,MC,,L517,62039
10470,401004522,USSOLO,CN,,,
10471,419082075,USTICA,PA,,L519,90010
10472,406031604,USTIE,GO,,,
10473,420092090,UTA,CA,,L521,09010
10474,409047021,UZZANO,PT,,L522,51010
10475,403018581,VACCARIZZA,PV,,,
10476,418078152,VACCARIZZO ALBANESE,CS,,L524,87060
10477,412057072,VACONE,RI,,L525,02040
10478,413069098,VACRI,CH,,L526,66010
10479,404021105,VADENA,BZ,,L527,39051
10480,407009064,VADO LIGURE,SV,,L528,17047
10481,409046031,VAGLI SOTTO,LU,,L533,55030
10482,409048046,VAGLIA,FI,,L529,50036
10483,401005514,VAGLIERANO,AT,,,
10484,417076094,VAGLIO BASILICATA,PZ,,L532,85010
10485,401005111,VAGLIO SERRA,AT,,L531,14049
10486,401003605,VAGNA,NO,,,
10487,409048514,VAIANO,FI,,L537,59021
10488,409100006,VAIANO,PO,,L537,59021
10489,403019111,VAIANO CREMASCO,CR,,L535,26010
10490,403015680,VAIANO VALLE,MI,,,
10491,401001283,VAIE,TO,,L538,10050
10492,403019112,VAILATE,CR,,L539,26019
10493,403019623,VAIRANO CREMASCO,CR,,,
10494,415061095,VAIRANO PATENORA,CE,,L540,81058
10495,403018582,VAIRANO PAVESE,PV,,,
10496,406093052,VAJONT,PN,,M265,33080
10497,406030568,VAJONT,UD,,M265,33080
10498,403016253,VAL BREMBILLA,BG,,,
10499,401001284,VAL DELLA TORRE,TO,,L555,10040
10500,401001317,VAL DI CHY,TO,,,
10501,403018166,VAL DI NIZZA,PV,,L562,27050
10502,404021107,VAL DI VIZZE,BZ,,L564,39049
10503,405025073,VAL DI ZOLDO,BL,,,
10504,405024123,VAL LIONA,VI,,,
10505,403012590,VAL MARCHIROLO,VA,,,
10506,403014074,VAL MASINO,SO,,L638,23010
10507,403013233,VAL REZZO,CO,,H259,22010
10508,450500525,VAL SANTAMARINA,FU,,,
10509,404021604,VALAS,BZ,,,
10510,403016223,VALBONDIONE,BG,,L544,24020
10511,403016224,VALBREMBO,BG,,L545,24030
10512,405024125,VALBRENTA,VI,,,
10513,407010065,VALBREVENNA,GE,,L546,16010
10514,403013229,VALBRONA,CO,,L547,22039
10515,401001318,VALCHIUSA,TO,,,
10516,401001569,VALCHIUSELLA,TO,,,
10517,404022208,VALDA,TN,,L550,38030
10518,405024111,VALDAGNO,VI,,L551,36078
10519,404022232,VALDAONE,TN,,,
10520,404021106,VALDAORA,BZ,,L552,39030
10521,450501542,VALDARSA,PL,,,
10522,405024112,VALDASTICO,VI,,L554,36040
10523,401002597,VALDENGO,VC,,L556,13855
10524,401096071,VALDENGO,BI,,L556,13855
10525,419081022,VALDERICE,TP,,G319,91019
10526,403014071,VALDIDENTRO,SO,,L557,23038
10527,401004233,VALDIERI,CN,,L558,12010
10528,402007504,VALDIGNA D'AOSTA,AO,,,
10529,401096088,VALDILANA,BI,,,
10530,419083103,VALDINA,ME,,L561,98040
10531,403014072,VALDISOTTO,SO,,L563,23030
10532,405026087,VALDOBBIADENE,TV,,L565,31049
10533,401002152,VALDUGGIA,VC,,L566,13018
10534,403018167,VALEGGIO,PV,,L568,27020
10535,405023089,VALEGGIO SUL MINCIO,VR,,L567,37067
10536,412056053,VALENTANO,VT,,L569,01018
10537,401006177,VALENZA,AL,,L570,15048
10538,416072048,VALENZANO,BA,,L571,70010
10539,403098059,VALERA FRATTA,LO,,L572,26859
10540,403015757,VALERA FRATTA,MI,,L572,26859
10541,410054057,VALFABBRICA,PG,,L573,06029
10542,401005112,VALFENERA,AT,,L574,14017
10543,404022209,VALFLORIANA,TN,,L575,38040
10544,411043058,VALFORNACE,MC,,,
10545,403014073,VALFURVA,SO,,L576,23030
10546,403012131,VALGANNA,VA,,L577,21039
10547,401001285,VALGIOIE,TO,,L578,10094
10548,404021605,VALGIOVO,BZ,,,
10549,403016225,VALGOGLIO,BG,,L579,24020
10550,401004234,VALGRANA,CN,,L580,12020
10551,403013738,VALGREGHENTINO,CO,,L581,23857
10552,403097082,VALGREGHENTINO,LC,,L581,23857
10553,402007068,VALGRISENCHE,AO,,L582,11010
10554,419086019,VALGUARNERA CAROPEPE,EN,,L583,94019
10555,405025062,VALLADA AGORDINA,BL,,L584,32020
10556,403016583,VALL'ALTA,BG,,,
10557,401096072,VALLANZENGO,BI,,L586,13847
10558,401002598,VALLANZENGO,VC,,L586,13847
10559,404021606,VALLARGA,BZ,,,
10560,404022210,VALLARSA,TN,,L588,38060
10561,415064114,VALLATA,AV,,L589,83059
10562,415061096,VALLE AGRICOLA,CE,,L594,81010
10563,404021108,VALLE AURINA,BZ,,L595,39030
10564,401103079,VALLE CANNOBINA,VB,,,
10565,413067046,VALLE CASTELLANA,TE,,L597,64010
10566,415065153,VALLE DELL'ANGELO,SA,,G540,84070
10567,405025063,VALLE DI CADORE,BL,,L590,32040
10568,404021109,VALLE DI CASIES,BZ,,L601,39030
10569,415061097,VALLE DI MADDALONI,CE,,L591,81020
10570,450501543,VALLE D'ISTRIA,PL,,,
10571,403015681,VALLE GUIDINO,MI,,,
10572,403018168,VALLE LOMELLINA,PV,,L593,27020
10573,401096073,VALLE MOSSO,BI,,L606,13825
10574,401002599,VALLE MOSSO,VC,,L606,13825
10575,403018169,VALLE SALIMBENE,PV,,L617,27010
10576,404022640,VALLE SAN FELICE,TN,,,
10577,413067501,VALLE SAN GIOVANNI,TE,,,
10578,401002600,VALLE SAN NICOLAO,VC,,L620,13847
10579,401096074,VALLE SAN NICOLAO,BI,,L620,13847
10580,404021609,VALLE SAN SILVESTRO,BZ,,,
10581,401002525,VALLE SUPERIORE MOSSO,VC,,,
10582,407008062,VALLEBONA,IM,,L596,18012
10583,412060082,VALLECORSA,FR,,L598,03020
10584,407008063,VALLECROSIA,IM,,L599,18019
10585,407008541,VALLECROSIA CON SAN BIAGIO DELLA CIMA,IM,,,
10586,419082076,VALLEDOLMO,PA,,L603,90029
10587,420090079,VALLEDORIA,SS,,L604,07039
10588,418079151,VALLEFIORITA,CZ,,I322,88050
10589,411141068,VALLEFOGLIA,PU,,,
10590,411041068,VALLEFOGLIA,PS,,,
10591,404022248,VALLELAGHI,TN,,,
10592,418102045,VALLELONGA,VV,,L607,89821
10593,418079576,VALLELONGA,CZ,,L607,89821
10594,404021607,VALLELUNGA,BZ,,,
10595,419085021,VALLELUNGA PRATAMENO,CL,,L609,93010
10596,412060083,VALLEMAIO,FR,,L605,03040
10597,406093501,VALLENONCELLO,PN,,,
10598,406030569,VALLENONCELLO,UD,,,
10599,412058108,VALLEPIETRA,RM,,L611,00020
10600,412056054,VALLERANO,VT,,L612,01030
10601,420092091,VALLERMOSA,CA,,L613,09010
10602,412060084,VALLEROTONDA,FR,,L614,03040
10603,404021608,VALLES,BZ,,,
10604,415064115,VALLESACCARDA,AV,,L616,83050
10605,403016226,VALLEVE,BG,,L623,24010
10606,405024113,VALLI DEL PASUBIO,VI,,L624,36030
10607,412058109,VALLINFREDA,RM,,L625,00020
10608,403017193,VALLIO,BS,,,
10609,403017999,VALLIO TERME,BS,,L626,25080
10610,415065154,VALLO DELLA LUCANIA,SA,,L628,84078
10611,410054058,VALLO DI NERA,PG,,L627,06040
10612,401001286,VALLO TORINESE,TO,,L629,10070
10613,405024508,VALLONARA,VI,,,
10614,407008542,VALLORIA MARITTIMA,IM,,,
10615,401004235,VALLORIATE,CN,,L631,12010
10616,401006178,VALMACCA,AL,,L633,15040
10617,403013739,VALMADRERA,CO,,L634,23868
10618,403097083,VALMADRERA,LC,,L634,23868
10619,401002526,VALMAGGIA,VC,,,
10620,401004236,VALMALA,CN,,L636,12020
10621,412058110,VALMONTONE,RM,,L639,00038
10622,403013232,VALMOREA,CO,,L640,22070
10623,408034044,VALMOZZOLA,PR,,L641,43050
10624,403016227,VALNEGRA,BG,,L642,24010
10625,402007069,VALPELLINE,AO,,L643,11010
10626,401001287,VALPERGA,TO,,L644,10087
10627,401001570,VALPRATO,TO,,,
10628,401001288,VALPRATO SOANA,TO,,B510,10080
10629,405024509,VALROVINA,VI,,,
10630,408037061,VALSAMOGGIA,BO,,,
10631,402007070,VALSAVARENCHE,AO,,L647,11010
10632,403017605,VALSAVIORE,BS,,,
10633,403016228,VALSECCA,BG,,L649,24030
10634,417077030,VALSINNI,MT,,D513,75029
10635,403013234,VALSOLDA,CO,,C936,22010
10636,405024114,VALSTAGNA,VI,,L650,36020
10637,401103069,VALSTRONA,VB,,L651,28897
10638,401003680,VALSTRONA,NO,,L651,28897
10639,403016584,VALTESSE,BG,,,
10640,410054059,VALTOPINA,PG,,L653,06030
10641,403016229,VALTORTA,BG,,L655,24010
10642,402007071,VALTOURNENCHE,AO,,L654,11028
10643,415065155,VALVA,SA,,L656,84020
10644,403097093,VALVARRONE,LC,,,
10645,406030570,VALVASONE,UD,,L657,33098
10646,406093048,VALVASONE,PN,,L657,33098
10647,406093053,VALVASONE ARZENE,PN,,,
10648,419087052,VALVERDE,CT,,L659,27050
10649,403018170,VALVERDE,PV,,L659,27050
10650,403017194,VALVESTINO,BS,,L468,25080
10651,404021110,VANDOIES,BZ,,L660,39030
10652,404021610,VANDOIES DI SOPRA,BZ,,,
10653,404021611,VANDOIES DI SOTTO,BZ,,,
10654,404021612,VANGA,BZ,,,
10655,403015249,VANZAGHELLO,MI,,L664,20020
10656,403015229,VANZAGO,MI,,L665,20010
10657,401103070,VANZONE CON SAN CARLO,VB,,L666,28879
10658,401003681,VANZONE CON SAN CARLO,NO,,L666,28879
10659,403015230,VAPRIO D'ADDA,MI,,L667,20069
10660,401003153,VAPRIO D'AGOGNA,NO,,L668,28010
10661,401002156,VARALLO,VC,,L669,13019
10662,401003154,VARALLO POMBIA,NO,,L670,28040
10663,404022684,VARANO,TN,,,
10664,403012132,VARANO BORGHI,VA,,L671,21020
10665,408034045,VARANO DE' MELEGARI,PR,,L672,43040
10666,418080095,VARAPODIO,RC,,L673,89010
10667,403012591,VARARO,VA,,,
10668,407009065,VARAZZE,SV,,L675,17019
10669,412057073,VARCO SABINO,RI,,L676,02020
10670,403015231,VAREDO,MI,,L677,20814
10671,403108045,VAREDO,MB,,L677,20814
10672,404022211,VARENA,TN,,L678,38030
10673,401006531,VARENGO,AL,,,
10674,403013740,VARENNA,CO,,L680,23829
10675,403097084,VARENNA,LC,,L680,23829
10676,403012133,VARESE,VA,,L682,21100
10677,407011029,VARESE LIGURE,SP,,L681,19028
10678,401006532,VARGO,AL,,,
10679,407009527,VARIGOTTI,SV,,,
10680,401001289,VARISELLA,TO,,L685,10070
10681,406030130,VARMO,UD,,L686,33030
10682,404021111,VARNA,BZ,,L687,39040
10683,415062509,VARONI,BN,,,
10684,408034046,VARSI,PR,,L689,43049
10685,403018171,VARZI,PV,,L690,27057
10686,401003682,VARZO,NO,,L691,28868
10687,401103071,VARZO,VB,,L691,28868
10688,405025064,VAS,BL,,L692,32030
10689,412056055,VASANELLO,VT,,A701,01030
10690,407008064,VASIA,IM,,L693,18020
10691,404022641,VASIO,TN,,,
10692,403013653,VASSENA,CO,,,
10693,413069099,VASTO,CH,,E372,66054
10694,414070551,VASTOGIRARDI,CB,,L696,86089
10695,414094051,VASTOGIRARDI,IS,,L696,86089
10696,404022212,VATTARO,TN,,L697,38049
10697,401001290,VAUDA CANAVESE,TO,,L698,10070
10698,412057504,VAZIA,RI,,,
10699,418079577,VAZZANO,CZ,,L699,89834
10700,418102046,VAZZANO,VV,,L699,89834
10701,405026088,VAZZOLA,TV,,L700,31028
10702,403012592,VECCANA,VA,,,
10703,409050037,VECCHIANO,PI,,L702,56019
10704,403015232,VEDANO AL LAMBRO,MI,,L704,20854
10705,403108046,VEDANO AL LAMBRO,MB,,L704,20854
10706,403012134,VEDANO OLONA,VA,,L703,21040
10707,403012135,VEDDASCA,VA,,L705,21010
10708,405026089,VEDELAGO,TV,,L706,31050
10709,403016230,VEDESETA,BG,,L707,24010
10710,403015682,VEDUGGIO,MI,,,
10711,403108047,VEDUGGIO CON COLZANO,MB,,L709,20837
10712,403015233,VEDUGGIO CON COLZANO,MI,,L709,20837
10713,405028096,VEGGIANO,PD,,L710,35030
10714,416075092,VEGLIE,LE,,L711,73010
10715,401096075,VEGLIO,BI,,L712,13824
10716,401002601,VEGLIO,VC,,L712,13824
10717,412056056,VEJANO,VT,,L713,01010
10718,403012593,VELATE,VA,,,
10719,403013236,VELESO,CO,,L715,22020
10720,403018172,VELEZZO LOMELLINA,PV,,L716,27020
10721,409047504,VELLANO,PT,,,
10722,407009528,VELLEGO,SV,,,
10723,412058111,VELLETRI,RM,,L719,00049
10724,403018173,VELLEZZO BELLINI,PV,,L720,27010
10725,403017606,VELLO,BS,,,
10726,405024115,VELO D'ASTICO,VI,,L723,36010
10727,405023090,VELO VERONESE,VR,,L722,37030
10728,404021116,VELTURNO,BZ,,L724,39040
10729,414094052,VENAFRO,IS,,L725,86079
10730,414070552,VENAFRO,CB,,L725,86079
10731,401001292,VENARIA REALE,TO,,L727,10078
10732,411044073,VENAROTTA,AP,,L728,63091
10733,401004237,VENASCA,CN,,L729,12020
10734,401001291,VENAUS,TO,,L726,10050
10735,407009066,VENDONE,SV,,L730,17032
10736,403013741,VENDROGNO,CO,,L731,23838
10737,403097085,VENDROGNO,LC,,L731,23838
10738,403012594,VENEGONO,VA,,,
10739,403012136,VENEGONO INFERIORE,VA,,L733,21040
10740,403012137,VENEGONO SUPERIORE,VA,,L734,21040
10741,419083104,VENETICO,ME,,L735,98040
10742,405027042,VENEZIA,VE,,L736,30100
10743,403013238,VENIANO,CO,,L737,22070
10744,417076095,VENOSA,PZ,,L738,85029
10745,408035046,VENTASSO,RE,,,
10746,415064116,VENTICANO,AV,,L739,83030
10747,407008065,VENTIMIGLIA,IM,,L741,18039
10748,419082077,VENTIMIGLIA DI SICILIA,PA,,L740,90020
10749,412059033,VENTOTENE,LT,,L742,04020
10750,406030131,VENZONE,UD,,L743,33010
10751,404021112,VERANO,BZ,,L745,39010
10752,403108048,VERANO BRIANZA,MB,,L744,20843
10753,403015234,VERANO BRIANZA,MI,,L744,20843
10754,401103072,VERBANIA,VB,,L746,2892x
10755,401003683,VERBANIA,NO,,L746,2892x
10756,418078153,VERBICARO,CS,,L747,87020
10757,403013239,VERCANA,CO,,L748,22013
10758,403014075,VERCEIA,SO,,L749,23020
10759,401002158,VERCELLI,VC,,L750,13100
10760,403016595,VERCURAGO,BG,,L751,23808
10761,403097086,VERCURAGO,LC,,L751,23808
10762,403016232,VERDELLINO,BG,,L752,24040
10763,403016233,VERDELLO,BG,,L753,24049
10764,403097091,VERDERIO,LC,,,
10765,403013654,VERDERIO,CO,,,
10766,403013742,VERDERIO INFERIORE,CO,,L755,23879
10767,403097087,VERDERIO INFERIORE,LC,,L755,23879
10768,403097088,VERDERIO SUPERIORE,LC,,L756,23878
10769,403013743,VERDERIO SUPERIORE,CO,,L756,23878
10770,404022642,VERDESINA,TN,,,
10771,401004238,VERDUNO,CN,,L758,12060
10772,407009529,VEREZZI,SV,,,
10773,401003606,VERGANO NOVARESE,NO,,,
10774,408037059,VERGATO,BO,,L762,40038
10775,409046032,VERGEMOLI,LU,,L763,55020
10776,408140050,VERGHERETO,FC,,L764,47028
10777,408040050,VERGHERETO,FO,,L764,47028
10778,403012138,VERGIATE,VA,,L765,21029
10779,403015683,VERGO,MI,,,
10780,403012595,VERGOBBIO,VA,,,
10781,403015235,VERMEZZO,MI,,L768,20080
10782,403015251,VERMEZZO CON ZELO,MI,,,
10783,404022213,VERMIGLIO,TN,,L769,38029
10784,403013656,VERNA,CO,,,
10785,401004239,VERNANTE,CN,,L771,12019
10786,408033044,VERNASCA,PC,,L772,29010
10787,403015236,VERNATE,MI,,L773,20080
10788,407011030,VERNAZZA,SP,,L774,19018
10789,409048515,VERNIO,FI,,L775,59024
10790,409100007,VERNIO,PO,,L775,59024
10791,416075093,VERNOLE,LE,,L776,73029
10792,403017195,VEROLANUOVA,BS,,L777,25028
10793,403017196,VEROLAVECCHIA,BS,,L778,25029
10794,401001293,VEROLENGO,TO,,L779,10038
10795,412060085,VEROLI,FR,,L780,03029
10796,405023091,VERONA,VR,,L781,37100
10797,405023092,VERONELLA,VR,,D193,37040
10798,406031605,VERPOGLIANO,GO,,,
10799,402007072,VERRAYES,AO,,L783,11020
10800,402007073,VERRES,AO,,,
10801,403018174,VERRETTO,PV,,L784,27053
10802,401096076,VERRONE,BI,,L785,13871
10803,401002602,VERRONE,VC,,L785,13871
10804,403018175,VERRUA PO,PV,,L788,27040
10805,401001294,VERRUA SAVOIA,TO,,L787,10020
10806,403018583,VERRUA SICCOMARIO,PV,,,
10807,406031606,VERSA,GO,,,
10808,404021613,VERSCIAGO,BZ,,,
10809,403013657,VERTEMATE,CO,,,
10810,403013242,VERTEMATE CON MINOPRIO,CO,,L792,22070
10811,450501544,VERTENEGLIO,PL,,,
10812,406031607,VERTOIBA IN CAMPI,GO,,,
10813,403016234,VERTOVA,BG,,L795,24029
10814,406031608,VERTOVINO,GO,,,
10815,408099020,VERUCCHIO,RN,,L797,47826
10816,408040525,VERUCCHIO,FO,,L797,47826
10817,401003157,VERUNO,NO,,L798,28010
10818,403014076,VERVIO,SO,,L799,23030
10819,404022214,VERVO',TN,,,
10820,406030132,VERZEGNIS,UD,,L801,33020
10821,407009530,VERZI PIETRA,SV,,,
10822,418079578,VERZINO,CZ,,L802,88819
10823,418101027,VERZINO,KR,,L802,88819
10824,401004240,VERZUOLO,CN,,L804,12039
10825,405028097,VESCOVANA,PD,,L805,35040
10826,403019113,VESCOVATO,CR,,L806,26039
10827,401005113,VESIME,AT,,L807,14059
10828,401003158,VESPOLATE,NO,,L808,28079
10829,407008066,VESSALICO,IM,,L809,18026
10830,405023093,VESTENANOVA,VR,,L810,37030
10831,401001295,VESTIGNE',TO,,,
10832,403017197,VESTONE,BS,,L812,25078
10833,403097089,VESTRENO,LC,,L813,23822
10834,403013744,VESTRENO,CO,,L813,23822
10835,412056057,VETRALLA,VT,,L814,01019
10836,408035042,VETTO,RE,,L815,42020
10837,401004241,VEZZA D'ALBA,CN,,L817,12040
10838,403017198,VEZZA D'OGLIO,BS,,L816,25059
10839,404022215,VEZZANO,TN,,L821,38070
10840,404021614,VEZZANO,BZ,,L821,38070
10841,407011031,VEZZANO LIGURE,SP,,L819,19020
10842,408035043,VEZZANO SUL CROSTOLO,RE,,L820,42030
10843,407009531,VEZZI,SV,,,
10844,407009067,VEZZI PORTIO,SV,,L823,17028
10845,401003607,VEZZO,NO,,,
10846,403019624,VHO,CR,,,
10847,403020066,VIADANA,MN,,L826,46019
10848,403016235,VIADANICA,BG,,L827,24060
10849,419087053,VIAGRANDE,CT,,L828,95029
10850,401005114,VIALE D'ASTI,AT,,,
10851,401001296,VIALFRE',TO,,,
10852,408035044,VIANO,RE,,L831,42030
10853,404022643,VIARAGO,TN,,,
10854,409046033,VIAREGGIO,LU,,L833,55049
10855,401005115,VIARIGI,AT,,L834,14030
10856,418079579,VIBO VALENTIA,CZ,,F537,89900
10857,418102047,VIBO VALENTIA,VV,,F537,89900
10858,415065156,VIBONATI,SA,,L835,84079
10859,412060086,VICALVI,FR,,L836,03030
10860,419082078,VICARI,PA,,L837,90020
10861,409048049,VICCHIO,FI,,L838,50039
10862,401003608,VICENO,NO,,,
10863,405024116,VICENZA,VI,,L840,36100
10864,401001297,VICO CANAVESE,TO,,L548,10080
10865,416071059,VICO DEL GARGANO,FG,,L842,71018
10866,415063086,VICO EQUENSE,NA,,L845,80069
10867,412060087,VICO NEL LAZIO,FR,,L843,03010
10868,401004242,VICOFORTE,CN,,L841,12080
10869,413068045,VICOLI,PE,,L846,65010
10870,401003159,VICOLUNGO,NO,,L847,28060
10871,403012596,VICONAGO,VA,,,
10872,409050038,VICOPISANO,PI,,L850,56010
10873,412058112,VICOVARO,RM,,L851,00029
10874,403015684,VIDARDO,MI,,,
10875,420090082,VIDDALBA,SS,,M259,07030
10876,403019625,VIDICETO CON GURATA,CR,,,
10877,403018176,VIDIGULFO,PV,,L854,27018
10878,403019626,VIDOLASCO,CR,,,
10879,405026090,VIDOR,TV,,L856,31020
10880,401001298,VIDRACCO,TO,,L857,10080
10881,416071060,VIESTE,FG,,L858,71019
10882,417076096,VIETRI DI POTENZA,PZ,,L859,85058
10883,415065157,VIETRI SUL MARE,SA,,L860,84019
10884,403015685,VIGADORE,MI,,,
10885,403018584,VIGALFO,PV,,,
10886,404022644,VIGALZANO,TN,,,
10887,401003684,VIGANELLA,NO,,L864,28841
10888,401103073,VIGANELLA,VB,,L864,28841
10889,403013745,VIGANO',CO,,,
10890,403097090,VIGANO',LC,,,
10891,403015686,VIGANO CERTOSINO,MI,,,
10892,403016236,VIGANO SAN MARTINO,BG,,L865,24060
10893,408038022,VIGARANO MAINARDA,FE,,L868,44049
10894,405023094,VIGASIO,VR,,L869,37068
10895,408034510,VIGATTO,PR,,,
10896,403015687,VIGENTINO,MI,,,
10897,403018177,VIGEVANO,PV,,L872,27029
10898,417076097,VIGGIANELLO,PZ,,L873,85040
10899,417076098,VIGGIANO,PZ,,L874,85059
10900,401003609,VIGGIONA,NO,,,
10901,403012139,VIGGIU',VA,,,
10902,403019627,VIGHIZZOLO,CR,,,
10903,405028098,VIGHIZZOLO D'ESTE,PD,,L878,35040
10904,401096077,VIGLIANO BIELLESE,BI,,L880,13856
10905,401002603,VIGLIANO BIELLESE,VC,,L880,13856
10906,401005116,VIGLIANO D'ASTI,AT,,L879,14040
10907,401006179,VIGNALE MONFERRATO,AL,,L881,15049
10908,412056058,VIGNANELLO,VT,,L882,01039
10909,403015237,VIGNATE,MI,,L883,20060
10910,404022645,VIGNOLA,TN,,L885,41058
10911,408036046,VIGNOLA,MO,,L885,41058
10912,404022216,VIGNOLA-FALESINA,TN,,L886,38057
10913,401006180,VIGNOLE BORBERA,AL,,L887,15060
10914,401004243,VIGNOLO,CN,,L888,12010
10915,401003685,VIGNONE,NO,,L889,28819
10916,401103074,VIGNONE,VB,,L889,28819
10917,404022646,VIGO D'ANAUNIA,TN,,,
10918,405025065,VIGO DI CADORE,BL,,L890,32040
10919,404022217,VIGO DI FASSA,TN,,L893,38039
10920,404022220,VIGO RENDENA,TN,,L903,38080
10921,404022685,VIGO-CAVEDINE,TN,,,
10922,405028099,VIGODARZERE,PD,,L892,35010
10923,403016237,VIGOLO,BG,,L894,24060
10924,404022647,VIGOLO BASELGA,TN,,,
10925,404022219,VIGOLO VATTARO,TN,,L896,38049
10926,404022686,VIGO-LOMASO,TN,,,
10927,408033045,VIGOLZONE,PC,,L897,29020
10928,401001299,VIGONE,TO,,L898,10067
10929,405027043,VIGONOVO,VE,,L899,30030
10930,405028100,VIGONZA,PD,,L900,35010
10931,403015688,VIGONZINO,MI,,,
10932,403018585,VIGONZONE,PV,,,
10933,401006181,VIGUZZOLO,AL,,L904,15058
10934,404022221,VILLA AGNEDO,TN,,L910,38059
10935,404022648,VILLA BANALE,TN,,,
10936,405023095,VILLA BARTOLOMEA,VR,,L912,37049
10937,409046034,VILLA BASILICA,LU,,L913,55019
10938,403018178,VILLA BISCOSSI,PV,,L917,27035
10939,406032506,VILLA CACCIA,TS,,,
10940,403017199,VILLA CARCINA,BS,,L919,25069
10941,416074020,VILLA CASTELLI,BR,,L920,72029
10942,402007505,VILLA CASTELNUOVO,AO,,,
10943,413068046,VILLA CELIERA,PE,,L922,65010
10944,403017607,VILLA COGOZZO,BS,,,
10945,409046035,VILLA COLLEMANDINA,LU,,L926,55030
10946,401005515,VILLA CORSIONE,AT,,,
10947,403015248,VILLA CORTESE,MI,,L928,20020
10948,403016238,VILLA D'ADDA,BG,,L929,24030
10949,405029515,VILLA D'ADIGE,RO,,,
10950,403017608,VILLA D'ALLEGNO,BS,,,
10951,403016239,VILLA D'ALME',BG,,,
10952,450501545,VILLA DECANI,PL,,,
10953,401002604,VILLA DEL BOSCO,VC,,L933,13868
10954,401096078,VILLA DEL BOSCO,BI,,L933,13868
10955,405028101,VILLA DEL CONTE,PD,,L934,35010
10956,450500523,VILLA DEL NEVOSO,FU,,,
10957,415061098,VILLA DI BRIANO,CE,,D801,81030
10958,403014077,VILLA DI CHIAVENNA,SO,,L907,23029
10959,403016240,VILLA DI SERIO,BG,,L936,24020
10960,403014078,VILLA DI TIRANO,SO,,L908,23030
10961,403016241,VILLA D'OGNA,BG,,L938,24020
10962,403012597,VILLA DOSIA,VA,,,
10963,405028102,VILLA ESTENSE,PD,,L937,35040
10964,407008067,VILLA FARALDI,IM,,L943,18010
10965,407008543,VILLA GUARDIA,IM,,L956,22079
10966,403013245,VILLA GUARDIA,CO,,L956,22079
10967,404022222,VILLA LAGARINA,TN,,L957,38060
10968,412060088,VILLA LATINA,FR,,A081,03040
10969,415061099,VILLA LITERNO,CE,,L844,81039
10970,408035045,VILLA MINOZZO,RE,,L969,42030
10971,404021615,VILLA OTTONE,BZ,,,
10972,403015690,VILLA PIZZONE,MI,,,
10973,403020067,VILLA POMA,MN,,F804,46020
10974,403015691,VILLA POMPEIANA,MI,,,
10975,403015692,VILLA RAVERIO,MI,,,
10976,404022223,VILLA RENDENA,TN,,M006,38080
10977,403013659,VILLA ROMANO,CO,,,
10978,403015693,VILLA ROSSA,MI,,,
10979,418080096,VILLA SAN GIOVANNI,RC,,M018,89018
10980,412056046,VILLA SAN GIOVANNI IN TUSCIA,VT,,H913,01010
10981,418080518,VILLA SAN GIUSEPPE,RC,,,
10982,420092099,VILLA SAN PIETRO,CA,,I118,09010
10983,401005119,VILLA SAN SECONDO,AT,,M019,14020
10984,404021616,VILLA SANTA CATERINA,BZ,,,
10985,412060089,VILLA SANTA LUCIA,FR,,L905,03030
10986,413066104,VILLA SANTA LUCIA DEGLI ABRUZZI,AQ,,M021,67020
10987,413069102,VILLA SANTA MARIA,CH,,M022,66047
10988,413066105,VILLA SANT'ANGELO,AQ,,M023,67020
10989,420095048,VILLA SANT'ANTONIO,OR,,I298,09080
10990,406030133,VILLA SANTINA,UD,,L909,33029
10991,412060090,VILLA SANTO STEFANO,FR,,I364,03020
10992,406032536,VILLA SLAVINA,TS,,,
10993,407008544,VILLA TALLA,IM,,,
10994,420092588,VILLA VERDE,CA,,A609,09090
10995,420095073,VILLA VERDE,OR,,A609,09090
10996,403013655,VILLA VERGANO,CO,,,
10997,407008545,VILLA VIANI,IM,,,
10998,406030134,VILLA VICENTINA,UD,,M034,33059
10999,415061509,VILLA VOLTURNO,CE,,,
11000,406032535,VILLABASSA,TS,,L915,39039
11001,404021113,VILLABASSA,BZ,,L915,39039
11002,419082079,VILLABATE,PA,,L916,90039
11003,401006516,VILLABELLA,AL,,,
11004,403017200,VILLACHIARA,BS,,L923,25030
11005,420092092,VILLACIDRO,CA,,L924,09039
11006,401006182,VILLADEATI,AL,,L931,15020
11007,405029048,VILLADOSE,RO,,L939,45010
11008,401103075,VILLADOSSOLA,VB,,L906,28844
11009,401003686,VILLADOSSOLA,NO,,L906,28844
11010,401004244,VILLAFALLETTO,CN,,L942,12020
11011,401005117,VILLAFRANCA D'ASTI,AT,,L945,14018
11012,405023096,VILLAFRANCA DI VERONA,VR,,L949,37069
11013,409045016,VILLAFRANCA IN LUNIGIANA,MS,,L946,54028
11014,405028103,VILLAFRANCA PADOVANA,PD,,L947,35010
11015,401001300,VILLAFRANCA PIEMONTE,TO,,L948,10068
11016,419084043,VILLAFRANCA SICULA,AG,,L944,92020
11017,419083105,VILLAFRANCA TIRRENA,ME,,L950,98049
11018,419082080,VILLAFRATI,PA,,L951,90030
11019,405024117,VILLAGA,VI,,L952,36021
11020,420091101,VILLAGRANDE STRISAILI,NU,,L953,08049
11021,420092511,VILLAGRECA,CA,,,
11022,413066103,VILLALAGO,AQ,,L958,67030
11023,419085022,VILLALBA,CL,,L959,93010
11024,403013658,VILL'ALBESE,CO,,,
11025,413069100,VILLALFONSINA,CH,,L961,66020
11026,403018586,VILLALUNGA,PV,,,
11027,401006183,VILLALVERNIA,AL,,L963,15050
11028,413069101,VILLAMAGNA,CH,,L964,66010
11029,415064117,VILLAMAINA,AV,,L965,83050
11030,420092093,VILLAMAR,CA,,L966,09020
11031,405029049,VILLAMARZANA,RO,,L967,45030
11032,420092094,VILLAMASSARGIA,CA,,L968,09010
11033,401006184,VILLAMIROGLIO,AL,,L970,15020
11034,404022687,VILLAMONTAGNA,TN,,,
11035,404021114,VILLANDRO,BZ,,L971,39040
11036,401096079,VILLANOVA BIELLESE,BI,,L978,13877
11037,401002605,VILLANOVA BIELLESE,VC,,L978,13877
11038,401001301,VILLANOVA CANAVESE,TO,,L982,10070
11039,407009068,VILLANOVA D'ALBENGA,SV,,L975,17038
11040,403018179,VILLANOVA D'ARDENGHI,PV,,L983,27030
11041,401005118,VILLANOVA D'ASTI,AT,,L984,14019
11042,415064118,VILLANOVA DEL BATTISTA,AV,,L973,83030
11043,405029050,VILLANOVA DEL GHEBBO,RO,,L985,45020
11044,403015758,VILLANOVA DEL SILLARO,MI,,L977,26818
11045,403098060,VILLANOVA DEL SILLARO,LO,,L977,26818
11046,405028104,VILLANOVA DI CAMPOSAMPIERO,PD,,L979,35010
11047,405029051,VILLANOVA MARCHESANA,RO,,L988,45030
11048,401004245,VILLANOVA MONDOVI',CN,,,
11049,401006185,VILLANOVA MONFERRATO,AL,,L972,15030
11050,420090078,VILLANOVA MONTELEONE,SS,,L989,07019
11051,401004246,VILLANOVA SOLARO,CN,,L990,12030
11052,408033046,VILLANOVA SULL'ARDA,PC,,L980,29010
11053,420092589,VILLANOVA TRUSCHEDU,CA,,L991,09084
11054,420095071,VILLANOVA TRUSCHEDU,OR,,L991,09084
11055,420091102,VILLANOVA TULO,NU,,L992,08030
11056,403015689,VILLANOVA VIMERCATE,MI,,,
11057,420092095,VILLANOVAFORRU,CA,,L986,09020
11058,420092096,VILLANOVAFRANCA,CA,,L987,09020
11059,401004523,VILLANOVAVETTA,CN,,,
11060,403018180,VILLANTERIO,PV,,L994,27019
11061,403017201,VILLANUOVA SUL CLISI,BS,,L995,25089
11062,420092104,VILLAPERUCCIO,CA,,M278,09010
11063,418078154,VILLAPIANA,CS,,B903,87076
11064,420092097,VILLAPUTZU,CA,,L998,09040
11065,401001303,VILLAR DORA,TO,,L999,10040
11066,401001305,VILLAR FOCCHIARDO,TO,,M007,10050
11067,401001306,VILLAR PELLICE,TO,,M013,10060
11068,401001307,VILLAR PEROSA,TO,,M014,10069
11069,401004247,VILLAR SAN COSTANZO,CN,,M015,12020
11070,401001302,VILLARBASSE,TO,,M002,10090
11071,401002163,VILLARBOIT,VC,,M003,13030
11072,401001304,VILLAREGGIA,TO,,M004,10030
11073,403018587,VILLAREGGIO,PV,,,
11074,415063087,VILLARICCA,NA,,G309,80010
11075,403019628,VILLAROCCA,CR,,,
11076,401006186,VILLAROMAGNANO,AL,,M009,15050
11077,419086020,VILLAROSA,EN,,M011,94010
11078,420092098,VILLASALTO,CA,,M016,09040
11079,403015239,VILLASANTA,MI,,M017,20852
11080,403108049,VILLASANTA,MB,,M017,20852
11081,420092100,VILLASIMIUS,CA,,B738,09049
11082,420092101,VILLASOR,CA,,M025,09034
11083,420092102,VILLASPECIOSA,CA,,M026,09010
11084,401001308,VILLASTELLONE,TO,,M027,10029
11085,401002164,VILLATA,VC,,M028,13010
11086,420095072,VILLAURBANA,OR,,M030,09080
11087,420095972,VILLAURBANA,CA,,M030,09080
11088,413066106,VILLAVALLELONGA,AQ,,M031,67050
11089,405024118,VILLAVERLA,VI,,M032,36030
11090,404022649,VILLAZZANO,TN,,,
11091,404022249,VILLE D'ANAUNIA,TN,,,
11092,404022650,VILLE DEL MONTE,TN,,,
11093,404022254,VILLE DI FIEMME,TN,,,
11094,406031609,VILLE MONTEVECCHIO,GO,,,
11095,407008546,VILLE SAN PIETRO,IM,,,
11096,407008547,VILLE SAN SEBASTIANO,IM,,,
11097,402007074,VILLENEUVE,AO,,L981,11018
11098,406031025,VILLESSE,GO,,M043,34070
11099,413066107,VILLETTA BARREA,AQ,,M041,67030
11100,401103076,VILLETTE,VB,,M042,28856
11101,401003687,VILLETTE,NO,,M042,28856
11102,403020068,VILLIMPENTA,MN,,M044,46039
11103,403016242,VILLONGO,BG,,M045,24060
11104,403016585,VILLONGO SAN FILASTRO,BG,,,
11105,403016586,VILLONGO SANT'ALESSANDRO,BG,,,
11106,405026091,VILLORBA,TV,,M048,31020
11107,403016587,VILMINORE,BG,,,
11108,403016243,VILMINORE DI SCALVE,BG,,M050,24020
11109,403018588,VIMANONE,PV,,,
11110,403108050,VIMERCATE,MB,,M052,20871
11111,403015241,VIMERCATE,MI,,M052,20871
11112,403015242,VIMODRONE,MI,,M053,20090
11113,403013660,VIMOGNO,CO,,,
11114,401004248,VINADIO,CN,,M055,12010
11115,403012598,VINAGO,VA,,,
11116,414070084,VINCHIATURO,CB,,M057,86019
11117,401005120,VINCHIO,AT,,M058,14040
11118,409048050,VINCI,FI,,M059,50059
11119,401001309,VINOVO,TO,,M060,10048
11120,401002527,VINTEBBIO,VC,,,
11121,401003164,VINZAGLIO,NO,,M062,28060
11122,401004249,VIOLA,CN,,M063,12070
11123,404022651,VION,TN,,,
11124,403017202,VIONE,BS,,M065,25050
11125,406031610,VIPACCO,GO,,,
11126,404021115,VIPITENO,BZ,,M067,39049
11127,403020069,VIRGILIO,MN,,H123,46030
11128,401001310,VIRLE PIEMONTE,TO,,M069,10060
11129,403017609,VIRLE TRE PONTI,BS,,,
11130,403017203,VISANO,BS,,M070,25010
11131,401001311,VISCHE,TO,,M071,10030
11132,415063088,VISCIANO,NA,,M072,80030
11133,406030135,VISCO,UD,,M073,33040
11134,450501546,VISIGNANO,PL,,,
11135,450501547,VISINADA,PL,,,
11136,403013661,VISINO,CO,,,
11137,401006187,VISONE,AL,,M077,15010
11138,411043057,VISSO,MC,,M078,62039
11139,403018181,VISTARINO,PV,,M079,27010
11140,401001312,VISTRORIO,TO,,M080,10080
11141,419081023,VITA,TP,,M081,91010
11142,412056059,VITERBO,VT,,M082,01100
11143,412060091,VITICUSO,FR,,M083,03040
11144,412060504,VITICUSO E ACQUAFONDATA,FR,,,
11145,406030571,VITO D'ASIO,UD,,M085,33090
11146,406093049,VITO D'ASIO,PN,,M085,33090
11147,412056060,VITORCHIANO,VT,,M086,01030
11148,403015694,VITTADONE,MI,,,
11149,419088012,VITTORIA,RG,,M088,97019
11150,405026092,VITTORIO VENETO,TV,,M089,31029
11151,413066108,VITTORITO,AQ,,M090,67030
11152,403015243,VITTUONE,MI,,M091,20010
11153,415062077,VITULANO,BN,,M093,82038
11154,415061100,VITULAZIO,CE,,M092,81041
11155,401001313,VIU',TO,,,
11156,406093050,VIVARO,PN,,M096,33099
11157,406030572,VIVARO,UD,,M096,33099
11158,412058113,VIVARO ROMANO,RM,,M095,00020
11159,403018589,VIVENTE,PV,,,
11160,401002606,VIVERONE,VC,,M098,13886
11161,401096080,VIVERONE,BI,,M098,13886
11162,404021617,VIZZE,BZ,,,
11163,419087054,VIZZINI,CT,,M100,95049
11164,403012140,VIZZOLA TICINO,VA,,M101,21010
11165,403015244,VIZZOLO PREDABISSI,MI,,M102,20070
11166,405028105,VO,PD,,,
11167,403017204,VOBARNO,BS,,M104,25079
11168,407010066,VOBBIA,GE,,M105,16010
11169,401002166,VOCCA,VC,,M106,13020
11170,401003610,VOCOGNO E PRESTINONE,NO,,,
11171,405025066,VODO DI CADORE,BL,,,
11172,403018182,VOGHERA,PV,,M109,27058
11173,408038023,VOGHIERA,FE,,M110,44019
11174,401003688,VOGOGNA,NO,,M111,28805
11175,401103077,VOGOGNA,VB,,M111,28805
11176,406031611,VOISSIZZA DI COMENO,GO,,,
11177,404022224,VOLANO,TN,,M113,38060
11178,403012599,VOLDOMINO,VA,,,
11179,415063089,VOLLA,NA,,M115,80040
11180,403019114,VOLONGO,CR,,M116,26030
11181,450500524,VOLOSCA,FU,,,
11182,405026093,VOLPAGO DEL MONTELLO,TV,,M118,31040
11183,403018183,VOLPARA,PV,,M119,27047
11184,401006188,VOLPEDO,AL,,M120,15059
11185,401006189,VOLPEGLINO,AL,,M121,15050
11186,401001314,VOLPIANO,TO,,M122,10088
11187,403020070,VOLTA MANTOVANA,MN,,M125,46049
11188,401006190,VOLTAGGIO,AL,,M123,15060
11189,405025067,VOLTAGO AGORDINO,BL,,M124,32020
11190,409050039,VOLTERRA,PI,,M126,56048
11191,403019115,VOLTIDO,CR,,M127,26030
11192,403012600,VOLTORRE,VA,,,
11193,416071061,VOLTURARA APPULA,FG,,M131,71030
11194,415064119,VOLTURARA IRPINA,AV,,M130,83050
11195,416071062,VOLTURINO,FG,,M132,71030
11196,401001315,VOLVERA,TO,,M133,10040
11197,406031612,VOLZANA,GO,,,
11198,406031613,VOSCHIA,GO,,,
11199,401004250,VOTTIGNASCO,CN,,M136,12020
11200,419081501,XITTA,TP,,,
11201,418102048,ZACCANOPOLI,VV,,M138,89867
11202,418079580,ZACCANOPOLI,CZ,,M138,89867
11203,419087055,ZAFFERANA ETNEA,CT,,M139,95019
11204,418079157,ZAGARISE,CZ,,M140,88050
11205,412058114,ZAGAROLO,RM,,M141,00039
11206,404022225,ZAMBANA,TN,,M142,38010
11207,418079581,ZAMBRONE,CZ,,M143,89868
11208,418102049,ZAMBRONE,VV,,M143,89868
11209,403016244,ZANDOBBIO,BG,,M144,24060
11210,405024119,ZANE',VI,,,
11211,403019629,ZANENGO,CR,,,
11212,403016245,ZANICA,BG,,M147,24050
11213,403019630,ZAPPELLO CON BOLZONE,CR,,,
11214,416071064,ZAPPONETA,FG,,M267,71030
11215,450502502,ZARA,ZA,,,
11216,403018184,ZAVATTARELLO,PV,,M150,27059
11217,403018590,ZAVATTARELLO VALVERDE,PV,,,
11218,403018185,ZECCONE,PV,,M152,27010
11219,420092590,ZEDDIANI,CA,,M153,09070
11220,420095074,ZEDDIANI,OR,,M153,09070
11221,405027509,ZELARINO,VE,,,
11222,403018591,ZELATA,PV,,,
11223,403013246,ZELBIO,CO,,M156,22020
11224,403013662,ZELBIO VELESO,CO,,,
11225,403015759,ZELO BUON PERSICO,MI,,M158,26839
11226,403098061,ZELO BUON PERSICO,LO,,M158,26839
11227,403015695,ZELO FORAMAGNO,MI,,,
11228,403015246,ZELO SURRIGONE,MI,,M160,20080
11229,403018186,ZEME,PV,,M161,27030
11230,403018187,ZENEVREDO,PV,,M162,27049
11231,405026094,ZENSON DI PIAVE,TV,,M163,31050
11232,420092591,ZEPPARA,CA,,,
11233,420095511,ZEPPARA,OR,,,
11234,408033047,ZERBA,PC,,M165,29020
11235,403018188,ZERBO,PV,,M166,27017
11236,403018189,ZERBOLO',PV,,,
11237,420092592,ZERFALIU,CA,,M168,09070
11238,420095075,ZERFALIU,OR,,M168,09070
11239,409045017,ZERI,MS,,M169,54029
11240,405024120,ZERMEGHEDO,VI,,M170,36050
11241,405026095,ZERO BRANCO,TV,,M171,31059
11242,405023097,ZEVIO,VR,,M172,37059
11243,404022226,ZIANO DI FIEMME,TN,,M173,38030
11244,408033048,ZIANO PIACENTINO,PC,,L848,29010
11245,408034048,ZIBELLO,PR,,M174,43010
11246,403018592,ZIBIDO AL LAMBRO,PV,,,
11247,403015247,ZIBIDO SAN GIACOMO,MI,,M176,20080
11248,407011032,ZIGNAGO,SP,,M177,19020
11249,405023098,ZIMELLA,VR,,M178,37040
11250,401096081,ZIMONE,BI,,M179,13887
11251,401002607,ZIMONE,VC,,M179,13887
11252,403018190,ZINASCO,PV,,M180,27030
11253,403015696,ZIVIDO,MI,,,
11254,407010067,ZOAGLI,GE,,M182,16030
11255,408036047,ZOCCA,MO,,M183,41059
11256,403016246,ZOGNO,BG,,M184,24019
11257,408037060,ZOLA PREDOSA,BO,,M185,40069
11258,405025068,ZOLDO ALTO,BL,,I345,32010
11259,406031614,ZOLLA,GO,,,
11260,416075094,ZOLLINO,LE,,M187,73010
11261,403017205,ZONE,BS,,M188,25050
11262,405025069,ZOPPE' DI CADORE,BL,,,
11263,406093051,ZOPPOLA,PN,,M190,33080
11264,406030573,ZOPPOLA,UD,,M190,33080
11265,403015697,ZORLESCO,MI,,,
11266,401003611,ZORNASCO,NO,,,
11267,403016588,ZORZINO,BG,,,
11268,405024121,ZOVENCEDO,VI,,M194,36020
11269,401003612,ZOVERALLO,NO,,,
11270,401002608,ZUBIENA,VC,,M196,13888
11271,401096082,ZUBIENA,BI,,M196,13888
11272,407009069,ZUCCARELLO,SV,,M197,17039
11273,404022227,ZUCLO,TN,,M198,38079
11274,405024122,ZUGLIANO,VI,,M199,36030
11275,406030136,ZUGLIO,UD,,M200,33020
11276,401096083,ZUMAGLIA,BI,,M201,13848
11277,401002609,ZUMAGLIA,VC,,M201,13848
11278,418078155,ZUMPANO,CS,,M202,87040
11279,415064120,ZUNGOLI,AV,,M203,83030
11280,418102050,ZUNGRI,VV,,M204,89867
11281,418079582,ZUNGRI,CZ,,M204,89867
11282,403015698,ZUNICO,MI,,,
11283,420092593,ZURI,CA,,,
11284,420095512,ZURI,OR,,,
